paths,chexpert_labels
"/home/michel/data/Text2Image/mimicxr_train_100/_val_e46_generate_text_top0.85r,edit/No acute cardiopulmonary process. Unremarkable chest radiographic examination/rank_0_000000_fr0.0_cr1.00edit.png","{'Atelectasis': 0, 'Cardiomegaly': 0, 'Consolidation': 0, 'Edema': 0, 'Enlarged Cardiomediastinum': 0, 'Fracture': 0, 'Lung Lesion': 0, 'Lung Opacity': 0, 'No Finding': 1, 'Pleural Effusion': 0, 'Pleural Other': 0, 'Pneumonia': 0, 'Pneumothorax': 0, 'Support Devices': 0}"
"/home/michel/data/Text2Image/mimicxr_train_100/_val_e46_generate_text_top0.85r,edit/No acute cardiopulmonary process. Unremarkable chest radiographic examination/rank_0_000000_fr0.0_cr1.01edit.png","{'Atelectasis': 0, 'Cardiomegaly': 0, 'Consolidation': 0, 'Edema': 0, 'Enlarged Cardiomediastinum': 0, 'Fracture': 0, 'Lung Lesion': 0, 'Lung Opacity': 0, 'No Finding': 1, 'Pleural Effusion': 0, 'Pleural Other': 0, 'Pneumonia': 0, 'Pneumothorax': 0, 'Support Devices': 0}"
"/home/michel/data/Text2Image/mimicxr_train_100/_val_e46_generate_text_top0.85r,edit/No acute cardiopulmonary process. Unremarkable chest radiographic examination/rank_0_000000_fr0.0_cr1.02edit.png","{'Atelectasis': 0, 'Cardiomegaly': 0, 'Consolidation': 0, 'Edema': 0, 'Enlarged Cardiomediastinum': 0, 'Fracture': 0, 'Lung Lesion': 0, 'Lung Opacity': 0, 'No Finding': 1, 'Pleural Effusion': 0, 'Pleural Other': 0, 'Pneumonia': 0, 'Pneumothorax': 0, 'Support Devices': 0}"
"/home/michel/data/Text2Image/mimicxr_train_100/_val_e46_generate_text_top0.85r,edit/No acute cardiopulmonary process. Unremarkable chest radiographic examination/rank_0_000000_fr0.0_cr1.03edit.png","{'Atelectasis': 0, 'Cardiomegaly': 0, 'Consolidation': 0, 'Edema': 0, 'Enlarged Cardiomediastinum': 0, 'Fracture': 0, 'Lung Lesion': 0, 'Lung Opacity': 0, 'No Finding': 1, 'Pleural Effusion': 0, 'Pleural Other': 0, 'Pneumonia': 0, 'Pneumothorax': 0, 'Support Devices': 0}"
"/home/michel/data/Text2Image/mimicxr_train_100/_val_e46_generate_text_top0.85r,edit/No acute cardiopulmonary process. Unremarkable chest radiographic examination/rank_0_000000_fr0.0_cr1.04edit.png","{'Atelectasis': 0, 'Cardiomegaly': 0, 'Consolidation': 0, 'Edema': 0, 'Enlarged Cardiomediastinum': 0, 'Fracture': 0, 'Lung Lesion': 0, 'Lung Opacity': 0, 'No Finding': 1, 'Pleural Effusion': 0, 'Pleural Other': 0, 'Pneumonia': 0, 'Pneumothorax': 0, 'Support Devices': 1}"
"/home/michel/data/Text2Image/mimicxr_train_100/_val_e46_generate_text_top0.85r,edit/No acute cardiopulmonary process. Unremarkable chest radiographic examination/rank_0_000000_fr0.0_cr1.05edit.png","{'Atelectasis': 0, 'Cardiomegaly': 0, 'Consolidation': 0, 'Edema': 0, 'Enlarged Cardiomediastinum': 0, 'Fracture': 0, 'Lung Lesion': 0, 'Lung Opacity': 0, 'No Finding': 1, 'Pleural Effusion': 0, 'Pleural Other': 0, 'Pneumonia': 0, 'Pneumothorax': 0, 'Support Devices': 1}"
"/home/michel/data/Text2Image/mimicxr_train_100/_val_e46_generate_text_top0.85r,edit/No acute cardiopulmonary process. Unremarkable chest radiographic examination/rank_0_000000_fr0.0_cr1.06edit.png","{'Atelectasis': 0, 'Cardiomegaly': 0, 'Consolidation': 0, 'Edema': 0, 'Enlarged Cardiomediastinum': 0, 'Fracture': 0, 'Lung Lesion': 0, 'Lung Opacity': 0, 'No Finding': 1, 'Pleural Effusion': 0, 'Pleural Other': 0, 'Pneumonia': 0, 'Pneumothorax': 0, 'Support Devices': 1}"
"/home/michel/data/Text2Image/mimicxr_train_100/_val_e46_generate_text_top0.85r,edit/No acute cardiopulmonary process. Unremarkable chest radiographic examination/rank_0_000000_fr0.0_cr1.07edit.png","{'Atelectasis': 0, 'Cardiomegaly': 0, 'Consolidation': 0, 'Edema': 0, 'Enlarged Cardiomediastinum': 0, 'Fracture': 0, 'Lung Lesion': 0, 'Lung Opacity': 0, 'No Finding': 1, 'Pleural Effusion': 0, 'Pleural Other': 0, 'Pneumonia': 0, 'Pneumothorax': 0, 'Support Devices': 0}"
"/home/michel/data/Text2Image/mimicxr_train_100/_val_e46_generate_text_top0.85r,edit/No acute cardiopulmonary process. Unremarkable chest radiographic examination/rank_0_000000_fr0.0_cr1.08edit.png","{'Atelectasis': 0, 'Cardiomegaly': 0, 'Consolidation': 0, 'Edema': 0, 'Enlarged Cardiomediastinum': 0, 'Fracture': 0, 'Lung Lesion': 0, 'Lung Opacity': 0, 'No Finding': 1, 'Pleural Effusion': 0, 'Pleural Other': 0, 'Pneumonia': 0, 'Pneumothorax': 0, 'Support Devices': 0}"
"/home/michel/data/Text2Image/mimicxr_train_100/_val_e46_generate_text_top0.85r,edit/No acute cardiopulmonary process. Unremarkable chest radiographic examination/rank_0_000000_fr0.0_cr1.09edit.png","{'Atelectasis': 0, 'Cardiomegaly': 0, 'Consolidation': 0, 'Edema': 0, 'Enlarged Cardiomediastinum': 0, 'Fracture': 0, 'Lung Lesion': 0, 'Lung Opacity': 0, 'No Finding': 1, 'Pleural Effusion': 0, 'Pleural Other': 0, 'Pneumonia': 0, 'Pneumothorax': 0, 'Support Devices': 0}"
"/home/michel/data/Text2Image/mimicxr_train_100/_val_e46_generate_text_top0.85r,edit/No acute cardiopulmonary process. Unremarkable chest radiographic examination/rank_0_000000_fr0.0_cr1.010edit.png","{'Atelectasis': 0, 'Cardiomegaly': 0, 'Consolidation': 0, 'Edema': 0, 'Enlarged Cardiomediastinum': 0, 'Fracture': 0, 'Lung Lesion': 0, 'Lung Opacity': 0, 'No Finding': 1, 'Pleural Effusion': 0, 'Pleural Other': 0, 'Pneumonia': 0, 'Pneumothorax': 0, 'Support Devices': 0}"
"/home/michel/data/Text2Image/mimicxr_train_100/_val_e46_generate_text_top0.85r,edit/No acute cardiopulmonary process. Unremarkable chest radiographic examination/rank_0_000000_fr0.0_cr1.011edit.png","{'Atelectasis': 0, 'Cardiomegaly': 0, 'Consolidation': 0, 'Edema': 0, 'Enlarged Cardiomediastinum': 0, 'Fracture': 0, 'Lung Lesion': 0, 'Lung Opacity': 0, 'No Finding': 1, 'Pleural Effusion': 0, 'Pleural Other': 0, 'Pneumonia': 0, 'Pneumothorax': 0, 'Support Devices': 0}"
"/home/michel/data/Text2Image/mimicxr_train_100/_val_e46_generate_text_top0.85r,edit/No acute cardiopulmonary process. Unremarkable chest radiographic examination/rank_0_000000_fr0.0_cr1.012edit.png","{'Atelectasis': 0, 'Cardiomegaly': 0, 'Consolidation': 0, 'Edema': 0, 'Enlarged Cardiomediastinum': 0, 'Fracture': 0, 'Lung Lesion': 0, 'Lung Opacity': 0, 'No Finding': 1, 'Pleural Effusion': 0, 'Pleural Other': 0, 'Pneumonia': 0, 'Pneumothorax': 0, 'Support Devices': 1}"
"/home/michel/data/Text2Image/mimicxr_train_100/_val_e46_generate_text_top0.85r,edit/No acute cardiopulmonary process. Unremarkable chest radiographic examination/rank_0_000000_fr0.0_cr1.013edit.png","{'Atelectasis': 0, 'Cardiomegaly': 0, 'Consolidation': 0, 'Edema': 0, 'Enlarged Cardiomediastinum': 0, 'Fracture': 0, 'Lung Lesion': 0, 'Lung Opacity': 0, 'No Finding': 1, 'Pleural Effusion': 0, 'Pleural Other': 0, 'Pneumonia': 0, 'Pneumothorax': 0, 'Support Devices': 0}"
"/home/michel/data/Text2Image/mimicxr_train_100/_val_e46_generate_text_top0.85r,edit/No acute cardiopulmonary process. Unremarkable chest radiographic examination/rank_0_000000_fr0.0_cr1.014edit.png","{'Atelectasis': 0, 'Cardiomegaly': 0, 'Consolidation': 0, 'Edema': 0, 'Enlarged Cardiomediastinum': 0, 'Fracture': 0, 'Lung Lesion': 0, 'Lung Opacity': 0, 'No Finding': 1, 'Pleural Effusion': 0, 'Pleural Other': 0, 'Pneumonia': 0, 'Pneumothorax': 0, 'Support Devices': 1}"
"/home/michel/data/Text2Image/mimicxr_train_100/_val_e46_generate_text_top0.85r,edit/No acute cardiopulmonary process. Unremarkable chest radiographic examination/rank_0_000000_fr0.0_cr1.015edit.png","{'Atelectasis': 0, 'Cardiomegaly': 0, 'Consolidation': 0, 'Edema': 0, 'Enlarged Cardiomediastinum': 0, 'Fracture': 0, 'Lung Lesion': 0, 'Lung Opacity': 0, 'No Finding': 1, 'Pleural Effusion': 0, 'Pleural Other': 0, 'Pneumonia': 0, 'Pneumothorax': 0, 'Support Devices': 0}"
"/home/michel/data/Text2Image/mimicxr_train_100/_val_e46_generate_text_top0.85r,edit/No acute cardiopulmonary process. Unremarkable chest radiographic examination/rank_0_000000_fr0.0_cr1.016edit.png","{'Atelectasis': 0, 'Cardiomegaly': 0, 'Consolidation': 0, 'Edema': 0, 'Enlarged Cardiomediastinum': 0, 'Fracture': 0, 'Lung Lesion': 0, 'Lung Opacity': 0, 'No Finding': 1, 'Pleural Effusion': 0, 'Pleural Other': 0, 'Pneumonia': 0, 'Pneumothorax': 0, 'Support Devices': 0}"
"/home/michel/data/Text2Image/mimicxr_train_100/_val_e46_generate_text_top0.85r,edit/No acute cardiopulmonary process. Unremarkable chest radiographic examination/rank_0_000000_fr0.0_cr1.017edit.png","{'Atelectasis': 0, 'Cardiomegaly': 0, 'Consolidation': 0, 'Edema': 0, 'Enlarged Cardiomediastinum': 0, 'Fracture': 0, 'Lung Lesion': 0, 'Lung Opacity': 0, 'No Finding': 1, 'Pleural Effusion': 0, 'Pleural Other': 0, 'Pneumonia': 0, 'Pneumothorax': 0, 'Support Devices': 0}"
"/home/michel/data/Text2Image/mimicxr_train_100/_val_e46_generate_text_top0.85r,edit/No acute cardiopulmonary process. Unremarkable chest radiographic examination/rank_0_000000_fr0.0_cr1.018edit.png","{'Atelectasis': 0, 'Cardiomegaly': 0, 'Consolidation': 0, 'Edema': 0, 'Enlarged Cardiomediastinum': 0, 'Fracture': 0, 'Lung Lesion': 0, 'Lung Opacity': 0, 'No Finding': 1, 'Pleural Effusion': 0, 'Pleural Other': 0, 'Pneumonia': 0, 'Pneumothorax': 0, 'Support Devices': 0}"
"/home/michel/data/Text2Image/mimicxr_train_100/_val_e46_generate_text_top0.85r,edit/No acute cardiopulmonary process. Unremarkable chest radiographic examination/rank_0_000000_fr0.0_cr1.019edit.png","{'Atelectasis': 0, 'Cardiomegaly': 0, 'Consolidation': 0, 'Edema': 0, 'Enlarged Cardiomediastinum': 0, 'Fracture': 0, 'Lung Lesion': 0, 'Lung Opacity': 0, 'No Finding': 1, 'Pleural Effusion': 0, 'Pleural Other': 0, 'Pneumonia': 0, 'Pneumothorax': 0, 'Support Devices': 0}"
"/home/michel/data/Text2Image/mimicxr_train_100/_val_e46_generate_text_top0.85r,edit/No acute cardiopulmonary process. Unremarkable chest radiographic examination/rank_0_000000_fr0.0_cr1.020edit.png","{'Atelectasis': 0, 'Cardiomegaly': 0, 'Consolidation': 0, 'Edema': 0, 'Enlarged Cardiomediastinum': 0, 'Fracture': 0, 'Lung Lesion': 0, 'Lung Opacity': 0, 'No Finding': 1, 'Pleural Effusion': 0, 'Pleural Other': 0, 'Pneumonia': 0, 'Pneumothorax': 0, 'Support Devices': 0}"
"/home/michel/data/Text2Image/mimicxr_train_100/_val_e46_generate_text_top0.85r,edit/No acute cardiopulmonary process. Unremarkable chest radiographic examination/rank_0_000000_fr0.0_cr1.021edit.png","{'Atelectasis': 0, 'Cardiomegaly': 0, 'Consolidation': 0, 'Edema': 0, 'Enlarged Cardiomediastinum': 0, 'Fracture': 0, 'Lung Lesion': 0, 'Lung Opacity': 0, 'No Finding': 1, 'Pleural Effusion': 0, 'Pleural Other': 0, 'Pneumonia': 0, 'Pneumothorax': 0, 'Support Devices': 0}"
"/home/michel/data/Text2Image/mimicxr_train_100/_val_e46_generate_text_top0.85r,edit/No acute cardiopulmonary process. Unremarkable chest radiographic examination/rank_0_000000_fr0.0_cr1.022edit.png","{'Atelectasis': 0, 'Cardiomegaly': 0, 'Consolidation': 0, 'Edema': 0, 'Enlarged Cardiomediastinum': 0, 'Fracture': 0, 'Lung Lesion': 0, 'Lung Opacity': 0, 'No Finding': 1, 'Pleural Effusion': 0, 'Pleural Other': 0, 'Pneumonia': 0, 'Pneumothorax': 0, 'Support Devices': 0}"
"/home/michel/data/Text2Image/mimicxr_train_100/_val_e46_generate_text_top0.85r,edit/No acute cardiopulmonary process. Unremarkable chest radiographic examination/rank_0_000000_fr0.0_cr1.023edit.png","{'Atelectasis': 0, 'Cardiomegaly': 0, 'Consolidation': 0, 'Edema': 0, 'Enlarged Cardiomediastinum': 0, 'Fracture': 0, 'Lung Lesion': 0, 'Lung Opacity': 0, 'No Finding': 1, 'Pleural Effusion': 0, 'Pleural Other': 0, 'Pneumonia': 0, 'Pneumothorax': 0, 'Support Devices': 0}"
"/home/michel/data/Text2Image/mimicxr_train_100/_val_e46_generate_text_top0.85r,edit/No acute cardiopulmonary process. Unremarkable chest radiographic examination/rank_0_000000_fr0.0_cr1.024edit.png","{'Atelectasis': 0, 'Cardiomegaly': 0, 'Consolidation': 0, 'Edema': 0, 'Enlarged Cardiomediastinum': 0, 'Fracture': 0, 'Lung Lesion': 0, 'Lung Opacity': 0, 'No Finding': 1, 'Pleural Effusion': 0, 'Pleural Other': 0, 'Pneumonia': 0, 'Pneumothorax': 0, 'Support Devices': 0}"
"/home/michel/data/Text2Image/mimicxr_train_100/_val_e46_generate_text_top0.85r,edit/No acute cardiopulmonary process. Unremarkable chest radiographic examination/rank_0_000000_fr0.0_cr1.025edit.png","{'Atelectasis': 0, 'Cardiomegaly': 0, 'Consolidation': 0, 'Edema': 0, 'Enlarged Cardiomediastinum': 0, 'Fracture': 0, 'Lung Lesion': 0, 'Lung Opacity': 0, 'No Finding': 1, 'Pleural Effusion': 0, 'Pleural Other': 0, 'Pneumonia': 0, 'Pneumothorax': 0, 'Support Devices': 0}"
"/home/michel/data/Text2Image/mimicxr_train_100/_val_e46_generate_text_top0.85r,edit/No acute cardiopulmonary process. Unremarkable chest radiographic examination/rank_0_000000_fr0.0_cr1.026edit.png","{'Atelectasis': 0, 'Cardiomegaly': 0, 'Consolidation': 0, 'Edema': 0, 'Enlarged Cardiomediastinum': 0, 'Fracture': 0, 'Lung Lesion': 0, 'Lung Opacity': 0, 'No Finding': 1, 'Pleural Effusion': 0, 'Pleural Other': 0, 'Pneumonia': 0, 'Pneumothorax': 0, 'Support Devices': 0}"
"/home/michel/data/Text2Image/mimicxr_train_100/_val_e46_generate_text_top0.85r,edit/No acute cardiopulmonary process. Unremarkable chest radiographic examination/rank_0_000000_fr0.0_cr1.027edit.png","{'Atelectasis': 0, 'Cardiomegaly': 0, 'Consolidation': 0, 'Edema': 0, 'Enlarged Cardiomediastinum': 0, 'Fracture': 0, 'Lung Lesion': 0, 'Lung Opacity': 0, 'No Finding': 1, 'Pleural Effusion': 0, 'Pleural Other': 0, 'Pneumonia': 0, 'Pneumothorax': 0, 'Support Devices': 0}"
"/home/michel/data/Text2Image/mimicxr_train_100/_val_e46_generate_text_top0.85r,edit/No acute cardiopulmonary process. Unremarkable chest radiographic examination/rank_0_000000_fr0.0_cr1.028edit.png","{'Atelectasis': 0, 'Cardiomegaly': 0, 'Consolidation': 0, 'Edema': 0, 'Enlarged Cardiomediastinum': 0, 'Fracture': 0, 'Lung Lesion': 0, 'Lung Opacity': 0, 'No Finding': 1, 'Pleural Effusion': 0, 'Pleural Other': 0, 'Pneumonia': 0, 'Pneumothorax': 0, 'Support Devices': 0}"
"/home/michel/data/Text2Image/mimicxr_train_100/_val_e46_generate_text_top0.85r,edit/No acute cardiopulmonary process. Unremarkable chest radiographic examination/rank_0_000000_fr0.0_cr1.029edit.png","{'Atelectasis': 0, 'Cardiomegaly': 0, 'Consolidation': 0, 'Edema': 0, 'Enlarged Cardiomediastinum': 0, 'Fracture': 0, 'Lung Lesion': 0, 'Lung Opacity': 0, 'No Finding': 1, 'Pleural Effusion': 0, 'Pleural Other': 0, 'Pneumonia': 0, 'Pneumothorax': 0, 'Support Devices': 0}"
"/home/michel/data/Text2Image/mimicxr_train_100/_val_e46_generate_text_top0.85r,edit/No acute cardiopulmonary process. Unremarkable chest radiographic examination/rank_0_000000_fr0.0_cr1.030edit.png","{'Atelectasis': 0, 'Cardiomegaly': 0, 'Consolidation': 0, 'Edema': 0, 'Enlarged Cardiomediastinum': 0, 'Fracture': 0, 'Lung Lesion': 0, 'Lung Opacity': 0, 'No Finding': 1, 'Pleural Effusion': 0, 'Pleural Other': 0, 'Pneumonia': 0, 'Pneumothorax': 0, 'Support Devices': 0}"
"/home/michel/data/Text2Image/mimicxr_train_100/_val_e46_generate_text_top0.85r,edit/No acute cardiopulmonary process. Unremarkable chest radiographic examination/rank_0_000000_fr0.0_cr1.031edit.png","{'Atelectasis': 0, 'Cardiomegaly': 0, 'Consolidation': 0, 'Edema': 0, 'Enlarged Cardiomediastinum': 0, 'Fracture': 0, 'Lung Lesion': 0, 'Lung Opacity': 0, 'No Finding': 1, 'Pleural Effusion': 0, 'Pleural Other': 0, 'Pneumonia': 0, 'Pneumothorax': 0, 'Support Devices': 0}"
"/home/michel/data/Text2Image/mimicxr_train_100/_val_e46_generate_text_top0.85r,edit/No acute cardiopulmonary process. Unremarkable chest radiographic examination/rank_0_000000_fr0.0_cr1.032edit.png","{'Atelectasis': 0, 'Cardiomegaly': 0, 'Consolidation': 0, 'Edema': 0, 'Enlarged Cardiomediastinum': 0, 'Fracture': 0, 'Lung Lesion': 0, 'Lung Opacity': 0, 'No Finding': 1, 'Pleural Effusion': 0, 'Pleural Other': 0, 'Pneumonia': 0, 'Pneumothorax': 0, 'Support Devices': 0}"
"/home/michel/data/Text2Image/mimicxr_train_100/_val_e46_generate_text_top0.85r,edit/No acute cardiopulmonary process. Unremarkable chest radiographic examination/rank_0_000000_fr0.0_cr1.033edit.png","{'Atelectasis': 0, 'Cardiomegaly': 0, 'Consolidation': 0, 'Edema': 0, 'Enlarged Cardiomediastinum': 0, 'Fracture': 0, 'Lung Lesion': 0, 'Lung Opacity': 0, 'No Finding': 1, 'Pleural Effusion': 0, 'Pleural Other': 0, 'Pneumonia': 0, 'Pneumothorax': 0, 'Support Devices': 0}"
"/home/michel/data/Text2Image/mimicxr_train_100/_val_e46_generate_text_top0.85r,edit/No acute cardiopulmonary process. Unremarkable chest radiographic examination/rank_0_000000_fr0.0_cr1.034edit.png","{'Atelectasis': 0, 'Cardiomegaly': 0, 'Consolidation': 0, 'Edema': 0, 'Enlarged Cardiomediastinum': 0, 'Fracture': 0, 'Lung Lesion': 0, 'Lung Opacity': 0, 'No Finding': 1, 'Pleural Effusion': 0, 'Pleural Other': 0, 'Pneumonia': 0, 'Pneumothorax': 0, 'Support Devices': 0}"
"/home/michel/data/Text2Image/mimicxr_train_100/_val_e46_generate_text_top0.85r,edit/No acute cardiopulmonary process. Unremarkable chest radiographic examination/rank_0_000000_fr0.0_cr1.035edit.png","{'Atelectasis': 0, 'Cardiomegaly': 0, 'Consolidation': 0, 'Edema': 0, 'Enlarged Cardiomediastinum': 0, 'Fracture': 0, 'Lung Lesion': 0, 'Lung Opacity': 0, 'No Finding': 1, 'Pleural Effusion': 0, 'Pleural Other': 0, 'Pneumonia': 0, 'Pneumothorax': 0, 'Support Devices': 0}"
"/home/michel/data/Text2Image/mimicxr_train_100/_val_e46_generate_text_top0.85r,edit/No acute cardiopulmonary process. Unremarkable chest radiographic examination/rank_0_000000_fr0.0_cr1.036edit.png","{'Atelectasis': 0, 'Cardiomegaly': 0, 'Consolidation': 0, 'Edema': 0, 'Enlarged Cardiomediastinum': 0, 'Fracture': 0, 'Lung Lesion': 0, 'Lung Opacity': 0, 'No Finding': 1, 'Pleural Effusion': 0, 'Pleural Other': 0, 'Pneumonia': 0, 'Pneumothorax': 0, 'Support Devices': 0}"
"/home/michel/data/Text2Image/mimicxr_train_100/_val_e46_generate_text_top0.85r,edit/No acute cardiopulmonary process. Unremarkable chest radiographic examination/rank_0_000000_fr0.0_cr1.037edit.png","{'Atelectasis': 0, 'Cardiomegaly': 0, 'Consolidation': 0, 'Edema': 0, 'Enlarged Cardiomediastinum': 0, 'Fracture': 0, 'Lung Lesion': 0, 'Lung Opacity': 0, 'No Finding': 1, 'Pleural Effusion': 0, 'Pleural Other': 0, 'Pneumonia': 0, 'Pneumothorax': 0, 'Support Devices': 0}"
"/home/michel/data/Text2Image/mimicxr_train_100/_val_e46_generate_text_top0.85r,edit/No acute cardiopulmonary process. Unremarkable chest radiographic examination/rank_0_000000_fr0.0_cr1.038edit.png","{'Atelectasis': 0, 'Cardiomegaly': 0, 'Consolidation': 0, 'Edema': 0, 'Enlarged Cardiomediastinum': 0, 'Fracture': 0, 'Lung Lesion': 0, 'Lung Opacity': 0, 'No Finding': 1, 'Pleural Effusion': 0, 'Pleural Other': 0, 'Pneumonia': 0, 'Pneumothorax': 0, 'Support Devices': 0}"
"/home/michel/data/Text2Image/mimicxr_train_100/_val_e46_generate_text_top0.85r,edit/No acute cardiopulmonary process. Unremarkable chest radiographic examination/rank_0_000000_fr0.0_cr1.039edit.png","{'Atelectasis': 0, 'Cardiomegaly': 0, 'Consolidation': 0, 'Edema': 0, 'Enlarged Cardiomediastinum': 0, 'Fracture': 0, 'Lung Lesion': 0, 'Lung Opacity': 0, 'No Finding': 1, 'Pleural Effusion': 0, 'Pleural Other': 0, 'Pneumonia': 0, 'Pneumothorax': 0, 'Support Devices': 0}"
"/home/michel/data/Text2Image/mimicxr_train_100/_val_e46_generate_text_top0.85r,edit/No acute cardiopulmonary process. Unremarkable chest radiographic examination/rank_0_000000_fr0.0_cr1.040edit.png","{'Atelectasis': 0, 'Cardiomegaly': 0, 'Consolidation': 0, 'Edema': 0, 'Enlarged Cardiomediastinum': 0, 'Fracture': 0, 'Lung Lesion': 0, 'Lung Opacity': 0, 'No Finding': 1, 'Pleural Effusion': 0, 'Pleural Other': 0, 'Pneumonia': 0, 'Pneumothorax': 0, 'Support Devices': 0}"
"/home/michel/data/Text2Image/mimicxr_train_100/_val_e46_generate_text_top0.85r,edit/No acute cardiopulmonary process. Unremarkable chest radiographic examination/rank_0_000000_fr0.0_cr1.041edit.png","{'Atelectasis': 0, 'Cardiomegaly': 0, 'Consolidation': 0, 'Edema': 0, 'Enlarged Cardiomediastinum': 0, 'Fracture': 0, 'Lung Lesion': 0, 'Lung Opacity': 0, 'No Finding': 1, 'Pleural Effusion': 0, 'Pleural Other': 0, 'Pneumonia': 0, 'Pneumothorax': 0, 'Support Devices': 0}"
"/home/michel/data/Text2Image/mimicxr_train_100/_val_e46_generate_text_top0.85r,edit/No acute cardiopulmonary process. Unremarkable chest radiographic examination/rank_0_000000_fr0.0_cr1.042edit.png","{'Atelectasis': 0, 'Cardiomegaly': 0, 'Consolidation': 0, 'Edema': 0, 'Enlarged Cardiomediastinum': 0, 'Fracture': 0, 'Lung Lesion': 0, 'Lung Opacity': 0, 'No Finding': 1, 'Pleural Effusion': 0, 'Pleural Other': 0, 'Pneumonia': 0, 'Pneumothorax': 0, 'Support Devices': 0}"
"/home/michel/data/Text2Image/mimicxr_train_100/_val_e46_generate_text_top0.85r,edit/No acute cardiopulmonary process. Unremarkable chest radiographic examination/rank_0_000000_fr0.0_cr1.043edit.png","{'Atelectasis': 0, 'Cardiomegaly': 0, 'Consolidation': 0, 'Edema': 0, 'Enlarged Cardiomediastinum': 0, 'Fracture': 0, 'Lung Lesion': 0, 'Lung Opacity': 0, 'No Finding': 1, 'Pleural Effusion': 0, 'Pleural Other': 0, 'Pneumonia': 0, 'Pneumothorax': 0, 'Support Devices': 0}"
"/home/michel/data/Text2Image/mimicxr_train_100/_val_e46_generate_text_top0.85r,edit/No acute cardiopulmonary process. Unremarkable chest radiographic examination/rank_0_000000_fr0.0_cr1.044edit.png","{'Atelectasis': 0, 'Cardiomegaly': 0, 'Consolidation': 0, 'Edema': 0, 'Enlarged Cardiomediastinum': 0, 'Fracture': 0, 'Lung Lesion': 0, 'Lung Opacity': 0, 'No Finding': 1, 'Pleural Effusion': 0, 'Pleural Other': 0, 'Pneumonia': 0, 'Pneumothorax': 0, 'Support Devices': 0}"
"/home/michel/data/Text2Image/mimicxr_train_100/_val_e46_generate_text_top0.85r,edit/No acute cardiopulmonary process. Unremarkable chest radiographic examination/rank_0_000000_fr0.0_cr1.045edit.png","{'Atelectasis': 0, 'Cardiomegaly': 0, 'Consolidation': 0, 'Edema': 0, 'Enlarged Cardiomediastinum': 0, 'Fracture': 0, 'Lung Lesion': 0, 'Lung Opacity': 0, 'No Finding': 1, 'Pleural Effusion': 0, 'Pleural Other': 0, 'Pneumonia': 0, 'Pneumothorax': 0, 'Support Devices': 0}"
"/home/michel/data/Text2Image/mimicxr_train_100/_val_e46_generate_text_top0.85r,edit/No acute cardiopulmonary process. Unremarkable chest radiographic examination/rank_0_000000_fr0.0_cr1.046edit.png","{'Atelectasis': 0, 'Cardiomegaly': 0, 'Consolidation': 0, 'Edema': 0, 'Enlarged Cardiomediastinum': 0, 'Fracture': 0, 'Lung Lesion': 0, 'Lung Opacity': 0, 'No Finding': 1, 'Pleural Effusion': 0, 'Pleural Other': 0, 'Pneumonia': 0, 'Pneumothorax': 0, 'Support Devices': 0}"
"/home/michel/data/Text2Image/mimicxr_train_100/_val_e46_generate_text_top0.85r,edit/No acute cardiopulmonary process. Unremarkable chest radiographic examination/rank_0_000000_fr0.0_cr1.047edit.png","{'Atelectasis': 0, 'Cardiomegaly': 0, 'Consolidation': 0, 'Edema': 0, 'Enlarged Cardiomediastinum': 0, 'Fracture': 0, 'Lung Lesion': 0, 'Lung Opacity': 0, 'No Finding': 1, 'Pleural Effusion': 0, 'Pleural Other': 0, 'Pneumonia': 0, 'Pneumothorax': 0, 'Support Devices': 1}"
"/home/michel/data/Text2Image/mimicxr_train_100/_val_e46_generate_text_top0.85r,edit/No acute cardiopulmonary process. Unremarkable chest radiographic examination/rank_0_000000_fr0.0_cr1.048edit.png","{'Atelectasis': 0, 'Cardiomegaly': 0, 'Consolidation': 0, 'Edema': 0, 'Enlarged Cardiomediastinum': 0, 'Fracture': 0, 'Lung Lesion': 0, 'Lung Opacity': 0, 'No Finding': 1, 'Pleural Effusion': 0, 'Pleural Other': 0, 'Pneumonia': 0, 'Pneumothorax': 0, 'Support Devices': 0}"
"/home/michel/data/Text2Image/mimicxr_train_100/_val_e46_generate_text_top0.85r,edit/No acute cardiopulmonary process. Unremarkable chest radiographic examination/rank_0_000000_fr0.0_cr1.049edit.png","{'Atelectasis': 0, 'Cardiomegaly': 0, 'Consolidation': 0, 'Edema': 0, 'Enlarged Cardiomediastinum': 0, 'Fracture': 0, 'Lung Lesion': 0, 'Lung Opacity': 0, 'No Finding': 1, 'Pleural Effusion': 0, 'Pleural Other': 0, 'Pneumonia': 0, 'Pneumothorax': 0, 'Support Devices': 0}"
"/home/michel/data/Text2Image/mimicxr_train_100/_val_e46_generate_text_top0.85r,edit/No acute cardiopulmonary process. Unremarkable chest radiographic examination/rank_0_000000_fr0.0_cr1.050edit.png","{'Atelectasis': 0, 'Cardiomegaly': 0, 'Consolidation': 0, 'Edema': 0, 'Enlarged Cardiomediastinum': 0, 'Fracture': 0, 'Lung Lesion': 0, 'Lung Opacity': 0, 'No Finding': 1, 'Pleural Effusion': 0, 'Pleural Other': 0, 'Pneumonia': 0, 'Pneumothorax': 0, 'Support Devices': 0}"
"/home/michel/data/Text2Image/mimicxr_train_100/_val_e46_generate_text_top0.85r,edit/No acute cardiopulmonary process. Unremarkable chest radiographic examination/rank_0_000000_fr0.0_cr1.051edit.png","{'Atelectasis': 0, 'Cardiomegaly': 0, 'Consolidation': 0, 'Edema': 0, 'Enlarged Cardiomediastinum': 0, 'Fracture': 0, 'Lung Lesion': 0, 'Lung Opacity': 0, 'No Finding': 1, 'Pleural Effusion': 0, 'Pleural Other': 0, 'Pneumonia': 0, 'Pneumothorax': 0, 'Support Devices': 0}"
"/home/michel/data/Text2Image/mimicxr_train_100/_val_e46_generate_text_top0.85r,edit/No acute cardiopulmonary process. Unremarkable chest radiographic examination/rank_0_000000_fr0.0_cr1.052edit.png","{'Atelectasis': 0, 'Cardiomegaly': 0, 'Consolidation': 0, 'Edema': 0, 'Enlarged Cardiomediastinum': 0, 'Fracture': 0, 'Lung Lesion': 0, 'Lung Opacity': 0, 'No Finding': 1, 'Pleural Effusion': 0, 'Pleural Other': 0, 'Pneumonia': 0, 'Pneumothorax': 0, 'Support Devices': 0}"
"/home/michel/data/Text2Image/mimicxr_train_100/_val_e46_generate_text_top0.85r,edit/No acute cardiopulmonary process. Unremarkable chest radiographic examination/rank_0_000000_fr0.0_cr1.053edit.png","{'Atelectasis': 0, 'Cardiomegaly': 0, 'Consolidation': 0, 'Edema': 0, 'Enlarged Cardiomediastinum': 0, 'Fracture': 0, 'Lung Lesion': 0, 'Lung Opacity': 0, 'No Finding': 1, 'Pleural Effusion': 0, 'Pleural Other': 0, 'Pneumonia': 0, 'Pneumothorax': 0, 'Support Devices': 0}"
"/home/michel/data/Text2Image/mimicxr_train_100/_val_e46_generate_text_top0.85r,edit/No acute cardiopulmonary process. Unremarkable chest radiographic examination/rank_0_000000_fr0.0_cr1.054edit.png","{'Atelectasis': 0, 'Cardiomegaly': 0, 'Consolidation': 0, 'Edema': 0, 'Enlarged Cardiomediastinum': 0, 'Fracture': 0, 'Lung Lesion': 0, 'Lung Opacity': 0, 'No Finding': 1, 'Pleural Effusion': 0, 'Pleural Other': 0, 'Pneumonia': 0, 'Pneumothorax': 0, 'Support Devices': 0}"
"/home/michel/data/Text2Image/mimicxr_train_100/_val_e46_generate_text_top0.85r,edit/No acute cardiopulmonary process. Unremarkable chest radiographic examination/rank_0_000000_fr0.0_cr1.055edit.png","{'Atelectasis': 0, 'Cardiomegaly': 0, 'Consolidation': 0, 'Edema': 0, 'Enlarged Cardiomediastinum': 0, 'Fracture': 0, 'Lung Lesion': 0, 'Lung Opacity': 0, 'No Finding': 1, 'Pleural Effusion': 0, 'Pleural Other': 0, 'Pneumonia': 0, 'Pneumothorax': 0, 'Support Devices': 1}"
"/home/michel/data/Text2Image/mimicxr_train_100/_val_e46_generate_text_top0.85r,edit/No acute cardiopulmonary process. Unremarkable chest radiographic examination/rank_0_000000_fr0.0_cr1.056edit.png","{'Atelectasis': 0, 'Cardiomegaly': 0, 'Consolidation': 0, 'Edema': 0, 'Enlarged Cardiomediastinum': 0, 'Fracture': 0, 'Lung Lesion': 0, 'Lung Opacity': 0, 'No Finding': 1, 'Pleural Effusion': 0, 'Pleural Other': 0, 'Pneumonia': 0, 'Pneumothorax': 0, 'Support Devices': 1}"
"/home/michel/data/Text2Image/mimicxr_train_100/_val_e46_generate_text_top0.85r,edit/No acute cardiopulmonary process. Unremarkable chest radiographic examination/rank_0_000000_fr0.0_cr1.057edit.png","{'Atelectasis': 0, 'Cardiomegaly': 0, 'Consolidation': 0, 'Edema': 0, 'Enlarged Cardiomediastinum': 0, 'Fracture': 0, 'Lung Lesion': 0, 'Lung Opacity': 0, 'No Finding': 1, 'Pleural Effusion': 0, 'Pleural Other': 0, 'Pneumonia': 0, 'Pneumothorax': 0, 'Support Devices': 1}"
"/home/michel/data/Text2Image/mimicxr_train_100/_val_e46_generate_text_top0.85r,edit/No acute cardiopulmonary process. Unremarkable chest radiographic examination/rank_0_000000_fr0.0_cr1.058edit.png","{'Atelectasis': 0, 'Cardiomegaly': 0, 'Consolidation': 0, 'Edema': 0, 'Enlarged Cardiomediastinum': 0, 'Fracture': 0, 'Lung Lesion': 0, 'Lung Opacity': 0, 'No Finding': 1, 'Pleural Effusion': 0, 'Pleural Other': 0, 'Pneumonia': 0, 'Pneumothorax': 0, 'Support Devices': 0}"
"/home/michel/data/Text2Image/mimicxr_train_100/_val_e46_generate_text_top0.85r,edit/No acute cardiopulmonary process. Unremarkable chest radiographic examination/rank_0_000000_fr0.0_cr1.059edit.png","{'Atelectasis': 0, 'Cardiomegaly': 0, 'Consolidation': 0, 'Edema': 0, 'Enlarged Cardiomediastinum': 0, 'Fracture': 0, 'Lung Lesion': 0, 'Lung Opacity': 0, 'No Finding': 1, 'Pleural Effusion': 0, 'Pleural Other': 0, 'Pneumonia': 0, 'Pneumothorax': 0, 'Support Devices': 0}"
"/home/michel/data/Text2Image/mimicxr_train_100/_val_e46_generate_text_top0.85r,edit/No acute cardiopulmonary process. Unremarkable chest radiographic examination/rank_0_000000_fr0.0_cr1.060edit.png","{'Atelectasis': 0, 'Cardiomegaly': 0, 'Consolidation': 0, 'Edema': 0, 'Enlarged Cardiomediastinum': 0, 'Fracture': 0, 'Lung Lesion': 0, 'Lung Opacity': 0, 'No Finding': 1, 'Pleural Effusion': 0, 'Pleural Other': 0, 'Pneumonia': 0, 'Pneumothorax': 0, 'Support Devices': 0}"
"/home/michel/data/Text2Image/mimicxr_train_100/_val_e46_generate_text_top0.85r,edit/No acute cardiopulmonary process. Unremarkable chest radiographic examination/rank_0_000000_fr0.0_cr1.061edit.png","{'Atelectasis': 0, 'Cardiomegaly': 0, 'Consolidation': 0, 'Edema': 0, 'Enlarged Cardiomediastinum': 0, 'Fracture': 0, 'Lung Lesion': 0, 'Lung Opacity': 0, 'No Finding': 1, 'Pleural Effusion': 0, 'Pleural Other': 0, 'Pneumonia': 0, 'Pneumothorax': 0, 'Support Devices': 0}"
"/home/michel/data/Text2Image/mimicxr_train_100/_val_e46_generate_text_top0.85r,edit/No acute cardiopulmonary process. Unremarkable chest radiographic examination/rank_0_000000_fr0.0_cr1.062edit.png","{'Atelectasis': 0, 'Cardiomegaly': 0, 'Consolidation': 0, 'Edema': 0, 'Enlarged Cardiomediastinum': 0, 'Fracture': 0, 'Lung Lesion': 0, 'Lung Opacity': 0, 'No Finding': 1, 'Pleural Effusion': 0, 'Pleural Other': 0, 'Pneumonia': 0, 'Pneumothorax': 0, 'Support Devices': 0}"
"/home/michel/data/Text2Image/mimicxr_train_100/_val_e46_generate_text_top0.85r,edit/No acute cardiopulmonary process. Unremarkable chest radiographic examination/rank_0_000000_fr0.0_cr1.063edit.png","{'Atelectasis': 0, 'Cardiomegaly': 0, 'Consolidation': 0, 'Edema': 0, 'Enlarged Cardiomediastinum': 0, 'Fracture': 0, 'Lung Lesion': 0, 'Lung Opacity': 0, 'No Finding': 1, 'Pleural Effusion': 0, 'Pleural Other': 0, 'Pneumonia': 0, 'Pneumothorax': 0, 'Support Devices': 1}"
"/home/michel/data/Text2Image/mimicxr_train_100/_val_e46_generate_text_top0.85r,edit/No acute cardiopulmonary process. Unremarkable chest radiographic examination/rank_0_000000_fr0.0_cr1.064edit.png","{'Atelectasis': 0, 'Cardiomegaly': 0, 'Consolidation': 0, 'Edema': 0, 'Enlarged Cardiomediastinum': 0, 'Fracture': 0, 'Lung Lesion': 0, 'Lung Opacity': 0, 'No Finding': 1, 'Pleural Effusion': 0, 'Pleural Other': 0, 'Pneumonia': 0, 'Pneumothorax': 0, 'Support Devices': 0}"
"/home/michel/data/Text2Image/mimicxr_train_100/_val_e46_generate_text_top0.85r,edit/No acute cardiopulmonary process. Unremarkable chest radiographic examination/rank_0_000000_fr0.0_cr1.065edit.png","{'Atelectasis': 0, 'Cardiomegaly': 0, 'Consolidation': 0, 'Edema': 0, 'Enlarged Cardiomediastinum': 0, 'Fracture': 0, 'Lung Lesion': 0, 'Lung Opacity': 0, 'No Finding': 1, 'Pleural Effusion': 0, 'Pleural Other': 0, 'Pneumonia': 0, 'Pneumothorax': 0, 'Support Devices': 0}"
"/home/michel/data/Text2Image/mimicxr_train_100/_val_e46_generate_text_top0.85r,edit/No acute cardiopulmonary process. Unremarkable chest radiographic examination/rank_0_000000_fr0.0_cr1.066edit.png","{'Atelectasis': 0, 'Cardiomegaly': 0, 'Consolidation': 0, 'Edema': 0, 'Enlarged Cardiomediastinum': 0, 'Fracture': 0, 'Lung Lesion': 0, 'Lung Opacity': 0, 'No Finding': 1, 'Pleural Effusion': 0, 'Pleural Other': 0, 'Pneumonia': 0, 'Pneumothorax': 0, 'Support Devices': 0}"
"/home/michel/data/Text2Image/mimicxr_train_100/_val_e46_generate_text_top0.85r,edit/No acute cardiopulmonary process. Unremarkable chest radiographic examination/rank_0_000000_fr0.0_cr1.067edit.png","{'Atelectasis': 0, 'Cardiomegaly': 0, 'Consolidation': 0, 'Edema': 0, 'Enlarged Cardiomediastinum': 0, 'Fracture': 0, 'Lung Lesion': 0, 'Lung Opacity': 0, 'No Finding': 1, 'Pleural Effusion': 0, 'Pleural Other': 0, 'Pneumonia': 0, 'Pneumothorax': 0, 'Support Devices': 0}"
"/home/michel/data/Text2Image/mimicxr_train_100/_val_e46_generate_text_top0.85r,edit/No acute cardiopulmonary process. Unremarkable chest radiographic examination/rank_0_000000_fr0.0_cr1.068edit.png","{'Atelectasis': 0, 'Cardiomegaly': 0, 'Consolidation': 0, 'Edema': 0, 'Enlarged Cardiomediastinum': 0, 'Fracture': 0, 'Lung Lesion': 0, 'Lung Opacity': 0, 'No Finding': 1, 'Pleural Effusion': 0, 'Pleural Other': 0, 'Pneumonia': 0, 'Pneumothorax': 0, 'Support Devices': 0}"
"/home/michel/data/Text2Image/mimicxr_train_100/_val_e46_generate_text_top0.85r,edit/No acute cardiopulmonary process. Unremarkable chest radiographic examination/rank_0_000000_fr0.0_cr1.069edit.png","{'Atelectasis': 0, 'Cardiomegaly': 0, 'Consolidation': 0, 'Edema': 0, 'Enlarged Cardiomediastinum': 0, 'Fracture': 0, 'Lung Lesion': 0, 'Lung Opacity': 0, 'No Finding': 1, 'Pleural Effusion': 0, 'Pleural Other': 0, 'Pneumonia': 0, 'Pneumothorax': 0, 'Support Devices': 0}"
"/home/michel/data/Text2Image/mimicxr_train_100/_val_e46_generate_text_top0.85r,edit/No acute cardiopulmonary process. Unremarkable chest radiographic examination/rank_0_000000_fr0.0_cr1.070edit.png","{'Atelectasis': 0, 'Cardiomegaly': 0, 'Consolidation': 0, 'Edema': 0, 'Enlarged Cardiomediastinum': 0, 'Fracture': 0, 'Lung Lesion': 0, 'Lung Opacity': 0, 'No Finding': 1, 'Pleural Effusion': 0, 'Pleural Other': 0, 'Pneumonia': 0, 'Pneumothorax': 0, 'Support Devices': 0}"
"/home/michel/data/Text2Image/mimicxr_train_100/_val_e46_generate_text_top0.85r,edit/No acute cardiopulmonary process. Unremarkable chest radiographic examination/rank_0_000000_fr0.0_cr1.071edit.png","{'Atelectasis': 0, 'Cardiomegaly': 0, 'Consolidation': 0, 'Edema': 0, 'Enlarged Cardiomediastinum': 0, 'Fracture': 0, 'Lung Lesion': 0, 'Lung Opacity': 0, 'No Finding': 1, 'Pleural Effusion': 0, 'Pleural Other': 0, 'Pneumonia': 0, 'Pneumothorax': 0, 'Support Devices': 0}"
"/home/michel/data/Text2Image/mimicxr_train_100/_val_e46_generate_text_top0.85r,edit/No acute cardiopulmonary process. Unremarkable chest radiographic examination/rank_0_000000_fr0.0_cr1.072edit.png","{'Atelectasis': 0, 'Cardiomegaly': 0, 'Consolidation': 0, 'Edema': 0, 'Enlarged Cardiomediastinum': 0, 'Fracture': 0, 'Lung Lesion': 0, 'Lung Opacity': 0, 'No Finding': 1, 'Pleural Effusion': 0, 'Pleural Other': 0, 'Pneumonia': 0, 'Pneumothorax': 0, 'Support Devices': 0}"
"/home/michel/data/Text2Image/mimicxr_train_100/_val_e46_generate_text_top0.85r,edit/No acute cardiopulmonary process. Unremarkable chest radiographic examination/rank_0_000000_fr0.0_cr1.073edit.png","{'Atelectasis': 0, 'Cardiomegaly': 0, 'Consolidation': 0, 'Edema': 0, 'Enlarged Cardiomediastinum': 0, 'Fracture': 0, 'Lung Lesion': 0, 'Lung Opacity': 0, 'No Finding': 1, 'Pleural Effusion': 0, 'Pleural Other': 0, 'Pneumonia': 0, 'Pneumothorax': 0, 'Support Devices': 0}"
"/home/michel/data/Text2Image/mimicxr_train_100/_val_e46_generate_text_top0.85r,edit/No acute cardiopulmonary process. Unremarkable chest radiographic examination/rank_0_000000_fr0.0_cr1.074edit.png","{'Atelectasis': 0, 'Cardiomegaly': 0, 'Consolidation': 0, 'Edema': 0, 'Enlarged Cardiomediastinum': 0, 'Fracture': 0, 'Lung Lesion': 0, 'Lung Opacity': 0, 'No Finding': 1, 'Pleural Effusion': 0, 'Pleural Other': 0, 'Pneumonia': 0, 'Pneumothorax': 0, 'Support Devices': 0}"
"/home/michel/data/Text2Image/mimicxr_train_100/_val_e46_generate_text_top0.85r,edit/No acute cardiopulmonary process. Unremarkable chest radiographic examination/rank_0_000000_fr0.0_cr1.075edit.png","{'Atelectasis': 0, 'Cardiomegaly': 0, 'Consolidation': 0, 'Edema': 0, 'Enlarged Cardiomediastinum': 0, 'Fracture': 0, 'Lung Lesion': 0, 'Lung Opacity': 0, 'No Finding': 1, 'Pleural Effusion': 0, 'Pleural Other': 0, 'Pneumonia': 0, 'Pneumothorax': 0, 'Support Devices': 0}"
"/home/michel/data/Text2Image/mimicxr_train_100/_val_e46_generate_text_top0.85r,edit/No acute cardiopulmonary process. Unremarkable chest radiographic examination/rank_0_000000_fr0.0_cr1.076edit.png","{'Atelectasis': 0, 'Cardiomegaly': 0, 'Consolidation': 0, 'Edema': 0, 'Enlarged Cardiomediastinum': 0, 'Fracture': 0, 'Lung Lesion': 0, 'Lung Opacity': 0, 'No Finding': 1, 'Pleural Effusion': 0, 'Pleural Other': 0, 'Pneumonia': 0, 'Pneumothorax': 0, 'Support Devices': 0}"
"/home/michel/data/Text2Image/mimicxr_train_100/_val_e46_generate_text_top0.85r,edit/No acute cardiopulmonary process. Unremarkable chest radiographic examination/rank_0_000000_fr0.0_cr1.077edit.png","{'Atelectasis': 0, 'Cardiomegaly': 0, 'Consolidation': 0, 'Edema': 0, 'Enlarged Cardiomediastinum': 0, 'Fracture': 0, 'Lung Lesion': 0, 'Lung Opacity': 0, 'No Finding': 1, 'Pleural Effusion': 0, 'Pleural Other': 0, 'Pneumonia': 0, 'Pneumothorax': 0, 'Support Devices': 0}"
"/home/michel/data/Text2Image/mimicxr_train_100/_val_e46_generate_text_top0.85r,edit/No acute cardiopulmonary process. Unremarkable chest radiographic examination/rank_0_000000_fr0.0_cr1.078edit.png","{'Atelectasis': 0, 'Cardiomegaly': 0, 'Consolidation': 0, 'Edema': 0, 'Enlarged Cardiomediastinum': 0, 'Fracture': 0, 'Lung Lesion': 0, 'Lung Opacity': 0, 'No Finding': 1, 'Pleural Effusion': 0, 'Pleural Other': 0, 'Pneumonia': 0, 'Pneumothorax': 0, 'Support Devices': 0}"
"/home/michel/data/Text2Image/mimicxr_train_100/_val_e46_generate_text_top0.85r,edit/No acute cardiopulmonary process. Unremarkable chest radiographic examination/rank_0_000000_fr0.0_cr1.079edit.png","{'Atelectasis': 0, 'Cardiomegaly': 0, 'Consolidation': 0, 'Edema': 0, 'Enlarged Cardiomediastinum': 0, 'Fracture': 0, 'Lung Lesion': 0, 'Lung Opacity': 0, 'No Finding': 1, 'Pleural Effusion': 0, 'Pleural Other': 0, 'Pneumonia': 0, 'Pneumothorax': 0, 'Support Devices': 0}"
"/home/michel/data/Text2Image/mimicxr_train_100/_val_e46_generate_text_top0.85r,edit/No acute cardiopulmonary process. Unremarkable chest radiographic examination/rank_0_000000_fr0.0_cr1.080edit.png","{'Atelectasis': 0, 'Cardiomegaly': 0, 'Consolidation': 0, 'Edema': 0, 'Enlarged Cardiomediastinum': 0, 'Fracture': 0, 'Lung Lesion': 0, 'Lung Opacity': 0, 'No Finding': 1, 'Pleural Effusion': 0, 'Pleural Other': 0, 'Pneumonia': 0, 'Pneumothorax': 0, 'Support Devices': 0}"
"/home/michel/data/Text2Image/mimicxr_train_100/_val_e46_generate_text_top0.85r,edit/No acute cardiopulmonary process. Unremarkable chest radiographic examination/rank_0_000000_fr0.0_cr1.081edit.png","{'Atelectasis': 0, 'Cardiomegaly': 0, 'Consolidation': 0, 'Edema': 0, 'Enlarged Cardiomediastinum': 0, 'Fracture': 0, 'Lung Lesion': 0, 'Lung Opacity': 0, 'No Finding': 1, 'Pleural Effusion': 0, 'Pleural Other': 0, 'Pneumonia': 0, 'Pneumothorax': 0, 'Support Devices': 0}"
"/home/michel/data/Text2Image/mimicxr_train_100/_val_e46_generate_text_top0.85r,edit/No acute cardiopulmonary process. Unremarkable chest radiographic examination/rank_0_000000_fr0.0_cr1.082edit.png","{'Atelectasis': 0, 'Cardiomegaly': 0, 'Consolidation': 0, 'Edema': 0, 'Enlarged Cardiomediastinum': 0, 'Fracture': 0, 'Lung Lesion': 0, 'Lung Opacity': 0, 'No Finding': 1, 'Pleural Effusion': 0, 'Pleural Other': 0, 'Pneumonia': 0, 'Pneumothorax': 0, 'Support Devices': 0}"
"/home/michel/data/Text2Image/mimicxr_train_100/_val_e46_generate_text_top0.85r,edit/No acute cardiopulmonary process. Unremarkable chest radiographic examination/rank_0_000000_fr0.0_cr1.083edit.png","{'Atelectasis': 0, 'Cardiomegaly': 0, 'Consolidation': 0, 'Edema': 0, 'Enlarged Cardiomediastinum': 0, 'Fracture': 0, 'Lung Lesion': 0, 'Lung Opacity': 0, 'No Finding': 1, 'Pleural Effusion': 0, 'Pleural Other': 0, 'Pneumonia': 0, 'Pneumothorax': 0, 'Support Devices': 0}"
"/home/michel/data/Text2Image/mimicxr_train_100/_val_e46_generate_text_top0.85r,edit/No acute cardiopulmonary process. Unremarkable chest radiographic examination/rank_0_000000_fr0.0_cr1.084edit.png","{'Atelectasis': 0, 'Cardiomegaly': 0, 'Consolidation': 0, 'Edema': 0, 'Enlarged Cardiomediastinum': 0, 'Fracture': 0, 'Lung Lesion': 0, 'Lung Opacity': 0, 'No Finding': 1, 'Pleural Effusion': 0, 'Pleural Other': 0, 'Pneumonia': 0, 'Pneumothorax': 0, 'Support Devices': 0}"
"/home/michel/data/Text2Image/mimicxr_train_100/_val_e46_generate_text_top0.85r,edit/No acute cardiopulmonary process. Unremarkable chest radiographic examination/rank_0_000000_fr0.0_cr1.085edit.png","{'Atelectasis': 0, 'Cardiomegaly': 0, 'Consolidation': 0, 'Edema': 0, 'Enlarged Cardiomediastinum': 0, 'Fracture': 0, 'Lung Lesion': 0, 'Lung Opacity': 0, 'No Finding': 1, 'Pleural Effusion': 0, 'Pleural Other': 0, 'Pneumonia': 0, 'Pneumothorax': 0, 'Support Devices': 0}"
"/home/michel/data/Text2Image/mimicxr_train_100/_val_e46_generate_text_top0.85r,edit/No acute cardiopulmonary process. Unremarkable chest radiographic examination/rank_0_000000_fr0.0_cr1.086edit.png","{'Atelectasis': 0, 'Cardiomegaly': 0, 'Consolidation': 0, 'Edema': 0, 'Enlarged Cardiomediastinum': 0, 'Fracture': 0, 'Lung Lesion': 0, 'Lung Opacity': 0, 'No Finding': 1, 'Pleural Effusion': 0, 'Pleural Other': 0, 'Pneumonia': 0, 'Pneumothorax': 0, 'Support Devices': 0}"
"/home/michel/data/Text2Image/mimicxr_train_100/_val_e46_generate_text_top0.85r,edit/No acute cardiopulmonary process. Unremarkable chest radiographic examination/rank_0_000000_fr0.0_cr1.087edit.png","{'Atelectasis': 0, 'Cardiomegaly': 0, 'Consolidation': 0, 'Edema': 0, 'Enlarged Cardiomediastinum': 0, 'Fracture': 0, 'Lung Lesion': 0, 'Lung Opacity': 0, 'No Finding': 1, 'Pleural Effusion': 0, 'Pleural Other': 0, 'Pneumonia': 0, 'Pneumothorax': 0, 'Support Devices': 0}"
"/home/michel/data/Text2Image/mimicxr_train_100/_val_e46_generate_text_top0.85r,edit/No acute cardiopulmonary process. Unremarkable chest radiographic examination/rank_0_000000_fr0.0_cr1.088edit.png","{'Atelectasis': 0, 'Cardiomegaly': 0, 'Consolidation': 0, 'Edema': 0, 'Enlarged Cardiomediastinum': 0, 'Fracture': 0, 'Lung Lesion': 0, 'Lung Opacity': 0, 'No Finding': 1, 'Pleural Effusion': 0, 'Pleural Other': 0, 'Pneumonia': 0, 'Pneumothorax': 0, 'Support Devices': 1}"
"/home/michel/data/Text2Image/mimicxr_train_100/_val_e46_generate_text_top0.85r,edit/No acute cardiopulmonary process. Unremarkable chest radiographic examination/rank_0_000000_fr0.0_cr1.089edit.png","{'Atelectasis': 0, 'Cardiomegaly': 0, 'Consolidation': 0, 'Edema': 0, 'Enlarged Cardiomediastinum': 0, 'Fracture': 0, 'Lung Lesion': 0, 'Lung Opacity': 0, 'No Finding': 1, 'Pleural Effusion': 0, 'Pleural Other': 0, 'Pneumonia': 0, 'Pneumothorax': 0, 'Support Devices': 1}"
"/home/michel/data/Text2Image/mimicxr_train_100/_val_e46_generate_text_top0.85r,edit/No acute cardiopulmonary process. Unremarkable chest radiographic examination/rank_0_000000_fr0.0_cr1.090edit.png","{'Atelectasis': 0, 'Cardiomegaly': 0, 'Consolidation': 0, 'Edema': 0, 'Enlarged Cardiomediastinum': 0, 'Fracture': 0, 'Lung Lesion': 0, 'Lung Opacity': 0, 'No Finding': 1, 'Pleural Effusion': 0, 'Pleural Other': 0, 'Pneumonia': 0, 'Pneumothorax': 0, 'Support Devices': 0}"
"/home/michel/data/Text2Image/mimicxr_train_100/_val_e46_generate_text_top0.85r,edit/No acute cardiopulmonary process. Unremarkable chest radiographic examination/rank_0_000000_fr0.0_cr1.091edit.png","{'Atelectasis': 0, 'Cardiomegaly': 0, 'Consolidation': 0, 'Edema': 0, 'Enlarged Cardiomediastinum': 0, 'Fracture': 0, 'Lung Lesion': 0, 'Lung Opacity': 0, 'No Finding': 1, 'Pleural Effusion': 0, 'Pleural Other': 0, 'Pneumonia': 0, 'Pneumothorax': 0, 'Support Devices': 0}"
"/home/michel/data/Text2Image/mimicxr_train_100/_val_e46_generate_text_top0.85r,edit/No acute cardiopulmonary process. Unremarkable chest radiographic examination/rank_0_000000_fr0.0_cr1.092edit.png","{'Atelectasis': 0, 'Cardiomegaly': 0, 'Consolidation': 0, 'Edema': 0, 'Enlarged Cardiomediastinum': 0, 'Fracture': 0, 'Lung Lesion': 0, 'Lung Opacity': 0, 'No Finding': 1, 'Pleural Effusion': 0, 'Pleural Other': 0, 'Pneumonia': 0, 'Pneumothorax': 0, 'Support Devices': 0}"
"/home/michel/data/Text2Image/mimicxr_train_100/_val_e46_generate_text_top0.85r,edit/No acute cardiopulmonary process. Unremarkable chest radiographic examination/rank_0_000000_fr0.0_cr1.093edit.png","{'Atelectasis': 0, 'Cardiomegaly': 0, 'Consolidation': 0, 'Edema': 0, 'Enlarged Cardiomediastinum': 0, 'Fracture': 0, 'Lung Lesion': 0, 'Lung Opacity': 0, 'No Finding': 1, 'Pleural Effusion': 0, 'Pleural Other': 0, 'Pneumonia': 0, 'Pneumothorax': 0, 'Support Devices': 0}"
"/home/michel/data/Text2Image/mimicxr_train_100/_val_e46_generate_text_top0.85r,edit/No acute cardiopulmonary process. Unremarkable chest radiographic examination/rank_0_000000_fr0.0_cr1.094edit.png","{'Atelectasis': 0, 'Cardiomegaly': 0, 'Consolidation': 0, 'Edema': 0, 'Enlarged Cardiomediastinum': 0, 'Fracture': 0, 'Lung Lesion': 0, 'Lung Opacity': 0, 'No Finding': 1, 'Pleural Effusion': 0, 'Pleural Other': 0, 'Pneumonia': 0, 'Pneumothorax': 0, 'Support Devices': 0}"
"/home/michel/data/Text2Image/mimicxr_train_100/_val_e46_generate_text_top0.85r,edit/No acute cardiopulmonary process. Unremarkable chest radiographic examination/rank_0_000000_fr0.0_cr1.095edit.png","{'Atelectasis': 0, 'Cardiomegaly': 0, 'Consolidation': 0, 'Edema': 0, 'Enlarged Cardiomediastinum': 0, 'Fracture': 0, 'Lung Lesion': 0, 'Lung Opacity': 0, 'No Finding': 1, 'Pleural Effusion': 0, 'Pleural Other': 0, 'Pneumonia': 0, 'Pneumothorax': 0, 'Support Devices': 1}"
"/home/michel/data/Text2Image/mimicxr_train_100/_val_e46_generate_text_top0.85r,edit/No acute cardiopulmonary process. Unremarkable chest radiographic examination/rank_0_000000_fr0.0_cr1.096edit.png","{'Atelectasis': 0, 'Cardiomegaly': 0, 'Consolidation': 0, 'Edema': 0, 'Enlarged Cardiomediastinum': 0, 'Fracture': 0, 'Lung Lesion': 0, 'Lung Opacity': 0, 'No Finding': 1, 'Pleural Effusion': 0, 'Pleural Other': 0, 'Pneumonia': 0, 'Pneumothorax': 0, 'Support Devices': 0}"
"/home/michel/data/Text2Image/mimicxr_train_100/_val_e46_generate_text_top0.85r,edit/No acute cardiopulmonary process. Unremarkable chest radiographic examination/rank_0_000000_fr0.0_cr1.097edit.png","{'Atelectasis': 0, 'Cardiomegaly': 0, 'Consolidation': 0, 'Edema': 0, 'Enlarged Cardiomediastinum': 0, 'Fracture': 0, 'Lung Lesion': 0, 'Lung Opacity': 0, 'No Finding': 1, 'Pleural Effusion': 0, 'Pleural Other': 0, 'Pneumonia': 0, 'Pneumothorax': 0, 'Support Devices': 0}"
"/home/michel/data/Text2Image/mimicxr_train_100/_val_e46_generate_text_top0.85r,edit/No acute cardiopulmonary process. Unremarkable chest radiographic examination/rank_0_000000_fr0.0_cr1.098edit.png","{'Atelectasis': 0, 'Cardiomegaly': 0, 'Consolidation': 0, 'Edema': 0, 'Enlarged Cardiomediastinum': 0, 'Fracture': 0, 'Lung Lesion': 0, 'Lung Opacity': 0, 'No Finding': 1, 'Pleural Effusion': 0, 'Pleural Other': 0, 'Pneumonia': 0, 'Pneumothorax': 0, 'Support Devices': 1}"
"/home/michel/data/Text2Image/mimicxr_train_100/_val_e46_generate_text_top0.85r,edit/No acute cardiopulmonary process. Unremarkable chest radiographic examination/rank_0_000000_fr0.0_cr1.099edit.png","{'Atelectasis': 0, 'Cardiomegaly': 0, 'Consolidation': 0, 'Edema': 0, 'Enlarged Cardiomediastinum': 0, 'Fracture': 0, 'Lung Lesion': 0, 'Lung Opacity': 0, 'No Finding': 1, 'Pleural Effusion': 0, 'Pleural Other': 0, 'Pneumonia': 0, 'Pneumothorax': 0, 'Support Devices': 1}"
"/home/michel/data/Text2Image/mimicxr_train_100/_val_e46_generate_text_top0.85r,edit/No acute cardiopulmonary process. Unremarkable chest radiographic examination/rank_0_000000_fr0.0_cr1.0100edit.png","{'Atelectasis': 0, 'Cardiomegaly': 0, 'Consolidation': 0, 'Edema': 0, 'Enlarged Cardiomediastinum': 0, 'Fracture': 0, 'Lung Lesion': 0, 'Lung Opacity': 0, 'No Finding': 1, 'Pleural Effusion': 0, 'Pleural Other': 0, 'Pneumonia': 0, 'Pneumothorax': 0, 'Support Devices': 0}"
"/home/michel/data/Text2Image/mimicxr_train_100/_val_e46_generate_text_top0.85r,edit/No acute cardiopulmonary process. Unremarkable chest radiographic examination/rank_0_000000_fr0.0_cr1.0101edit.png","{'Atelectasis': 0, 'Cardiomegaly': 0, 'Consolidation': 0, 'Edema': 0, 'Enlarged Cardiomediastinum': 0, 'Fracture': 0, 'Lung Lesion': 0, 'Lung Opacity': 0, 'No Finding': 1, 'Pleural Effusion': 0, 'Pleural Other': 0, 'Pneumonia': 0, 'Pneumothorax': 0, 'Support Devices': 0}"
"/home/michel/data/Text2Image/mimicxr_train_100/_val_e46_generate_text_top0.85r,edit/No acute cardiopulmonary process. Unremarkable chest radiographic examination/rank_0_000000_fr0.0_cr1.0102edit.png","{'Atelectasis': 0, 'Cardiomegaly': 0, 'Consolidation': 0, 'Edema': 0, 'Enlarged Cardiomediastinum': 0, 'Fracture': 0, 'Lung Lesion': 0, 'Lung Opacity': 0, 'No Finding': 1, 'Pleural Effusion': 0, 'Pleural Other': 0, 'Pneumonia': 0, 'Pneumothorax': 0, 'Support Devices': 0}"
"/home/michel/data/Text2Image/mimicxr_train_100/_val_e46_generate_text_top0.85r,edit/No acute cardiopulmonary process. Unremarkable chest radiographic examination/rank_0_000000_fr0.0_cr1.0103edit.png","{'Atelectasis': 0, 'Cardiomegaly': 0, 'Consolidation': 0, 'Edema': 0, 'Enlarged Cardiomediastinum': 0, 'Fracture': 0, 'Lung Lesion': 0, 'Lung Opacity': 0, 'No Finding': 1, 'Pleural Effusion': 0, 'Pleural Other': 0, 'Pneumonia': 0, 'Pneumothorax': 0, 'Support Devices': 0}"
"/home/michel/data/Text2Image/mimicxr_train_100/_val_e46_generate_text_top0.85r,edit/No acute cardiopulmonary process. Unremarkable chest radiographic examination/rank_0_000000_fr0.0_cr1.0104edit.png","{'Atelectasis': 0, 'Cardiomegaly': 0, 'Consolidation': 0, 'Edema': 0, 'Enlarged Cardiomediastinum': 0, 'Fracture': 0, 'Lung Lesion': 0, 'Lung Opacity': 0, 'No Finding': 1, 'Pleural Effusion': 0, 'Pleural Other': 0, 'Pneumonia': 0, 'Pneumothorax': 0, 'Support Devices': 0}"
"/home/michel/data/Text2Image/mimicxr_train_100/_val_e46_generate_text_top0.85r,edit/No acute cardiopulmonary process. Unremarkable chest radiographic examination/rank_0_000000_fr0.0_cr1.0105edit.png","{'Atelectasis': 0, 'Cardiomegaly': 0, 'Consolidation': 0, 'Edema': 0, 'Enlarged Cardiomediastinum': 0, 'Fracture': 0, 'Lung Lesion': 0, 'Lung Opacity': 0, 'No Finding': 1, 'Pleural Effusion': 0, 'Pleural Other': 0, 'Pneumonia': 0, 'Pneumothorax': 0, 'Support Devices': 0}"
"/home/michel/data/Text2Image/mimicxr_train_100/_val_e46_generate_text_top0.85r,edit/No acute cardiopulmonary process. Unremarkable chest radiographic examination/rank_0_000000_fr0.0_cr1.0106edit.png","{'Atelectasis': 0, 'Cardiomegaly': 0, 'Consolidation': 0, 'Edema': 0, 'Enlarged Cardiomediastinum': 0, 'Fracture': 0, 'Lung Lesion': 0, 'Lung Opacity': 0, 'No Finding': 1, 'Pleural Effusion': 0, 'Pleural Other': 0, 'Pneumonia': 0, 'Pneumothorax': 0, 'Support Devices': 0}"
"/home/michel/data/Text2Image/mimicxr_train_100/_val_e46_generate_text_top0.85r,edit/No acute cardiopulmonary process. Unremarkable chest radiographic examination/rank_0_000000_fr0.0_cr1.0107edit.png","{'Atelectasis': 0, 'Cardiomegaly': 0, 'Consolidation': 0, 'Edema': 0, 'Enlarged Cardiomediastinum': 0, 'Fracture': 0, 'Lung Lesion': 0, 'Lung Opacity': 0, 'No Finding': 1, 'Pleural Effusion': 0, 'Pleural Other': 0, 'Pneumonia': 0, 'Pneumothorax': 0, 'Support Devices': 0}"
"/home/michel/data/Text2Image/mimicxr_train_100/_val_e46_generate_text_top0.85r,edit/No acute cardiopulmonary process. Unremarkable chest radiographic examination/rank_0_000000_fr0.0_cr1.0108edit.png","{'Atelectasis': 0, 'Cardiomegaly': 0, 'Consolidation': 0, 'Edema': 0, 'Enlarged Cardiomediastinum': 0, 'Fracture': 0, 'Lung Lesion': 0, 'Lung Opacity': 0, 'No Finding': 1, 'Pleural Effusion': 0, 'Pleural Other': 0, 'Pneumonia': 0, 'Pneumothorax': 0, 'Support Devices': 0}"
"/home/michel/data/Text2Image/mimicxr_train_100/_val_e46_generate_text_top0.85r,edit/No acute cardiopulmonary process. Unremarkable chest radiographic examination/rank_0_000000_fr0.0_cr1.0109edit.png","{'Atelectasis': 0, 'Cardiomegaly': 0, 'Consolidation': 0, 'Edema': 0, 'Enlarged Cardiomediastinum': 0, 'Fracture': 0, 'Lung Lesion': 0, 'Lung Opacity': 0, 'No Finding': 1, 'Pleural Effusion': 0, 'Pleural Other': 0, 'Pneumonia': 0, 'Pneumothorax': 0, 'Support Devices': 0}"
"/home/michel/data/Text2Image/mimicxr_train_100/_val_e46_generate_text_top0.85r,edit/No acute cardiopulmonary process. Unremarkable chest radiographic examination/rank_0_000000_fr0.0_cr1.0110edit.png","{'Atelectasis': 0, 'Cardiomegaly': 0, 'Consolidation': 0, 'Edema': 0, 'Enlarged Cardiomediastinum': 0, 'Fracture': 0, 'Lung Lesion': 0, 'Lung Opacity': 0, 'No Finding': 1, 'Pleural Effusion': 0, 'Pleural Other': 0, 'Pneumonia': 0, 'Pneumothorax': 0, 'Support Devices': 0}"
"/home/michel/data/Text2Image/mimicxr_train_100/_val_e46_generate_text_top0.85r,edit/No acute cardiopulmonary process. Unremarkable chest radiographic examination/rank_0_000000_fr0.0_cr1.0111edit.png","{'Atelectasis': 0, 'Cardiomegaly': 0, 'Consolidation': 0, 'Edema': 0, 'Enlarged Cardiomediastinum': 0, 'Fracture': 0, 'Lung Lesion': 0, 'Lung Opacity': 0, 'No Finding': 1, 'Pleural Effusion': 0, 'Pleural Other': 0, 'Pneumonia': 0, 'Pneumothorax': 0, 'Support Devices': 0}"
"/home/michel/data/Text2Image/mimicxr_train_100/_val_e46_generate_text_top0.85r,edit/No acute cardiopulmonary process. Unremarkable chest radiographic examination/rank_0_000000_fr0.0_cr1.0112edit.png","{'Atelectasis': 0, 'Cardiomegaly': 0, 'Consolidation': 0, 'Edema': 0, 'Enlarged Cardiomediastinum': 0, 'Fracture': 0, 'Lung Lesion': 0, 'Lung Opacity': 0, 'No Finding': 1, 'Pleural Effusion': 0, 'Pleural Other': 0, 'Pneumonia': 0, 'Pneumothorax': 0, 'Support Devices': 0}"
"/home/michel/data/Text2Image/mimicxr_train_100/_val_e46_generate_text_top0.85r,edit/No acute cardiopulmonary process. Unremarkable chest radiographic examination/rank_0_000000_fr0.0_cr1.0113edit.png","{'Atelectasis': 0, 'Cardiomegaly': 0, 'Consolidation': 0, 'Edema': 0, 'Enlarged Cardiomediastinum': 0, 'Fracture': 0, 'Lung Lesion': 0, 'Lung Opacity': 0, 'No Finding': 1, 'Pleural Effusion': 0, 'Pleural Other': 0, 'Pneumonia': 0, 'Pneumothorax': 0, 'Support Devices': 0}"
"/home/michel/data/Text2Image/mimicxr_train_100/_val_e46_generate_text_top0.85r,edit/No acute cardiopulmonary process. Unremarkable chest radiographic examination/rank_0_000000_fr0.0_cr1.0114edit.png","{'Atelectasis': 0, 'Cardiomegaly': 0, 'Consolidation': 0, 'Edema': 0, 'Enlarged Cardiomediastinum': 0, 'Fracture': 0, 'Lung Lesion': 0, 'Lung Opacity': 0, 'No Finding': 1, 'Pleural Effusion': 0, 'Pleural Other': 0, 'Pneumonia': 0, 'Pneumothorax': 0, 'Support Devices': 0}"
"/home/michel/data/Text2Image/mimicxr_train_100/_val_e46_generate_text_top0.85r,edit/No acute cardiopulmonary process. Unremarkable chest radiographic examination/rank_0_000000_fr0.0_cr1.0115edit.png","{'Atelectasis': 0, 'Cardiomegaly': 0, 'Consolidation': 0, 'Edema': 0, 'Enlarged Cardiomediastinum': 0, 'Fracture': 0, 'Lung Lesion': 0, 'Lung Opacity': 0, 'No Finding': 1, 'Pleural Effusion': 0, 'Pleural Other': 0, 'Pneumonia': 0, 'Pneumothorax': 0, 'Support Devices': 0}"
"/home/michel/data/Text2Image/mimicxr_train_100/_val_e46_generate_text_top0.85r,edit/No acute cardiopulmonary process. Unremarkable chest radiographic examination/rank_0_000000_fr0.0_cr1.0116edit.png","{'Atelectasis': 0, 'Cardiomegaly': 0, 'Consolidation': 0, 'Edema': 0, 'Enlarged Cardiomediastinum': 0, 'Fracture': 0, 'Lung Lesion': 0, 'Lung Opacity': 0, 'No Finding': 1, 'Pleural Effusion': 0, 'Pleural Other': 0, 'Pneumonia': 0, 'Pneumothorax': 0, 'Support Devices': 0}"
"/home/michel/data/Text2Image/mimicxr_train_100/_val_e46_generate_text_top0.85r,edit/No acute cardiopulmonary process. Unremarkable chest radiographic examination/rank_0_000000_fr0.0_cr1.0117edit.png","{'Atelectasis': 0, 'Cardiomegaly': 0, 'Consolidation': 0, 'Edema': 0, 'Enlarged Cardiomediastinum': 0, 'Fracture': 0, 'Lung Lesion': 0, 'Lung Opacity': 0, 'No Finding': 1, 'Pleural Effusion': 0, 'Pleural Other': 0, 'Pneumonia': 0, 'Pneumothorax': 0, 'Support Devices': 0}"
"/home/michel/data/Text2Image/mimicxr_train_100/_val_e46_generate_text_top0.85r,edit/No acute cardiopulmonary process. Unremarkable chest radiographic examination/rank_0_000000_fr0.0_cr1.0118edit.png","{'Atelectasis': 0, 'Cardiomegaly': 0, 'Consolidation': 0, 'Edema': 0, 'Enlarged Cardiomediastinum': 0, 'Fracture': 0, 'Lung Lesion': 0, 'Lung Opacity': 0, 'No Finding': 1, 'Pleural Effusion': 0, 'Pleural Other': 0, 'Pneumonia': 0, 'Pneumothorax': 0, 'Support Devices': 0}"
"/home/michel/data/Text2Image/mimicxr_train_100/_val_e46_generate_text_top0.85r,edit/No acute cardiopulmonary process. Unremarkable chest radiographic examination/rank_0_000000_fr0.0_cr1.0119edit.png","{'Atelectasis': 0, 'Cardiomegaly': 0, 'Consolidation': 0, 'Edema': 0, 'Enlarged Cardiomediastinum': 0, 'Fracture': 0, 'Lung Lesion': 0, 'Lung Opacity': 0, 'No Finding': 1, 'Pleural Effusion': 0, 'Pleural Other': 0, 'Pneumonia': 0, 'Pneumothorax': 0, 'Support Devices': 0}"
"/home/michel/data/Text2Image/mimicxr_train_100/_val_e46_generate_text_top0.85r,edit/No acute cardiopulmonary process. Unremarkable chest radiographic examination/rank_0_000000_fr0.0_cr1.0120edit.png","{'Atelectasis': 0, 'Cardiomegaly': 0, 'Consolidation': 0, 'Edema': 0, 'Enlarged Cardiomediastinum': 0, 'Fracture': 0, 'Lung Lesion': 0, 'Lung Opacity': 0, 'No Finding': 1, 'Pleural Effusion': 0, 'Pleural Other': 0, 'Pneumonia': 0, 'Pneumothorax': 0, 'Support Devices': 0}"
"/home/michel/data/Text2Image/mimicxr_train_100/_val_e46_generate_text_top0.85r,edit/No acute cardiopulmonary process. Unremarkable chest radiographic examination/rank_0_000000_fr0.0_cr1.0121edit.png","{'Atelectasis': 0, 'Cardiomegaly': 0, 'Consolidation': 0, 'Edema': 0, 'Enlarged Cardiomediastinum': 0, 'Fracture': 0, 'Lung Lesion': 0, 'Lung Opacity': 0, 'No Finding': 1, 'Pleural Effusion': 0, 'Pleural Other': 0, 'Pneumonia': 0, 'Pneumothorax': 0, 'Support Devices': 0}"
"/home/michel/data/Text2Image/mimicxr_train_100/_val_e46_generate_text_top0.85r,edit/No acute cardiopulmonary process. Unremarkable chest radiographic examination/rank_0_000000_fr0.0_cr1.0122edit.png","{'Atelectasis': 0, 'Cardiomegaly': 0, 'Consolidation': 0, 'Edema': 0, 'Enlarged Cardiomediastinum': 0, 'Fracture': 0, 'Lung Lesion': 0, 'Lung Opacity': 0, 'No Finding': 1, 'Pleural Effusion': 0, 'Pleural Other': 0, 'Pneumonia': 0, 'Pneumothorax': 0, 'Support Devices': 0}"
"/home/michel/data/Text2Image/mimicxr_train_100/_val_e46_generate_text_top0.85r,edit/No acute cardiopulmonary process. Unremarkable chest radiographic examination/rank_0_000000_fr0.0_cr1.0123edit.png","{'Atelectasis': 0, 'Cardiomegaly': 0, 'Consolidation': 0, 'Edema': 0, 'Enlarged Cardiomediastinum': 0, 'Fracture': 0, 'Lung Lesion': 0, 'Lung Opacity': 0, 'No Finding': 1, 'Pleural Effusion': 0, 'Pleural Other': 0, 'Pneumonia': 0, 'Pneumothorax': 0, 'Support Devices': 0}"
"/home/michel/data/Text2Image/mimicxr_train_100/_val_e46_generate_text_top0.85r,edit/No acute cardiopulmonary process. Unremarkable chest radiographic examination/rank_0_000000_fr0.0_cr1.0124edit.png","{'Atelectasis': 0, 'Cardiomegaly': 0, 'Consolidation': 0, 'Edema': 0, 'Enlarged Cardiomediastinum': 0, 'Fracture': 0, 'Lung Lesion': 0, 'Lung Opacity': 0, 'No Finding': 1, 'Pleural Effusion': 0, 'Pleural Other': 0, 'Pneumonia': 0, 'Pneumothorax': 0, 'Support Devices': 0}"
"/home/michel/data/Text2Image/mimicxr_train_100/_val_e46_generate_text_top0.85r,edit/No acute cardiopulmonary process. Unremarkable chest radiographic examination/rank_0_000000_fr0.0_cr1.0125edit.png","{'Atelectasis': 0, 'Cardiomegaly': 0, 'Consolidation': 0, 'Edema': 0, 'Enlarged Cardiomediastinum': 0, 'Fracture': 0, 'Lung Lesion': 0, 'Lung Opacity': 0, 'No Finding': 1, 'Pleural Effusion': 0, 'Pleural Other': 0, 'Pneumonia': 0, 'Pneumothorax': 0, 'Support Devices': 0}"
"/home/michel/data/Text2Image/mimicxr_train_100/_val_e46_generate_text_top0.85r,edit/No acute cardiopulmonary process. Unremarkable chest radiographic examination/rank_0_000000_fr0.0_cr1.0126edit.png","{'Atelectasis': 0, 'Cardiomegaly': 0, 'Consolidation': 0, 'Edema': 0, 'Enlarged Cardiomediastinum': 0, 'Fracture': 0, 'Lung Lesion': 0, 'Lung Opacity': 0, 'No Finding': 1, 'Pleural Effusion': 0, 'Pleural Other': 0, 'Pneumonia': 0, 'Pneumothorax': 0, 'Support Devices': 0}"
"/home/michel/data/Text2Image/mimicxr_train_100/_val_e46_generate_text_top0.85r,edit/No acute cardiopulmonary process. Unremarkable chest radiographic examination/rank_0_000000_fr0.0_cr1.0127edit.png","{'Atelectasis': 0, 'Cardiomegaly': 0, 'Consolidation': 0, 'Edema': 0, 'Enlarged Cardiomediastinum': 0, 'Fracture': 0, 'Lung Lesion': 0, 'Lung Opacity': 0, 'No Finding': 1, 'Pleural Effusion': 0, 'Pleural Other': 0, 'Pneumonia': 0, 'Pneumothorax': 0, 'Support Devices': 0}"
"/home/michel/data/Text2Image/mimicxr_train_100/_val_e46_generate_text_top0.85r,edit/No acute cardiopulmonary process. Unremarkable chest radiographic examination/rank_0_000000_fr0.0_cr1.0128edit.png","{'Atelectasis': 0, 'Cardiomegaly': 0, 'Consolidation': 0, 'Edema': 0, 'Enlarged Cardiomediastinum': 0, 'Fracture': 0, 'Lung Lesion': 0, 'Lung Opacity': 0, 'No Finding': 1, 'Pleural Effusion': 0, 'Pleural Other': 0, 'Pneumonia': 0, 'Pneumothorax': 0, 'Support Devices': 0}"
"/home/michel/data/Text2Image/mimicxr_train_100/_val_e46_generate_text_top0.85r,edit/No acute cardiopulmonary process. Unremarkable chest radiographic examination/rank_0_000000_fr0.0_cr1.0129edit.png","{'Atelectasis': 0, 'Cardiomegaly': 0, 'Consolidation': 0, 'Edema': 0, 'Enlarged Cardiomediastinum': 0, 'Fracture': 0, 'Lung Lesion': 0, 'Lung Opacity': 0, 'No Finding': 1, 'Pleural Effusion': 0, 'Pleural Other': 0, 'Pneumonia': 0, 'Pneumothorax': 0, 'Support Devices': 1}"
"/home/michel/data/Text2Image/mimicxr_train_100/_val_e46_generate_text_top0.85r,edit/No acute cardiopulmonary process. Unremarkable chest radiographic examination/rank_0_000000_fr0.0_cr1.0130edit.png","{'Atelectasis': 0, 'Cardiomegaly': 0, 'Consolidation': 0, 'Edema': 0, 'Enlarged Cardiomediastinum': 0, 'Fracture': 0, 'Lung Lesion': 0, 'Lung Opacity': 0, 'No Finding': 1, 'Pleural Effusion': 0, 'Pleural Other': 0, 'Pneumonia': 0, 'Pneumothorax': 0, 'Support Devices': 0}"
"/home/michel/data/Text2Image/mimicxr_train_100/_val_e46_generate_text_top0.85r,edit/No acute cardiopulmonary process. Unremarkable chest radiographic examination/rank_0_000000_fr0.0_cr1.0131edit.png","{'Atelectasis': 0, 'Cardiomegaly': 0, 'Consolidation': 0, 'Edema': 0, 'Enlarged Cardiomediastinum': 0, 'Fracture': 0, 'Lung Lesion': 0, 'Lung Opacity': 0, 'No Finding': 1, 'Pleural Effusion': 0, 'Pleural Other': 0, 'Pneumonia': 0, 'Pneumothorax': 0, 'Support Devices': 0}"
"/home/michel/data/Text2Image/mimicxr_train_100/_val_e46_generate_text_top0.85r,edit/No acute cardiopulmonary process. Unremarkable chest radiographic examination/rank_0_000000_fr0.0_cr1.0132edit.png","{'Atelectasis': 0, 'Cardiomegaly': 0, 'Consolidation': 0, 'Edema': 0, 'Enlarged Cardiomediastinum': 0, 'Fracture': 0, 'Lung Lesion': 0, 'Lung Opacity': 0, 'No Finding': 1, 'Pleural Effusion': 0, 'Pleural Other': 0, 'Pneumonia': 0, 'Pneumothorax': 0, 'Support Devices': 0}"
"/home/michel/data/Text2Image/mimicxr_train_100/_val_e46_generate_text_top0.85r,edit/No acute cardiopulmonary process. Unremarkable chest radiographic examination/rank_0_000000_fr0.0_cr1.0133edit.png","{'Atelectasis': 0, 'Cardiomegaly': 0, 'Consolidation': 0, 'Edema': 0, 'Enlarged Cardiomediastinum': 0, 'Fracture': 0, 'Lung Lesion': 0, 'Lung Opacity': 0, 'No Finding': 1, 'Pleural Effusion': 0, 'Pleural Other': 0, 'Pneumonia': 0, 'Pneumothorax': 0, 'Support Devices': 0}"
"/home/michel/data/Text2Image/mimicxr_train_100/_val_e46_generate_text_top0.85r,edit/No acute cardiopulmonary process. Unremarkable chest radiographic examination/rank_0_000000_fr0.0_cr1.0134edit.png","{'Atelectasis': 0, 'Cardiomegaly': 0, 'Consolidation': 0, 'Edema': 0, 'Enlarged Cardiomediastinum': 0, 'Fracture': 0, 'Lung Lesion': 0, 'Lung Opacity': 0, 'No Finding': 1, 'Pleural Effusion': 0, 'Pleural Other': 0, 'Pneumonia': 0, 'Pneumothorax': 0, 'Support Devices': 0}"
"/home/michel/data/Text2Image/mimicxr_train_100/_val_e46_generate_text_top0.85r,edit/No acute cardiopulmonary process. Unremarkable chest radiographic examination/rank_0_000000_fr0.0_cr1.0135edit.png","{'Atelectasis': 0, 'Cardiomegaly': 0, 'Consolidation': 0, 'Edema': 0, 'Enlarged Cardiomediastinum': 0, 'Fracture': 0, 'Lung Lesion': 0, 'Lung Opacity': 0, 'No Finding': 1, 'Pleural Effusion': 0, 'Pleural Other': 0, 'Pneumonia': 0, 'Pneumothorax': 0, 'Support Devices': 0}"
"/home/michel/data/Text2Image/mimicxr_train_100/_val_e46_generate_text_top0.85r,edit/No acute cardiopulmonary process. Unremarkable chest radiographic examination/rank_0_000000_fr0.0_cr1.0136edit.png","{'Atelectasis': 0, 'Cardiomegaly': 0, 'Consolidation': 0, 'Edema': 0, 'Enlarged Cardiomediastinum': 0, 'Fracture': 0, 'Lung Lesion': 0, 'Lung Opacity': 0, 'No Finding': 1, 'Pleural Effusion': 0, 'Pleural Other': 0, 'Pneumonia': 0, 'Pneumothorax': 0, 'Support Devices': 0}"
"/home/michel/data/Text2Image/mimicxr_train_100/_val_e46_generate_text_top0.85r,edit/No acute cardiopulmonary process. Unremarkable chest radiographic examination/rank_0_000000_fr0.0_cr1.0137edit.png","{'Atelectasis': 0, 'Cardiomegaly': 0, 'Consolidation': 0, 'Edema': 0, 'Enlarged Cardiomediastinum': 0, 'Fracture': 0, 'Lung Lesion': 0, 'Lung Opacity': 0, 'No Finding': 1, 'Pleural Effusion': 0, 'Pleural Other': 0, 'Pneumonia': 0, 'Pneumothorax': 0, 'Support Devices': 0}"
"/home/michel/data/Text2Image/mimicxr_train_100/_val_e46_generate_text_top0.85r,edit/No acute cardiopulmonary process. Unremarkable chest radiographic examination/rank_0_000000_fr0.0_cr1.0138edit.png","{'Atelectasis': 0, 'Cardiomegaly': 0, 'Consolidation': 0, 'Edema': 0, 'Enlarged Cardiomediastinum': 0, 'Fracture': 0, 'Lung Lesion': 0, 'Lung Opacity': 0, 'No Finding': 1, 'Pleural Effusion': 0, 'Pleural Other': 0, 'Pneumonia': 0, 'Pneumothorax': 0, 'Support Devices': 0}"
"/home/michel/data/Text2Image/mimicxr_train_100/_val_e46_generate_text_top0.85r,edit/No acute cardiopulmonary process. Unremarkable chest radiographic examination/rank_0_000000_fr0.0_cr1.0139edit.png","{'Atelectasis': 0, 'Cardiomegaly': 0, 'Consolidation': 0, 'Edema': 0, 'Enlarged Cardiomediastinum': 0, 'Fracture': 0, 'Lung Lesion': 0, 'Lung Opacity': 0, 'No Finding': 1, 'Pleural Effusion': 0, 'Pleural Other': 0, 'Pneumonia': 0, 'Pneumothorax': 0, 'Support Devices': 0}"
"/home/michel/data/Text2Image/mimicxr_train_100/_val_e46_generate_text_top0.85r,edit/No acute cardiopulmonary process. Unremarkable chest radiographic examination/rank_0_000000_fr0.0_cr1.0140edit.png","{'Atelectasis': 0, 'Cardiomegaly': 0, 'Consolidation': 0, 'Edema': 0, 'Enlarged Cardiomediastinum': 0, 'Fracture': 0, 'Lung Lesion': 0, 'Lung Opacity': 0, 'No Finding': 1, 'Pleural Effusion': 0, 'Pleural Other': 0, 'Pneumonia': 0, 'Pneumothorax': 0, 'Support Devices': 0}"
"/home/michel/data/Text2Image/mimicxr_train_100/_val_e46_generate_text_top0.85r,edit/No acute cardiopulmonary process. Unremarkable chest radiographic examination/rank_0_000000_fr0.0_cr1.0141edit.png","{'Atelectasis': 0, 'Cardiomegaly': 0, 'Consolidation': 0, 'Edema': 0, 'Enlarged Cardiomediastinum': 0, 'Fracture': 0, 'Lung Lesion': 0, 'Lung Opacity': 0, 'No Finding': 1, 'Pleural Effusion': 0, 'Pleural Other': 0, 'Pneumonia': 0, 'Pneumothorax': 0, 'Support Devices': 0}"
"/home/michel/data/Text2Image/mimicxr_train_100/_val_e46_generate_text_top0.85r,edit/No acute cardiopulmonary process. Unremarkable chest radiographic examination/rank_0_000000_fr0.0_cr1.0142edit.png","{'Atelectasis': 0, 'Cardiomegaly': 0, 'Consolidation': 0, 'Edema': 0, 'Enlarged Cardiomediastinum': 0, 'Fracture': 0, 'Lung Lesion': 0, 'Lung Opacity': 0, 'No Finding': 1, 'Pleural Effusion': 0, 'Pleural Other': 0, 'Pneumonia': 0, 'Pneumothorax': 0, 'Support Devices': 0}"
"/home/michel/data/Text2Image/mimicxr_train_100/_val_e46_generate_text_top0.85r,edit/No acute cardiopulmonary process. Unremarkable chest radiographic examination/rank_0_000000_fr0.0_cr1.0143edit.png","{'Atelectasis': 0, 'Cardiomegaly': 0, 'Consolidation': 0, 'Edema': 0, 'Enlarged Cardiomediastinum': 0, 'Fracture': 0, 'Lung Lesion': 0, 'Lung Opacity': 0, 'No Finding': 1, 'Pleural Effusion': 0, 'Pleural Other': 0, 'Pneumonia': 0, 'Pneumothorax': 0, 'Support Devices': 0}"
"/home/michel/data/Text2Image/mimicxr_train_100/_val_e46_generate_text_top0.85r,edit/No acute cardiopulmonary process. Unremarkable chest radiographic examination/rank_0_000000_fr0.0_cr1.0144edit.png","{'Atelectasis': 0, 'Cardiomegaly': 0, 'Consolidation': 0, 'Edema': 0, 'Enlarged Cardiomediastinum': 0, 'Fracture': 0, 'Lung Lesion': 0, 'Lung Opacity': 0, 'No Finding': 1, 'Pleural Effusion': 0, 'Pleural Other': 0, 'Pneumonia': 0, 'Pneumothorax': 0, 'Support Devices': 0}"
"/home/michel/data/Text2Image/mimicxr_train_100/_val_e46_generate_text_top0.85r,edit/No acute cardiopulmonary process. Unremarkable chest radiographic examination/rank_0_000000_fr0.0_cr1.0145edit.png","{'Atelectasis': 0, 'Cardiomegaly': 0, 'Consolidation': 0, 'Edema': 0, 'Enlarged Cardiomediastinum': 0, 'Fracture': 0, 'Lung Lesion': 0, 'Lung Opacity': 0, 'No Finding': 1, 'Pleural Effusion': 0, 'Pleural Other': 0, 'Pneumonia': 0, 'Pneumothorax': 0, 'Support Devices': 0}"
"/home/michel/data/Text2Image/mimicxr_train_100/_val_e46_generate_text_top0.85r,edit/No acute cardiopulmonary process. Unremarkable chest radiographic examination/rank_0_000000_fr0.0_cr1.0146edit.png","{'Atelectasis': 0, 'Cardiomegaly': 0, 'Consolidation': 0, 'Edema': 0, 'Enlarged Cardiomediastinum': 0, 'Fracture': 0, 'Lung Lesion': 0, 'Lung Opacity': 0, 'No Finding': 1, 'Pleural Effusion': 0, 'Pleural Other': 0, 'Pneumonia': 0, 'Pneumothorax': 0, 'Support Devices': 0}"
"/home/michel/data/Text2Image/mimicxr_train_100/_val_e46_generate_text_top0.85r,edit/No acute cardiopulmonary process. Unremarkable chest radiographic examination/rank_0_000000_fr0.0_cr1.0147edit.png","{'Atelectasis': 0, 'Cardiomegaly': 0, 'Consolidation': 0, 'Edema': 0, 'Enlarged Cardiomediastinum': 0, 'Fracture': 0, 'Lung Lesion': 0, 'Lung Opacity': 0, 'No Finding': 1, 'Pleural Effusion': 0, 'Pleural Other': 0, 'Pneumonia': 0, 'Pneumothorax': 0, 'Support Devices': 0}"
"/home/michel/data/Text2Image/mimicxr_train_100/_val_e46_generate_text_top0.85r,edit/No acute cardiopulmonary process. Unremarkable chest radiographic examination/rank_0_000000_fr0.0_cr1.0148edit.png","{'Atelectasis': 0, 'Cardiomegaly': 0, 'Consolidation': 0, 'Edema': 0, 'Enlarged Cardiomediastinum': 0, 'Fracture': 0, 'Lung Lesion': 0, 'Lung Opacity': 0, 'No Finding': 1, 'Pleural Effusion': 0, 'Pleural Other': 0, 'Pneumonia': 0, 'Pneumothorax': 0, 'Support Devices': 0}"
"/home/michel/data/Text2Image/mimicxr_train_100/_val_e46_generate_text_top0.85r,edit/No acute cardiopulmonary process. Unremarkable chest radiographic examination/rank_0_000000_fr0.0_cr1.0149edit.png","{'Atelectasis': 0, 'Cardiomegaly': 0, 'Consolidation': 0, 'Edema': 0, 'Enlarged Cardiomediastinum': 0, 'Fracture': 0, 'Lung Lesion': 0, 'Lung Opacity': 0, 'No Finding': 1, 'Pleural Effusion': 0, 'Pleural Other': 0, 'Pneumonia': 0, 'Pneumothorax': 0, 'Support Devices': 0}"
"/home/michel/data/Text2Image/mimicxr_train_100/_val_e46_generate_text_top0.85r,edit/No acute cardiopulmonary process. Unremarkable chest radiographic examination/rank_0_000000_fr0.0_cr1.0150edit.png","{'Atelectasis': 0, 'Cardiomegaly': 0, 'Consolidation': 0, 'Edema': 0, 'Enlarged Cardiomediastinum': 0, 'Fracture': 0, 'Lung Lesion': 0, 'Lung Opacity': 0, 'No Finding': 1, 'Pleural Effusion': 0, 'Pleural Other': 0, 'Pneumonia': 0, 'Pneumothorax': 0, 'Support Devices': 0}"
"/home/michel/data/Text2Image/mimicxr_train_100/_val_e46_generate_text_top0.85r,edit/No acute cardiopulmonary process. Unremarkable chest radiographic examination/rank_0_000000_fr0.0_cr1.0151edit.png","{'Atelectasis': 0, 'Cardiomegaly': 0, 'Consolidation': 0, 'Edema': 0, 'Enlarged Cardiomediastinum': 0, 'Fracture': 0, 'Lung Lesion': 0, 'Lung Opacity': 0, 'No Finding': 1, 'Pleural Effusion': 0, 'Pleural Other': 0, 'Pneumonia': 0, 'Pneumothorax': 0, 'Support Devices': 0}"
"/home/michel/data/Text2Image/mimicxr_train_100/_val_e46_generate_text_top0.85r,edit/No acute cardiopulmonary process. Unremarkable chest radiographic examination/rank_0_000000_fr0.0_cr1.0152edit.png","{'Atelectasis': 0, 'Cardiomegaly': 0, 'Consolidation': 0, 'Edema': 0, 'Enlarged Cardiomediastinum': 0, 'Fracture': 0, 'Lung Lesion': 0, 'Lung Opacity': 0, 'No Finding': 1, 'Pleural Effusion': 0, 'Pleural Other': 0, 'Pneumonia': 0, 'Pneumothorax': 0, 'Support Devices': 1}"
"/home/michel/data/Text2Image/mimicxr_train_100/_val_e46_generate_text_top0.85r,edit/No acute cardiopulmonary process. Unremarkable chest radiographic examination/rank_0_000000_fr0.0_cr1.0153edit.png","{'Atelectasis': 0, 'Cardiomegaly': 0, 'Consolidation': 0, 'Edema': 0, 'Enlarged Cardiomediastinum': 0, 'Fracture': 0, 'Lung Lesion': 0, 'Lung Opacity': 0, 'No Finding': 1, 'Pleural Effusion': 0, 'Pleural Other': 0, 'Pneumonia': 0, 'Pneumothorax': 0, 'Support Devices': 0}"
"/home/michel/data/Text2Image/mimicxr_train_100/_val_e46_generate_text_top0.85r,edit/No acute cardiopulmonary process. Unremarkable chest radiographic examination/rank_0_000000_fr0.0_cr1.0154edit.png","{'Atelectasis': 0, 'Cardiomegaly': 0, 'Consolidation': 0, 'Edema': 0, 'Enlarged Cardiomediastinum': 0, 'Fracture': 0, 'Lung Lesion': 0, 'Lung Opacity': 0, 'No Finding': 1, 'Pleural Effusion': 0, 'Pleural Other': 0, 'Pneumonia': 0, 'Pneumothorax': 0, 'Support Devices': 0}"
"/home/michel/data/Text2Image/mimicxr_train_100/_val_e46_generate_text_top0.85r,edit/No acute cardiopulmonary process. Unremarkable chest radiographic examination/rank_0_000000_fr0.0_cr1.0155edit.png","{'Atelectasis': 0, 'Cardiomegaly': 0, 'Consolidation': 0, 'Edema': 0, 'Enlarged Cardiomediastinum': 0, 'Fracture': 0, 'Lung Lesion': 0, 'Lung Opacity': 0, 'No Finding': 1, 'Pleural Effusion': 0, 'Pleural Other': 0, 'Pneumonia': 0, 'Pneumothorax': 0, 'Support Devices': 0}"
"/home/michel/data/Text2Image/mimicxr_train_100/_val_e46_generate_text_top0.85r,edit/No acute cardiopulmonary process. Unremarkable chest radiographic examination/rank_0_000000_fr0.0_cr1.0156edit.png","{'Atelectasis': 0, 'Cardiomegaly': 0, 'Consolidation': 0, 'Edema': 0, 'Enlarged Cardiomediastinum': 0, 'Fracture': 0, 'Lung Lesion': 0, 'Lung Opacity': 0, 'No Finding': 1, 'Pleural Effusion': 0, 'Pleural Other': 0, 'Pneumonia': 0, 'Pneumothorax': 0, 'Support Devices': 0}"
"/home/michel/data/Text2Image/mimicxr_train_100/_val_e46_generate_text_top0.85r,edit/No acute cardiopulmonary process. Unremarkable chest radiographic examination/rank_0_000000_fr0.0_cr1.0157edit.png","{'Atelectasis': 0, 'Cardiomegaly': 0, 'Consolidation': 0, 'Edema': 0, 'Enlarged Cardiomediastinum': 0, 'Fracture': 0, 'Lung Lesion': 0, 'Lung Opacity': 0, 'No Finding': 1, 'Pleural Effusion': 0, 'Pleural Other': 0, 'Pneumonia': 0, 'Pneumothorax': 0, 'Support Devices': 0}"
"/home/michel/data/Text2Image/mimicxr_train_100/_val_e46_generate_text_top0.85r,edit/No acute cardiopulmonary process. Unremarkable chest radiographic examination/rank_0_000000_fr0.0_cr1.0158edit.png","{'Atelectasis': 0, 'Cardiomegaly': 0, 'Consolidation': 0, 'Edema': 0, 'Enlarged Cardiomediastinum': 0, 'Fracture': 0, 'Lung Lesion': 0, 'Lung Opacity': 0, 'No Finding': 1, 'Pleural Effusion': 0, 'Pleural Other': 0, 'Pneumonia': 0, 'Pneumothorax': 0, 'Support Devices': 0}"
"/home/michel/data/Text2Image/mimicxr_train_100/_val_e46_generate_text_top0.85r,edit/No acute cardiopulmonary process. Unremarkable chest radiographic examination/rank_0_000000_fr0.0_cr1.0159edit.png","{'Atelectasis': 0, 'Cardiomegaly': 0, 'Consolidation': 0, 'Edema': 0, 'Enlarged Cardiomediastinum': 0, 'Fracture': 0, 'Lung Lesion': 0, 'Lung Opacity': 0, 'No Finding': 1, 'Pleural Effusion': 0, 'Pleural Other': 0, 'Pneumonia': 0, 'Pneumothorax': 0, 'Support Devices': 0}"
"/home/michel/data/Text2Image/mimicxr_train_100/_val_e46_generate_text_top0.85r,edit/No acute cardiopulmonary process. Unremarkable chest radiographic examination/rank_0_000000_fr0.0_cr1.0160edit.png","{'Atelectasis': 0, 'Cardiomegaly': 0, 'Consolidation': 0, 'Edema': 0, 'Enlarged Cardiomediastinum': 0, 'Fracture': 0, 'Lung Lesion': 0, 'Lung Opacity': 0, 'No Finding': 1, 'Pleural Effusion': 0, 'Pleural Other': 0, 'Pneumonia': 0, 'Pneumothorax': 0, 'Support Devices': 1}"
"/home/michel/data/Text2Image/mimicxr_train_100/_val_e46_generate_text_top0.85r,edit/No acute cardiopulmonary process. Unremarkable chest radiographic examination/rank_0_000000_fr0.0_cr1.0161edit.png","{'Atelectasis': 0, 'Cardiomegaly': 0, 'Consolidation': 0, 'Edema': 0, 'Enlarged Cardiomediastinum': 0, 'Fracture': 0, 'Lung Lesion': 0, 'Lung Opacity': 0, 'No Finding': 1, 'Pleural Effusion': 0, 'Pleural Other': 0, 'Pneumonia': 0, 'Pneumothorax': 0, 'Support Devices': 0}"
"/home/michel/data/Text2Image/mimicxr_train_100/_val_e46_generate_text_top0.85r,edit/No acute cardiopulmonary process. Unremarkable chest radiographic examination/rank_0_000000_fr0.0_cr1.0162edit.png","{'Atelectasis': 0, 'Cardiomegaly': 0, 'Consolidation': 0, 'Edema': 0, 'Enlarged Cardiomediastinum': 0, 'Fracture': 0, 'Lung Lesion': 0, 'Lung Opacity': 0, 'No Finding': 1, 'Pleural Effusion': 0, 'Pleural Other': 0, 'Pneumonia': 0, 'Pneumothorax': 0, 'Support Devices': 0}"
"/home/michel/data/Text2Image/mimicxr_train_100/_val_e46_generate_text_top0.85r,edit/No acute cardiopulmonary process. Unremarkable chest radiographic examination/rank_0_000000_fr0.0_cr1.0163edit.png","{'Atelectasis': 0, 'Cardiomegaly': 0, 'Consolidation': 0, 'Edema': 0, 'Enlarged Cardiomediastinum': 0, 'Fracture': 0, 'Lung Lesion': 0, 'Lung Opacity': 0, 'No Finding': 1, 'Pleural Effusion': 0, 'Pleural Other': 0, 'Pneumonia': 0, 'Pneumothorax': 0, 'Support Devices': 1}"
"/home/michel/data/Text2Image/mimicxr_train_100/_val_e46_generate_text_top0.85r,edit/No acute cardiopulmonary process. Unremarkable chest radiographic examination/rank_0_000000_fr0.0_cr1.0164edit.png","{'Atelectasis': 0, 'Cardiomegaly': 0, 'Consolidation': 0, 'Edema': 0, 'Enlarged Cardiomediastinum': 0, 'Fracture': 0, 'Lung Lesion': 0, 'Lung Opacity': 0, 'No Finding': 1, 'Pleural Effusion': 0, 'Pleural Other': 0, 'Pneumonia': 0, 'Pneumothorax': 0, 'Support Devices': 0}"
"/home/michel/data/Text2Image/mimicxr_train_100/_val_e46_generate_text_top0.85r,edit/No acute cardiopulmonary process. Unremarkable chest radiographic examination/rank_0_000000_fr0.0_cr1.0165edit.png","{'Atelectasis': 0, 'Cardiomegaly': 0, 'Consolidation': 0, 'Edema': 0, 'Enlarged Cardiomediastinum': 0, 'Fracture': 0, 'Lung Lesion': 0, 'Lung Opacity': 0, 'No Finding': 1, 'Pleural Effusion': 0, 'Pleural Other': 0, 'Pneumonia': 0, 'Pneumothorax': 0, 'Support Devices': 1}"
"/home/michel/data/Text2Image/mimicxr_train_100/_val_e46_generate_text_top0.85r,edit/No acute cardiopulmonary process. Unremarkable chest radiographic examination/rank_0_000000_fr0.0_cr1.0166edit.png","{'Atelectasis': 0, 'Cardiomegaly': 0, 'Consolidation': 0, 'Edema': 0, 'Enlarged Cardiomediastinum': 0, 'Fracture': 0, 'Lung Lesion': 0, 'Lung Opacity': 0, 'No Finding': 1, 'Pleural Effusion': 0, 'Pleural Other': 0, 'Pneumonia': 0, 'Pneumothorax': 0, 'Support Devices': 1}"
"/home/michel/data/Text2Image/mimicxr_train_100/_val_e46_generate_text_top0.85r,edit/No acute cardiopulmonary process. Unremarkable chest radiographic examination/rank_0_000000_fr0.0_cr1.0167edit.png","{'Atelectasis': 0, 'Cardiomegaly': 0, 'Consolidation': 0, 'Edema': 0, 'Enlarged Cardiomediastinum': 0, 'Fracture': 0, 'Lung Lesion': 0, 'Lung Opacity': 0, 'No Finding': 1, 'Pleural Effusion': 0, 'Pleural Other': 0, 'Pneumonia': 0, 'Pneumothorax': 0, 'Support Devices': 1}"
"/home/michel/data/Text2Image/mimicxr_train_100/_val_e46_generate_text_top0.85r,edit/No acute cardiopulmonary process. Unremarkable chest radiographic examination/rank_0_000000_fr0.0_cr1.0168edit.png","{'Atelectasis': 0, 'Cardiomegaly': 0, 'Consolidation': 0, 'Edema': 0, 'Enlarged Cardiomediastinum': 0, 'Fracture': 0, 'Lung Lesion': 0, 'Lung Opacity': 0, 'No Finding': 1, 'Pleural Effusion': 0, 'Pleural Other': 0, 'Pneumonia': 0, 'Pneumothorax': 0, 'Support Devices': 0}"
"/home/michel/data/Text2Image/mimicxr_train_100/_val_e46_generate_text_top0.85r,edit/No acute cardiopulmonary process. Unremarkable chest radiographic examination/rank_0_000000_fr0.0_cr1.0169edit.png","{'Atelectasis': 0, 'Cardiomegaly': 0, 'Consolidation': 0, 'Edema': 0, 'Enlarged Cardiomediastinum': 0, 'Fracture': 0, 'Lung Lesion': 0, 'Lung Opacity': 0, 'No Finding': 1, 'Pleural Effusion': 0, 'Pleural Other': 0, 'Pneumonia': 0, 'Pneumothorax': 0, 'Support Devices': 0}"
"/home/michel/data/Text2Image/mimicxr_train_100/_val_e46_generate_text_top0.85r,edit/No acute cardiopulmonary process. Unremarkable chest radiographic examination/rank_0_000000_fr0.0_cr1.0170edit.png","{'Atelectasis': 0, 'Cardiomegaly': 0, 'Consolidation': 0, 'Edema': 0, 'Enlarged Cardiomediastinum': 0, 'Fracture': 0, 'Lung Lesion': 0, 'Lung Opacity': 0, 'No Finding': 1, 'Pleural Effusion': 0, 'Pleural Other': 0, 'Pneumonia': 0, 'Pneumothorax': 0, 'Support Devices': 0}"
"/home/michel/data/Text2Image/mimicxr_train_100/_val_e46_generate_text_top0.85r,edit/No acute cardiopulmonary process. Unremarkable chest radiographic examination/rank_0_000000_fr0.0_cr1.0171edit.png","{'Atelectasis': 0, 'Cardiomegaly': 0, 'Consolidation': 0, 'Edema': 0, 'Enlarged Cardiomediastinum': 0, 'Fracture': 0, 'Lung Lesion': 0, 'Lung Opacity': 0, 'No Finding': 1, 'Pleural Effusion': 0, 'Pleural Other': 0, 'Pneumonia': 0, 'Pneumothorax': 0, 'Support Devices': 1}"
"/home/michel/data/Text2Image/mimicxr_train_100/_val_e46_generate_text_top0.85r,edit/No acute cardiopulmonary process. Unremarkable chest radiographic examination/rank_0_000000_fr0.0_cr1.0172edit.png","{'Atelectasis': 0, 'Cardiomegaly': 0, 'Consolidation': 0, 'Edema': 0, 'Enlarged Cardiomediastinum': 0, 'Fracture': 0, 'Lung Lesion': 0, 'Lung Opacity': 0, 'No Finding': 1, 'Pleural Effusion': 0, 'Pleural Other': 0, 'Pneumonia': 0, 'Pneumothorax': 0, 'Support Devices': 0}"
"/home/michel/data/Text2Image/mimicxr_train_100/_val_e46_generate_text_top0.85r,edit/No acute cardiopulmonary process. Unremarkable chest radiographic examination/rank_0_000000_fr0.0_cr1.0173edit.png","{'Atelectasis': 0, 'Cardiomegaly': 0, 'Consolidation': 0, 'Edema': 0, 'Enlarged Cardiomediastinum': 0, 'Fracture': 0, 'Lung Lesion': 0, 'Lung Opacity': 0, 'No Finding': 1, 'Pleural Effusion': 0, 'Pleural Other': 0, 'Pneumonia': 0, 'Pneumothorax': 0, 'Support Devices': 0}"
"/home/michel/data/Text2Image/mimicxr_train_100/_val_e46_generate_text_top0.85r,edit/No acute cardiopulmonary process. Unremarkable chest radiographic examination/rank_0_000000_fr0.0_cr1.0174edit.png","{'Atelectasis': 0, 'Cardiomegaly': 0, 'Consolidation': 0, 'Edema': 0, 'Enlarged Cardiomediastinum': 0, 'Fracture': 0, 'Lung Lesion': 0, 'Lung Opacity': 0, 'No Finding': 1, 'Pleural Effusion': 0, 'Pleural Other': 0, 'Pneumonia': 0, 'Pneumothorax': 0, 'Support Devices': 0}"
"/home/michel/data/Text2Image/mimicxr_train_100/_val_e46_generate_text_top0.85r,edit/No acute cardiopulmonary process. Unremarkable chest radiographic examination/rank_0_000000_fr0.0_cr1.0175edit.png","{'Atelectasis': 0, 'Cardiomegaly': 0, 'Consolidation': 0, 'Edema': 0, 'Enlarged Cardiomediastinum': 0, 'Fracture': 0, 'Lung Lesion': 0, 'Lung Opacity': 0, 'No Finding': 1, 'Pleural Effusion': 0, 'Pleural Other': 0, 'Pneumonia': 0, 'Pneumothorax': 0, 'Support Devices': 0}"
"/home/michel/data/Text2Image/mimicxr_train_100/_val_e46_generate_text_top0.85r,edit/No acute cardiopulmonary process. Unremarkable chest radiographic examination/rank_0_000000_fr0.0_cr1.0176edit.png","{'Atelectasis': 0, 'Cardiomegaly': 0, 'Consolidation': 0, 'Edema': 0, 'Enlarged Cardiomediastinum': 0, 'Fracture': 0, 'Lung Lesion': 0, 'Lung Opacity': 0, 'No Finding': 1, 'Pleural Effusion': 0, 'Pleural Other': 0, 'Pneumonia': 0, 'Pneumothorax': 0, 'Support Devices': 0}"
"/home/michel/data/Text2Image/mimicxr_train_100/_val_e46_generate_text_top0.85r,edit/No acute cardiopulmonary process. Unremarkable chest radiographic examination/rank_0_000000_fr0.0_cr1.0177edit.png","{'Atelectasis': 0, 'Cardiomegaly': 0, 'Consolidation': 0, 'Edema': 0, 'Enlarged Cardiomediastinum': 0, 'Fracture': 0, 'Lung Lesion': 0, 'Lung Opacity': 0, 'No Finding': 1, 'Pleural Effusion': 0, 'Pleural Other': 0, 'Pneumonia': 0, 'Pneumothorax': 0, 'Support Devices': 0}"
"/home/michel/data/Text2Image/mimicxr_train_100/_val_e46_generate_text_top0.85r,edit/No acute cardiopulmonary process. Unremarkable chest radiographic examination/rank_0_000000_fr0.0_cr1.0178edit.png","{'Atelectasis': 0, 'Cardiomegaly': 0, 'Consolidation': 0, 'Edema': 0, 'Enlarged Cardiomediastinum': 0, 'Fracture': 0, 'Lung Lesion': 0, 'Lung Opacity': 0, 'No Finding': 1, 'Pleural Effusion': 0, 'Pleural Other': 0, 'Pneumonia': 0, 'Pneumothorax': 0, 'Support Devices': 0}"
"/home/michel/data/Text2Image/mimicxr_train_100/_val_e46_generate_text_top0.85r,edit/No acute cardiopulmonary process. Unremarkable chest radiographic examination/rank_0_000000_fr0.0_cr1.0179edit.png","{'Atelectasis': 0, 'Cardiomegaly': 0, 'Consolidation': 0, 'Edema': 0, 'Enlarged Cardiomediastinum': 0, 'Fracture': 0, 'Lung Lesion': 0, 'Lung Opacity': 0, 'No Finding': 1, 'Pleural Effusion': 0, 'Pleural Other': 0, 'Pneumonia': 0, 'Pneumothorax': 0, 'Support Devices': 0}"
"/home/michel/data/Text2Image/mimicxr_train_100/_val_e46_generate_text_top0.85r,edit/No acute cardiopulmonary process. Unremarkable chest radiographic examination/rank_0_000000_fr0.0_cr1.0180edit.png","{'Atelectasis': 0, 'Cardiomegaly': 0, 'Consolidation': 0, 'Edema': 0, 'Enlarged Cardiomediastinum': 0, 'Fracture': 0, 'Lung Lesion': 0, 'Lung Opacity': 0, 'No Finding': 1, 'Pleural Effusion': 0, 'Pleural Other': 0, 'Pneumonia': 0, 'Pneumothorax': 0, 'Support Devices': 0}"
"/home/michel/data/Text2Image/mimicxr_train_100/_val_e46_generate_text_top0.85r,edit/No acute cardiopulmonary process. Unremarkable chest radiographic examination/rank_0_000000_fr0.0_cr1.0181edit.png","{'Atelectasis': 0, 'Cardiomegaly': 0, 'Consolidation': 0, 'Edema': 0, 'Enlarged Cardiomediastinum': 0, 'Fracture': 0, 'Lung Lesion': 0, 'Lung Opacity': 0, 'No Finding': 1, 'Pleural Effusion': 0, 'Pleural Other': 0, 'Pneumonia': 0, 'Pneumothorax': 0, 'Support Devices': 0}"
"/home/michel/data/Text2Image/mimicxr_train_100/_val_e46_generate_text_top0.85r,edit/No acute cardiopulmonary process. Unremarkable chest radiographic examination/rank_0_000000_fr0.0_cr1.0182edit.png","{'Atelectasis': 0, 'Cardiomegaly': 0, 'Consolidation': 0, 'Edema': 0, 'Enlarged Cardiomediastinum': 0, 'Fracture': 0, 'Lung Lesion': 0, 'Lung Opacity': 0, 'No Finding': 1, 'Pleural Effusion': 0, 'Pleural Other': 0, 'Pneumonia': 0, 'Pneumothorax': 0, 'Support Devices': 0}"
"/home/michel/data/Text2Image/mimicxr_train_100/_val_e46_generate_text_top0.85r,edit/No acute cardiopulmonary process. Unremarkable chest radiographic examination/rank_0_000000_fr0.0_cr1.0183edit.png","{'Atelectasis': 0, 'Cardiomegaly': 0, 'Consolidation': 0, 'Edema': 0, 'Enlarged Cardiomediastinum': 0, 'Fracture': 0, 'Lung Lesion': 0, 'Lung Opacity': 0, 'No Finding': 1, 'Pleural Effusion': 0, 'Pleural Other': 0, 'Pneumonia': 0, 'Pneumothorax': 0, 'Support Devices': 0}"
"/home/michel/data/Text2Image/mimicxr_train_100/_val_e46_generate_text_top0.85r,edit/No acute cardiopulmonary process. Unremarkable chest radiographic examination/rank_0_000000_fr0.0_cr1.0184edit.png","{'Atelectasis': 0, 'Cardiomegaly': 0, 'Consolidation': 0, 'Edema': 0, 'Enlarged Cardiomediastinum': 0, 'Fracture': 0, 'Lung Lesion': 0, 'Lung Opacity': 0, 'No Finding': 1, 'Pleural Effusion': 0, 'Pleural Other': 0, 'Pneumonia': 0, 'Pneumothorax': 0, 'Support Devices': 1}"
"/home/michel/data/Text2Image/mimicxr_train_100/_val_e46_generate_text_top0.85r,edit/No acute cardiopulmonary process. Unremarkable chest radiographic examination/rank_0_000000_fr0.0_cr1.0185edit.png","{'Atelectasis': 0, 'Cardiomegaly': 0, 'Consolidation': 0, 'Edema': 0, 'Enlarged Cardiomediastinum': 0, 'Fracture': 0, 'Lung Lesion': 0, 'Lung Opacity': 0, 'No Finding': 1, 'Pleural Effusion': 0, 'Pleural Other': 0, 'Pneumonia': 0, 'Pneumothorax': 0, 'Support Devices': 1}"
"/home/michel/data/Text2Image/mimicxr_train_100/_val_e46_generate_text_top0.85r,edit/No acute cardiopulmonary process. Unremarkable chest radiographic examination/rank_0_000000_fr0.0_cr1.0186edit.png","{'Atelectasis': 0, 'Cardiomegaly': 0, 'Consolidation': 0, 'Edema': 0, 'Enlarged Cardiomediastinum': 0, 'Fracture': 0, 'Lung Lesion': 0, 'Lung Opacity': 0, 'No Finding': 1, 'Pleural Effusion': 0, 'Pleural Other': 0, 'Pneumonia': 0, 'Pneumothorax': 0, 'Support Devices': 0}"
"/home/michel/data/Text2Image/mimicxr_train_100/_val_e46_generate_text_top0.85r,edit/No acute cardiopulmonary process. Unremarkable chest radiographic examination/rank_0_000000_fr0.0_cr1.0187edit.png","{'Atelectasis': 0, 'Cardiomegaly': 0, 'Consolidation': 0, 'Edema': 0, 'Enlarged Cardiomediastinum': 0, 'Fracture': 0, 'Lung Lesion': 0, 'Lung Opacity': 0, 'No Finding': 1, 'Pleural Effusion': 0, 'Pleural Other': 0, 'Pneumonia': 0, 'Pneumothorax': 0, 'Support Devices': 0}"
"/home/michel/data/Text2Image/mimicxr_train_100/_val_e46_generate_text_top0.85r,edit/No acute cardiopulmonary process. Unremarkable chest radiographic examination/rank_0_000000_fr0.0_cr1.0188edit.png","{'Atelectasis': 0, 'Cardiomegaly': 0, 'Consolidation': 0, 'Edema': 0, 'Enlarged Cardiomediastinum': 0, 'Fracture': 0, 'Lung Lesion': 0, 'Lung Opacity': 0, 'No Finding': 1, 'Pleural Effusion': 0, 'Pleural Other': 0, 'Pneumonia': 0, 'Pneumothorax': 0, 'Support Devices': 0}"
"/home/michel/data/Text2Image/mimicxr_train_100/_val_e46_generate_text_top0.85r,edit/No acute cardiopulmonary process. Unremarkable chest radiographic examination/rank_0_000000_fr0.0_cr1.0189edit.png","{'Atelectasis': 0, 'Cardiomegaly': 0, 'Consolidation': 0, 'Edema': 0, 'Enlarged Cardiomediastinum': 0, 'Fracture': 0, 'Lung Lesion': 0, 'Lung Opacity': 0, 'No Finding': 1, 'Pleural Effusion': 0, 'Pleural Other': 0, 'Pneumonia': 0, 'Pneumothorax': 0, 'Support Devices': 0}"
"/home/michel/data/Text2Image/mimicxr_train_100/_val_e46_generate_text_top0.85r,edit/No acute cardiopulmonary process. Unremarkable chest radiographic examination/rank_0_000000_fr0.0_cr1.0190edit.png","{'Atelectasis': 0, 'Cardiomegaly': 0, 'Consolidation': 0, 'Edema': 0, 'Enlarged Cardiomediastinum': 0, 'Fracture': 0, 'Lung Lesion': 0, 'Lung Opacity': 0, 'No Finding': 1, 'Pleural Effusion': 0, 'Pleural Other': 0, 'Pneumonia': 0, 'Pneumothorax': 0, 'Support Devices': 0}"
"/home/michel/data/Text2Image/mimicxr_train_100/_val_e46_generate_text_top0.85r,edit/No acute cardiopulmonary process. Unremarkable chest radiographic examination/rank_0_000000_fr0.0_cr1.0191edit.png","{'Atelectasis': 0, 'Cardiomegaly': 0, 'Consolidation': 0, 'Edema': 0, 'Enlarged Cardiomediastinum': 0, 'Fracture': 0, 'Lung Lesion': 0, 'Lung Opacity': 0, 'No Finding': 1, 'Pleural Effusion': 0, 'Pleural Other': 0, 'Pneumonia': 0, 'Pneumothorax': 0, 'Support Devices': 0}"
"/home/michel/data/Text2Image/mimicxr_train_100/_val_e46_generate_text_top0.85r,edit/No acute cardiopulmonary process. Unremarkable chest radiographic examination/rank_0_000000_fr0.0_cr1.0192edit.png","{'Atelectasis': 0, 'Cardiomegaly': 0, 'Consolidation': 0, 'Edema': 0, 'Enlarged Cardiomediastinum': 0, 'Fracture': 0, 'Lung Lesion': 0, 'Lung Opacity': 0, 'No Finding': 1, 'Pleural Effusion': 0, 'Pleural Other': 0, 'Pneumonia': 0, 'Pneumothorax': 0, 'Support Devices': 0}"
"/home/michel/data/Text2Image/mimicxr_train_100/_val_e46_generate_text_top0.85r,edit/No acute cardiopulmonary process. Unremarkable chest radiographic examination/rank_0_000000_fr0.0_cr1.0193edit.png","{'Atelectasis': 0, 'Cardiomegaly': 0, 'Consolidation': 0, 'Edema': 0, 'Enlarged Cardiomediastinum': 0, 'Fracture': 0, 'Lung Lesion': 0, 'Lung Opacity': 0, 'No Finding': 1, 'Pleural Effusion': 0, 'Pleural Other': 0, 'Pneumonia': 0, 'Pneumothorax': 0, 'Support Devices': 0}"
"/home/michel/data/Text2Image/mimicxr_train_100/_val_e46_generate_text_top0.85r,edit/No acute cardiopulmonary process. Unremarkable chest radiographic examination/rank_0_000000_fr0.0_cr1.0194edit.png","{'Atelectasis': 0, 'Cardiomegaly': 0, 'Consolidation': 0, 'Edema': 0, 'Enlarged Cardiomediastinum': 0, 'Fracture': 0, 'Lung Lesion': 0, 'Lung Opacity': 0, 'No Finding': 1, 'Pleural Effusion': 0, 'Pleural Other': 0, 'Pneumonia': 0, 'Pneumothorax': 0, 'Support Devices': 0}"
"/home/michel/data/Text2Image/mimicxr_train_100/_val_e46_generate_text_top0.85r,edit/No acute cardiopulmonary process. Unremarkable chest radiographic examination/rank_0_000000_fr0.0_cr1.0195edit.png","{'Atelectasis': 0, 'Cardiomegaly': 0, 'Consolidation': 0, 'Edema': 0, 'Enlarged Cardiomediastinum': 0, 'Fracture': 0, 'Lung Lesion': 0, 'Lung Opacity': 0, 'No Finding': 1, 'Pleural Effusion': 0, 'Pleural Other': 0, 'Pneumonia': 0, 'Pneumothorax': 0, 'Support Devices': 0}"
"/home/michel/data/Text2Image/mimicxr_train_100/_val_e46_generate_text_top0.85r,edit/No acute cardiopulmonary process. Unremarkable chest radiographic examination/rank_0_000000_fr0.0_cr1.0196edit.png","{'Atelectasis': 0, 'Cardiomegaly': 0, 'Consolidation': 0, 'Edema': 0, 'Enlarged Cardiomediastinum': 0, 'Fracture': 0, 'Lung Lesion': 0, 'Lung Opacity': 0, 'No Finding': 1, 'Pleural Effusion': 0, 'Pleural Other': 0, 'Pneumonia': 0, 'Pneumothorax': 0, 'Support Devices': 0}"
"/home/michel/data/Text2Image/mimicxr_train_100/_val_e46_generate_text_top0.85r,edit/No acute cardiopulmonary process. Unremarkable chest radiographic examination/rank_0_000000_fr0.0_cr1.0197edit.png","{'Atelectasis': 0, 'Cardiomegaly': 0, 'Consolidation': 0, 'Edema': 0, 'Enlarged Cardiomediastinum': 0, 'Fracture': 0, 'Lung Lesion': 0, 'Lung Opacity': 0, 'No Finding': 1, 'Pleural Effusion': 0, 'Pleural Other': 0, 'Pneumonia': 0, 'Pneumothorax': 0, 'Support Devices': 0}"
"/home/michel/data/Text2Image/mimicxr_train_100/_val_e46_generate_text_top0.85r,edit/No acute cardiopulmonary process. Unremarkable chest radiographic examination/rank_0_000000_fr0.0_cr1.0198edit.png","{'Atelectasis': 0, 'Cardiomegaly': 0, 'Consolidation': 0, 'Edema': 0, 'Enlarged Cardiomediastinum': 0, 'Fracture': 0, 'Lung Lesion': 0, 'Lung Opacity': 0, 'No Finding': 1, 'Pleural Effusion': 0, 'Pleural Other': 0, 'Pneumonia': 0, 'Pneumothorax': 0, 'Support Devices': 0}"
"/home/michel/data/Text2Image/mimicxr_train_100/_val_e46_generate_text_top0.85r,edit/No acute cardiopulmonary process. Unremarkable chest radiographic examination/rank_0_000000_fr0.0_cr1.0199edit.png","{'Atelectasis': 0, 'Cardiomegaly': 0, 'Consolidation': 0, 'Edema': 0, 'Enlarged Cardiomediastinum': 0, 'Fracture': 0, 'Lung Lesion': 0, 'Lung Opacity': 0, 'No Finding': 1, 'Pleural Effusion': 0, 'Pleural Other': 0, 'Pneumonia': 0, 'Pneumothorax': 0, 'Support Devices': 0}"
"/home/michel/data/Text2Image/mimicxr_train_100/_val_e46_generate_text_top0.85r,edit/No acute cardiopulmonary process. Unremarkable chest radiographic examination/rank_0_000000_fr0.0_cr1.0200edit.png","{'Atelectasis': 0, 'Cardiomegaly': 0, 'Consolidation': 0, 'Edema': 0, 'Enlarged Cardiomediastinum': 0, 'Fracture': 0, 'Lung Lesion': 0, 'Lung Opacity': 0, 'No Finding': 1, 'Pleural Effusion': 0, 'Pleural Other': 0, 'Pneumonia': 0, 'Pneumothorax': 0, 'Support Devices': 0}"
"/home/michel/data/Text2Image/mimicxr_train_100/_val_e46_generate_text_top0.85r,edit/No acute cardiopulmonary process. Unremarkable chest radiographic examination/rank_0_000000_fr0.0_cr1.0201edit.png","{'Atelectasis': 0, 'Cardiomegaly': 0, 'Consolidation': 0, 'Edema': 0, 'Enlarged Cardiomediastinum': 0, 'Fracture': 0, 'Lung Lesion': 0, 'Lung Opacity': 0, 'No Finding': 1, 'Pleural Effusion': 0, 'Pleural Other': 0, 'Pneumonia': 0, 'Pneumothorax': 0, 'Support Devices': 0}"
"/home/michel/data/Text2Image/mimicxr_train_100/_val_e46_generate_text_top0.85r,edit/No acute cardiopulmonary process. Unremarkable chest radiographic examination/rank_0_000000_fr0.0_cr1.0202edit.png","{'Atelectasis': 0, 'Cardiomegaly': 0, 'Consolidation': 0, 'Edema': 0, 'Enlarged Cardiomediastinum': 0, 'Fracture': 0, 'Lung Lesion': 0, 'Lung Opacity': 0, 'No Finding': 1, 'Pleural Effusion': 0, 'Pleural Other': 0, 'Pneumonia': 0, 'Pneumothorax': 0, 'Support Devices': 0}"
"/home/michel/data/Text2Image/mimicxr_train_100/_val_e46_generate_text_top0.85r,edit/No acute cardiopulmonary process. Unremarkable chest radiographic examination/rank_0_000000_fr0.0_cr1.0203edit.png","{'Atelectasis': 0, 'Cardiomegaly': 0, 'Consolidation': 0, 'Edema': 0, 'Enlarged Cardiomediastinum': 0, 'Fracture': 0, 'Lung Lesion': 0, 'Lung Opacity': 0, 'No Finding': 1, 'Pleural Effusion': 0, 'Pleural Other': 0, 'Pneumonia': 0, 'Pneumothorax': 0, 'Support Devices': 0}"
"/home/michel/data/Text2Image/mimicxr_train_100/_val_e46_generate_text_top0.85r,edit/No acute cardiopulmonary process. Unremarkable chest radiographic examination/rank_0_000000_fr0.0_cr1.0204edit.png","{'Atelectasis': 0, 'Cardiomegaly': 0, 'Consolidation': 0, 'Edema': 0, 'Enlarged Cardiomediastinum': 0, 'Fracture': 0, 'Lung Lesion': 0, 'Lung Opacity': 0, 'No Finding': 1, 'Pleural Effusion': 0, 'Pleural Other': 0, 'Pneumonia': 0, 'Pneumothorax': 0, 'Support Devices': 0}"
"/home/michel/data/Text2Image/mimicxr_train_100/_val_e46_generate_text_top0.85r,edit/No acute cardiopulmonary process. Unremarkable chest radiographic examination/rank_0_000000_fr0.0_cr1.0205edit.png","{'Atelectasis': 0, 'Cardiomegaly': 0, 'Consolidation': 0, 'Edema': 0, 'Enlarged Cardiomediastinum': 0, 'Fracture': 0, 'Lung Lesion': 0, 'Lung Opacity': 0, 'No Finding': 1, 'Pleural Effusion': 0, 'Pleural Other': 0, 'Pneumonia': 0, 'Pneumothorax': 0, 'Support Devices': 0}"
"/home/michel/data/Text2Image/mimicxr_train_100/_val_e46_generate_text_top0.85r,edit/No acute cardiopulmonary process. Unremarkable chest radiographic examination/rank_0_000000_fr0.0_cr1.0206edit.png","{'Atelectasis': 0, 'Cardiomegaly': 0, 'Consolidation': 0, 'Edema': 0, 'Enlarged Cardiomediastinum': 0, 'Fracture': 0, 'Lung Lesion': 0, 'Lung Opacity': 0, 'No Finding': 1, 'Pleural Effusion': 0, 'Pleural Other': 0, 'Pneumonia': 0, 'Pneumothorax': 0, 'Support Devices': 0}"
"/home/michel/data/Text2Image/mimicxr_train_100/_val_e46_generate_text_top0.85r,edit/No acute cardiopulmonary process. Unremarkable chest radiographic examination/rank_0_000000_fr0.0_cr1.0207edit.png","{'Atelectasis': 0, 'Cardiomegaly': 0, 'Consolidation': 0, 'Edema': 0, 'Enlarged Cardiomediastinum': 0, 'Fracture': 0, 'Lung Lesion': 0, 'Lung Opacity': 0, 'No Finding': 1, 'Pleural Effusion': 0, 'Pleural Other': 0, 'Pneumonia': 0, 'Pneumothorax': 0, 'Support Devices': 0}"
"/home/michel/data/Text2Image/mimicxr_train_100/_val_e46_generate_text_top0.85r,edit/No acute cardiopulmonary process. Unremarkable chest radiographic examination/rank_0_000000_fr0.0_cr1.0208edit.png","{'Atelectasis': 0, 'Cardiomegaly': 0, 'Consolidation': 0, 'Edema': 0, 'Enlarged Cardiomediastinum': 0, 'Fracture': 0, 'Lung Lesion': 0, 'Lung Opacity': 0, 'No Finding': 1, 'Pleural Effusion': 0, 'Pleural Other': 0, 'Pneumonia': 0, 'Pneumothorax': 0, 'Support Devices': 0}"
"/home/michel/data/Text2Image/mimicxr_train_100/_val_e46_generate_text_top0.85r,edit/No acute cardiopulmonary process. Unremarkable chest radiographic examination/rank_0_000000_fr0.0_cr1.0209edit.png","{'Atelectasis': 0, 'Cardiomegaly': 0, 'Consolidation': 0, 'Edema': 0, 'Enlarged Cardiomediastinum': 0, 'Fracture': 0, 'Lung Lesion': 0, 'Lung Opacity': 0, 'No Finding': 1, 'Pleural Effusion': 0, 'Pleural Other': 0, 'Pneumonia': 0, 'Pneumothorax': 0, 'Support Devices': 0}"
"/home/michel/data/Text2Image/mimicxr_train_100/_val_e46_generate_text_top0.85r,edit/No acute cardiopulmonary process. Unremarkable chest radiographic examination/rank_0_000000_fr0.0_cr1.0210edit.png","{'Atelectasis': 0, 'Cardiomegaly': 0, 'Consolidation': 0, 'Edema': 0, 'Enlarged Cardiomediastinum': 0, 'Fracture': 0, 'Lung Lesion': 0, 'Lung Opacity': 0, 'No Finding': 1, 'Pleural Effusion': 0, 'Pleural Other': 0, 'Pneumonia': 0, 'Pneumothorax': 0, 'Support Devices': 0}"
"/home/michel/data/Text2Image/mimicxr_train_100/_val_e46_generate_text_top0.85r,edit/No acute cardiopulmonary process. Unremarkable chest radiographic examination/rank_0_000000_fr0.0_cr1.0211edit.png","{'Atelectasis': 0, 'Cardiomegaly': 0, 'Consolidation': 0, 'Edema': 0, 'Enlarged Cardiomediastinum': 0, 'Fracture': 0, 'Lung Lesion': 0, 'Lung Opacity': 0, 'No Finding': 1, 'Pleural Effusion': 0, 'Pleural Other': 0, 'Pneumonia': 0, 'Pneumothorax': 0, 'Support Devices': 0}"
"/home/michel/data/Text2Image/mimicxr_train_100/_val_e46_generate_text_top0.85r,edit/No acute cardiopulmonary process. Unremarkable chest radiographic examination/rank_0_000000_fr0.0_cr1.0212edit.png","{'Atelectasis': 0, 'Cardiomegaly': 0, 'Consolidation': 0, 'Edema': 0, 'Enlarged Cardiomediastinum': 0, 'Fracture': 0, 'Lung Lesion': 0, 'Lung Opacity': 0, 'No Finding': 1, 'Pleural Effusion': 0, 'Pleural Other': 0, 'Pneumonia': 0, 'Pneumothorax': 0, 'Support Devices': 0}"
"/home/michel/data/Text2Image/mimicxr_train_100/_val_e46_generate_text_top0.85r,edit/No acute cardiopulmonary process. Unremarkable chest radiographic examination/rank_0_000000_fr0.0_cr1.0213edit.png","{'Atelectasis': 0, 'Cardiomegaly': 0, 'Consolidation': 0, 'Edema': 0, 'Enlarged Cardiomediastinum': 0, 'Fracture': 0, 'Lung Lesion': 0, 'Lung Opacity': 0, 'No Finding': 1, 'Pleural Effusion': 0, 'Pleural Other': 0, 'Pneumonia': 0, 'Pneumothorax': 0, 'Support Devices': 0}"
"/home/michel/data/Text2Image/mimicxr_train_100/_val_e46_generate_text_top0.85r,edit/No acute cardiopulmonary process. Unremarkable chest radiographic examination/rank_0_000000_fr0.0_cr1.0214edit.png","{'Atelectasis': 0, 'Cardiomegaly': 0, 'Consolidation': 0, 'Edema': 0, 'Enlarged Cardiomediastinum': 0, 'Fracture': 0, 'Lung Lesion': 0, 'Lung Opacity': 0, 'No Finding': 1, 'Pleural Effusion': 0, 'Pleural Other': 0, 'Pneumonia': 0, 'Pneumothorax': 0, 'Support Devices': 0}"
"/home/michel/data/Text2Image/mimicxr_train_100/_val_e46_generate_text_top0.85r,edit/No acute cardiopulmonary process. Unremarkable chest radiographic examination/rank_0_000000_fr0.0_cr1.0215edit.png","{'Atelectasis': 0, 'Cardiomegaly': 0, 'Consolidation': 0, 'Edema': 0, 'Enlarged Cardiomediastinum': 0, 'Fracture': 0, 'Lung Lesion': 0, 'Lung Opacity': 0, 'No Finding': 1, 'Pleural Effusion': 0, 'Pleural Other': 0, 'Pneumonia': 0, 'Pneumothorax': 0, 'Support Devices': 1}"
"/home/michel/data/Text2Image/mimicxr_train_100/_val_e46_generate_text_top0.85r,edit/No acute cardiopulmonary process. Unremarkable chest radiographic examination/rank_0_000000_fr0.0_cr1.0216edit.png","{'Atelectasis': 0, 'Cardiomegaly': 0, 'Consolidation': 0, 'Edema': 0, 'Enlarged Cardiomediastinum': 0, 'Fracture': 0, 'Lung Lesion': 0, 'Lung Opacity': 0, 'No Finding': 1, 'Pleural Effusion': 0, 'Pleural Other': 0, 'Pneumonia': 0, 'Pneumothorax': 0, 'Support Devices': 0}"
"/home/michel/data/Text2Image/mimicxr_train_100/_val_e46_generate_text_top0.85r,edit/No acute cardiopulmonary process. Unremarkable chest radiographic examination/rank_0_000000_fr0.0_cr1.0217edit.png","{'Atelectasis': 0, 'Cardiomegaly': 0, 'Consolidation': 0, 'Edema': 0, 'Enlarged Cardiomediastinum': 0, 'Fracture': 0, 'Lung Lesion': 0, 'Lung Opacity': 0, 'No Finding': 1, 'Pleural Effusion': 0, 'Pleural Other': 0, 'Pneumonia': 0, 'Pneumothorax': 0, 'Support Devices': 0}"
"/home/michel/data/Text2Image/mimicxr_train_100/_val_e46_generate_text_top0.85r,edit/No acute cardiopulmonary process. Unremarkable chest radiographic examination/rank_0_000000_fr0.0_cr1.0218edit.png","{'Atelectasis': 0, 'Cardiomegaly': 0, 'Consolidation': 0, 'Edema': 0, 'Enlarged Cardiomediastinum': 0, 'Fracture': 0, 'Lung Lesion': 0, 'Lung Opacity': 0, 'No Finding': 1, 'Pleural Effusion': 0, 'Pleural Other': 0, 'Pneumonia': 0, 'Pneumothorax': 0, 'Support Devices': 0}"
"/home/michel/data/Text2Image/mimicxr_train_100/_val_e46_generate_text_top0.85r,edit/No acute cardiopulmonary process. Unremarkable chest radiographic examination/rank_0_000000_fr0.0_cr1.0219edit.png","{'Atelectasis': 0, 'Cardiomegaly': 0, 'Consolidation': 0, 'Edema': 0, 'Enlarged Cardiomediastinum': 0, 'Fracture': 0, 'Lung Lesion': 0, 'Lung Opacity': 0, 'No Finding': 1, 'Pleural Effusion': 0, 'Pleural Other': 0, 'Pneumonia': 0, 'Pneumothorax': 0, 'Support Devices': 0}"
"/home/michel/data/Text2Image/mimicxr_train_100/_val_e46_generate_text_top0.85r,edit/No acute cardiopulmonary process. Unremarkable chest radiographic examination/rank_0_000000_fr0.0_cr1.0220edit.png","{'Atelectasis': 0, 'Cardiomegaly': 0, 'Consolidation': 0, 'Edema': 0, 'Enlarged Cardiomediastinum': 0, 'Fracture': 0, 'Lung Lesion': 0, 'Lung Opacity': 0, 'No Finding': 1, 'Pleural Effusion': 0, 'Pleural Other': 0, 'Pneumonia': 0, 'Pneumothorax': 0, 'Support Devices': 0}"
"/home/michel/data/Text2Image/mimicxr_train_100/_val_e46_generate_text_top0.85r,edit/No acute cardiopulmonary process. Unremarkable chest radiographic examination/rank_0_000000_fr0.0_cr1.0221edit.png","{'Atelectasis': 0, 'Cardiomegaly': 0, 'Consolidation': 0, 'Edema': 0, 'Enlarged Cardiomediastinum': 0, 'Fracture': 0, 'Lung Lesion': 0, 'Lung Opacity': 0, 'No Finding': 1, 'Pleural Effusion': 0, 'Pleural Other': 0, 'Pneumonia': 0, 'Pneumothorax': 0, 'Support Devices': 1}"
"/home/michel/data/Text2Image/mimicxr_train_100/_val_e46_generate_text_top0.85r,edit/No acute cardiopulmonary process. Unremarkable chest radiographic examination/rank_0_000000_fr0.0_cr1.0222edit.png","{'Atelectasis': 0, 'Cardiomegaly': 0, 'Consolidation': 0, 'Edema': 0, 'Enlarged Cardiomediastinum': 0, 'Fracture': 0, 'Lung Lesion': 0, 'Lung Opacity': 0, 'No Finding': 1, 'Pleural Effusion': 0, 'Pleural Other': 0, 'Pneumonia': 0, 'Pneumothorax': 0, 'Support Devices': 0}"
"/home/michel/data/Text2Image/mimicxr_train_100/_val_e46_generate_text_top0.85r,edit/No acute cardiopulmonary process. Unremarkable chest radiographic examination/rank_0_000000_fr0.0_cr1.0223edit.png","{'Atelectasis': 0, 'Cardiomegaly': 0, 'Consolidation': 0, 'Edema': 0, 'Enlarged Cardiomediastinum': 0, 'Fracture': 0, 'Lung Lesion': 0, 'Lung Opacity': 0, 'No Finding': 1, 'Pleural Effusion': 0, 'Pleural Other': 0, 'Pneumonia': 0, 'Pneumothorax': 0, 'Support Devices': 0}"
"/home/michel/data/Text2Image/mimicxr_train_100/_val_e46_generate_text_top0.85r,edit/No acute cardiopulmonary process. Unremarkable chest radiographic examination/rank_0_000000_fr0.0_cr1.0224edit.png","{'Atelectasis': 0, 'Cardiomegaly': 0, 'Consolidation': 0, 'Edema': 0, 'Enlarged Cardiomediastinum': 0, 'Fracture': 0, 'Lung Lesion': 0, 'Lung Opacity': 0, 'No Finding': 1, 'Pleural Effusion': 0, 'Pleural Other': 0, 'Pneumonia': 0, 'Pneumothorax': 0, 'Support Devices': 1}"
"/home/michel/data/Text2Image/mimicxr_train_100/_val_e46_generate_text_top0.85r,edit/No acute cardiopulmonary process. Unremarkable chest radiographic examination/rank_0_000000_fr0.0_cr1.0225edit.png","{'Atelectasis': 0, 'Cardiomegaly': 0, 'Consolidation': 0, 'Edema': 0, 'Enlarged Cardiomediastinum': 0, 'Fracture': 0, 'Lung Lesion': 0, 'Lung Opacity': 0, 'No Finding': 1, 'Pleural Effusion': 0, 'Pleural Other': 0, 'Pneumonia': 0, 'Pneumothorax': 0, 'Support Devices': 1}"
"/home/michel/data/Text2Image/mimicxr_train_100/_val_e46_generate_text_top0.85r,edit/No acute cardiopulmonary process. Unremarkable chest radiographic examination/rank_0_000000_fr0.0_cr1.0226edit.png","{'Atelectasis': 0, 'Cardiomegaly': 0, 'Consolidation': 0, 'Edema': 0, 'Enlarged Cardiomediastinum': 0, 'Fracture': 0, 'Lung Lesion': 0, 'Lung Opacity': 0, 'No Finding': 1, 'Pleural Effusion': 0, 'Pleural Other': 0, 'Pneumonia': 0, 'Pneumothorax': 0, 'Support Devices': 0}"
"/home/michel/data/Text2Image/mimicxr_train_100/_val_e46_generate_text_top0.85r,edit/No acute cardiopulmonary process. Unremarkable chest radiographic examination/rank_0_000000_fr0.0_cr1.0227edit.png","{'Atelectasis': 0, 'Cardiomegaly': 0, 'Consolidation': 0, 'Edema': 0, 'Enlarged Cardiomediastinum': 0, 'Fracture': 0, 'Lung Lesion': 0, 'Lung Opacity': 0, 'No Finding': 1, 'Pleural Effusion': 0, 'Pleural Other': 0, 'Pneumonia': 0, 'Pneumothorax': 0, 'Support Devices': 0}"
"/home/michel/data/Text2Image/mimicxr_train_100/_val_e46_generate_text_top0.85r,edit/No acute cardiopulmonary process. Unremarkable chest radiographic examination/rank_0_000000_fr0.0_cr1.0228edit.png","{'Atelectasis': 0, 'Cardiomegaly': 0, 'Consolidation': 0, 'Edema': 0, 'Enlarged Cardiomediastinum': 0, 'Fracture': 0, 'Lung Lesion': 0, 'Lung Opacity': 0, 'No Finding': 1, 'Pleural Effusion': 0, 'Pleural Other': 0, 'Pneumonia': 0, 'Pneumothorax': 0, 'Support Devices': 0}"
"/home/michel/data/Text2Image/mimicxr_train_100/_val_e46_generate_text_top0.85r,edit/No acute cardiopulmonary process. Unremarkable chest radiographic examination/rank_0_000000_fr0.0_cr1.0229edit.png","{'Atelectasis': 0, 'Cardiomegaly': 0, 'Consolidation': 0, 'Edema': 0, 'Enlarged Cardiomediastinum': 0, 'Fracture': 0, 'Lung Lesion': 0, 'Lung Opacity': 0, 'No Finding': 1, 'Pleural Effusion': 0, 'Pleural Other': 0, 'Pneumonia': 0, 'Pneumothorax': 0, 'Support Devices': 0}"
"/home/michel/data/Text2Image/mimicxr_train_100/_val_e46_generate_text_top0.85r,edit/No acute cardiopulmonary process. Unremarkable chest radiographic examination/rank_0_000000_fr0.0_cr1.0230edit.png","{'Atelectasis': 0, 'Cardiomegaly': 0, 'Consolidation': 0, 'Edema': 0, 'Enlarged Cardiomediastinum': 0, 'Fracture': 0, 'Lung Lesion': 0, 'Lung Opacity': 0, 'No Finding': 1, 'Pleural Effusion': 0, 'Pleural Other': 0, 'Pneumonia': 0, 'Pneumothorax': 0, 'Support Devices': 0}"
"/home/michel/data/Text2Image/mimicxr_train_100/_val_e46_generate_text_top0.85r,edit/No acute cardiopulmonary process. Unremarkable chest radiographic examination/rank_0_000000_fr0.0_cr1.0231edit.png","{'Atelectasis': 0, 'Cardiomegaly': 0, 'Consolidation': 0, 'Edema': 0, 'Enlarged Cardiomediastinum': 0, 'Fracture': 0, 'Lung Lesion': 0, 'Lung Opacity': 0, 'No Finding': 1, 'Pleural Effusion': 0, 'Pleural Other': 0, 'Pneumonia': 0, 'Pneumothorax': 0, 'Support Devices': 0}"
"/home/michel/data/Text2Image/mimicxr_train_100/_val_e46_generate_text_top0.85r,edit/No acute cardiopulmonary process. Unremarkable chest radiographic examination/rank_0_000000_fr0.0_cr1.0232edit.png","{'Atelectasis': 0, 'Cardiomegaly': 0, 'Consolidation': 0, 'Edema': 0, 'Enlarged Cardiomediastinum': 0, 'Fracture': 0, 'Lung Lesion': 0, 'Lung Opacity': 0, 'No Finding': 1, 'Pleural Effusion': 0, 'Pleural Other': 0, 'Pneumonia': 0, 'Pneumothorax': 0, 'Support Devices': 0}"
"/home/michel/data/Text2Image/mimicxr_train_100/_val_e46_generate_text_top0.85r,edit/No acute cardiopulmonary process. Unremarkable chest radiographic examination/rank_0_000000_fr0.0_cr1.0233edit.png","{'Atelectasis': 0, 'Cardiomegaly': 0, 'Consolidation': 0, 'Edema': 0, 'Enlarged Cardiomediastinum': 0, 'Fracture': 0, 'Lung Lesion': 0, 'Lung Opacity': 0, 'No Finding': 1, 'Pleural Effusion': 0, 'Pleural Other': 0, 'Pneumonia': 0, 'Pneumothorax': 0, 'Support Devices': 0}"
"/home/michel/data/Text2Image/mimicxr_train_100/_val_e46_generate_text_top0.85r,edit/No acute cardiopulmonary process. Unremarkable chest radiographic examination/rank_0_000000_fr0.0_cr1.0234edit.png","{'Atelectasis': 0, 'Cardiomegaly': 0, 'Consolidation': 0, 'Edema': 0, 'Enlarged Cardiomediastinum': 0, 'Fracture': 0, 'Lung Lesion': 0, 'Lung Opacity': 0, 'No Finding': 1, 'Pleural Effusion': 0, 'Pleural Other': 0, 'Pneumonia': 0, 'Pneumothorax': 0, 'Support Devices': 0}"
"/home/michel/data/Text2Image/mimicxr_train_100/_val_e46_generate_text_top0.85r,edit/No acute cardiopulmonary process. Unremarkable chest radiographic examination/rank_0_000000_fr0.0_cr1.0235edit.png","{'Atelectasis': 0, 'Cardiomegaly': 0, 'Consolidation': 0, 'Edema': 0, 'Enlarged Cardiomediastinum': 0, 'Fracture': 0, 'Lung Lesion': 0, 'Lung Opacity': 0, 'No Finding': 1, 'Pleural Effusion': 0, 'Pleural Other': 0, 'Pneumonia': 0, 'Pneumothorax': 0, 'Support Devices': 0}"
"/home/michel/data/Text2Image/mimicxr_train_100/_val_e46_generate_text_top0.85r,edit/No acute cardiopulmonary process. Unremarkable chest radiographic examination/rank_0_000000_fr0.0_cr1.0236edit.png","{'Atelectasis': 0, 'Cardiomegaly': 0, 'Consolidation': 0, 'Edema': 0, 'Enlarged Cardiomediastinum': 0, 'Fracture': 0, 'Lung Lesion': 0, 'Lung Opacity': 0, 'No Finding': 1, 'Pleural Effusion': 0, 'Pleural Other': 0, 'Pneumonia': 0, 'Pneumothorax': 0, 'Support Devices': 0}"
"/home/michel/data/Text2Image/mimicxr_train_100/_val_e46_generate_text_top0.85r,edit/No acute cardiopulmonary process. Unremarkable chest radiographic examination/rank_0_000000_fr0.0_cr1.0237edit.png","{'Atelectasis': 0, 'Cardiomegaly': 0, 'Consolidation': 0, 'Edema': 0, 'Enlarged Cardiomediastinum': 0, 'Fracture': 0, 'Lung Lesion': 0, 'Lung Opacity': 0, 'No Finding': 1, 'Pleural Effusion': 0, 'Pleural Other': 0, 'Pneumonia': 0, 'Pneumothorax': 0, 'Support Devices': 0}"
"/home/michel/data/Text2Image/mimicxr_train_100/_val_e46_generate_text_top0.85r,edit/No acute cardiopulmonary process. Unremarkable chest radiographic examination/rank_0_000000_fr0.0_cr1.0238edit.png","{'Atelectasis': 0, 'Cardiomegaly': 0, 'Consolidation': 0, 'Edema': 0, 'Enlarged Cardiomediastinum': 0, 'Fracture': 0, 'Lung Lesion': 0, 'Lung Opacity': 0, 'No Finding': 1, 'Pleural Effusion': 0, 'Pleural Other': 0, 'Pneumonia': 0, 'Pneumothorax': 0, 'Support Devices': 0}"
"/home/michel/data/Text2Image/mimicxr_train_100/_val_e46_generate_text_top0.85r,edit/No acute cardiopulmonary process. Unremarkable chest radiographic examination/rank_0_000000_fr0.0_cr1.0239edit.png","{'Atelectasis': 0, 'Cardiomegaly': 0, 'Consolidation': 0, 'Edema': 0, 'Enlarged Cardiomediastinum': 0, 'Fracture': 0, 'Lung Lesion': 0, 'Lung Opacity': 0, 'No Finding': 1, 'Pleural Effusion': 0, 'Pleural Other': 0, 'Pneumonia': 0, 'Pneumothorax': 0, 'Support Devices': 0}"
"/home/michel/data/Text2Image/mimicxr_train_100/_val_e46_generate_text_top0.85r,edit/No acute cardiopulmonary process. Unremarkable chest radiographic examination/rank_0_000000_fr0.0_cr1.0240edit.png","{'Atelectasis': 0, 'Cardiomegaly': 0, 'Consolidation': 0, 'Edema': 0, 'Enlarged Cardiomediastinum': 0, 'Fracture': 0, 'Lung Lesion': 0, 'Lung Opacity': 0, 'No Finding': 1, 'Pleural Effusion': 0, 'Pleural Other': 0, 'Pneumonia': 0, 'Pneumothorax': 0, 'Support Devices': 0}"
"/home/michel/data/Text2Image/mimicxr_train_100/_val_e46_generate_text_top0.85r,edit/No acute cardiopulmonary process. Unremarkable chest radiographic examination/rank_0_000000_fr0.0_cr1.0241edit.png","{'Atelectasis': 0, 'Cardiomegaly': 0, 'Consolidation': 0, 'Edema': 0, 'Enlarged Cardiomediastinum': 0, 'Fracture': 0, 'Lung Lesion': 0, 'Lung Opacity': 0, 'No Finding': 1, 'Pleural Effusion': 0, 'Pleural Other': 0, 'Pneumonia': 0, 'Pneumothorax': 0, 'Support Devices': 0}"
"/home/michel/data/Text2Image/mimicxr_train_100/_val_e46_generate_text_top0.85r,edit/No acute cardiopulmonary process. Unremarkable chest radiographic examination/rank_0_000000_fr0.0_cr1.0242edit.png","{'Atelectasis': 0, 'Cardiomegaly': 0, 'Consolidation': 0, 'Edema': 0, 'Enlarged Cardiomediastinum': 0, 'Fracture': 0, 'Lung Lesion': 0, 'Lung Opacity': 0, 'No Finding': 1, 'Pleural Effusion': 0, 'Pleural Other': 0, 'Pneumonia': 0, 'Pneumothorax': 0, 'Support Devices': 0}"
"/home/michel/data/Text2Image/mimicxr_train_100/_val_e46_generate_text_top0.85r,edit/No acute cardiopulmonary process. Unremarkable chest radiographic examination/rank_0_000000_fr0.0_cr1.0243edit.png","{'Atelectasis': 0, 'Cardiomegaly': 0, 'Consolidation': 0, 'Edema': 0, 'Enlarged Cardiomediastinum': 0, 'Fracture': 0, 'Lung Lesion': 0, 'Lung Opacity': 0, 'No Finding': 1, 'Pleural Effusion': 0, 'Pleural Other': 0, 'Pneumonia': 0, 'Pneumothorax': 0, 'Support Devices': 0}"
"/home/michel/data/Text2Image/mimicxr_train_100/_val_e46_generate_text_top0.85r,edit/No acute cardiopulmonary process. Unremarkable chest radiographic examination/rank_0_000000_fr0.0_cr1.0244edit.png","{'Atelectasis': 0, 'Cardiomegaly': 0, 'Consolidation': 0, 'Edema': 0, 'Enlarged Cardiomediastinum': 0, 'Fracture': 0, 'Lung Lesion': 0, 'Lung Opacity': 0, 'No Finding': 1, 'Pleural Effusion': 0, 'Pleural Other': 0, 'Pneumonia': 0, 'Pneumothorax': 0, 'Support Devices': 0}"
"/home/michel/data/Text2Image/mimicxr_train_100/_val_e46_generate_text_top0.85r,edit/No acute cardiopulmonary process. Unremarkable chest radiographic examination/rank_0_000000_fr0.0_cr1.0245edit.png","{'Atelectasis': 0, 'Cardiomegaly': 0, 'Consolidation': 0, 'Edema': 0, 'Enlarged Cardiomediastinum': 0, 'Fracture': 0, 'Lung Lesion': 0, 'Lung Opacity': 0, 'No Finding': 1, 'Pleural Effusion': 0, 'Pleural Other': 0, 'Pneumonia': 0, 'Pneumothorax': 0, 'Support Devices': 0}"
"/home/michel/data/Text2Image/mimicxr_train_100/_val_e46_generate_text_top0.85r,edit/No acute cardiopulmonary process. Unremarkable chest radiographic examination/rank_0_000000_fr0.0_cr1.0246edit.png","{'Atelectasis': 0, 'Cardiomegaly': 0, 'Consolidation': 0, 'Edema': 0, 'Enlarged Cardiomediastinum': 0, 'Fracture': 0, 'Lung Lesion': 0, 'Lung Opacity': 0, 'No Finding': 1, 'Pleural Effusion': 0, 'Pleural Other': 0, 'Pneumonia': 0, 'Pneumothorax': 0, 'Support Devices': 0}"
"/home/michel/data/Text2Image/mimicxr_train_100/_val_e46_generate_text_top0.85r,edit/No acute cardiopulmonary process. Unremarkable chest radiographic examination/rank_0_000000_fr0.0_cr1.0247edit.png","{'Atelectasis': 0, 'Cardiomegaly': 0, 'Consolidation': 0, 'Edema': 0, 'Enlarged Cardiomediastinum': 0, 'Fracture': 0, 'Lung Lesion': 0, 'Lung Opacity': 0, 'No Finding': 1, 'Pleural Effusion': 0, 'Pleural Other': 0, 'Pneumonia': 0, 'Pneumothorax': 0, 'Support Devices': 1}"
"/home/michel/data/Text2Image/mimicxr_train_100/_val_e46_generate_text_top0.85r,edit/No acute cardiopulmonary process. Unremarkable chest radiographic examination/rank_0_000000_fr0.0_cr1.0248edit.png","{'Atelectasis': 0, 'Cardiomegaly': 0, 'Consolidation': 0, 'Edema': 0, 'Enlarged Cardiomediastinum': 0, 'Fracture': 0, 'Lung Lesion': 0, 'Lung Opacity': 0, 'No Finding': 1, 'Pleural Effusion': 0, 'Pleural Other': 0, 'Pneumonia': 0, 'Pneumothorax': 0, 'Support Devices': 0}"
"/home/michel/data/Text2Image/mimicxr_train_100/_val_e46_generate_text_top0.85r,edit/No acute cardiopulmonary process. Unremarkable chest radiographic examination/rank_0_000000_fr0.0_cr1.0249edit.png","{'Atelectasis': 0, 'Cardiomegaly': 0, 'Consolidation': 0, 'Edema': 0, 'Enlarged Cardiomediastinum': 0, 'Fracture': 0, 'Lung Lesion': 0, 'Lung Opacity': 0, 'No Finding': 1, 'Pleural Effusion': 0, 'Pleural Other': 0, 'Pneumonia': 0, 'Pneumothorax': 0, 'Support Devices': 0}"
"/home/michel/data/Text2Image/mimicxr_train_100/_val_e46_generate_text_top0.85r,edit/No acute cardiopulmonary process. Unremarkable chest radiographic examination/rank_0_000000_fr0.0_cr1.0250edit.png","{'Atelectasis': 0, 'Cardiomegaly': 0, 'Consolidation': 0, 'Edema': 0, 'Enlarged Cardiomediastinum': 0, 'Fracture': 0, 'Lung Lesion': 0, 'Lung Opacity': 0, 'No Finding': 1, 'Pleural Effusion': 0, 'Pleural Other': 0, 'Pneumonia': 0, 'Pneumothorax': 0, 'Support Devices': 0}"
"/home/michel/data/Text2Image/mimicxr_train_100/_val_e46_generate_text_top0.85r,edit/No acute cardiopulmonary process. Unremarkable chest radiographic examination/rank_0_000000_fr0.0_cr1.0251edit.png","{'Atelectasis': 0, 'Cardiomegaly': 0, 'Consolidation': 0, 'Edema': 0, 'Enlarged Cardiomediastinum': 0, 'Fracture': 0, 'Lung Lesion': 0, 'Lung Opacity': 0, 'No Finding': 1, 'Pleural Effusion': 0, 'Pleural Other': 0, 'Pneumonia': 0, 'Pneumothorax': 0, 'Support Devices': 0}"
"/home/michel/data/Text2Image/mimicxr_train_100/_val_e46_generate_text_top0.85r,edit/No acute cardiopulmonary process. Unremarkable chest radiographic examination/rank_0_000000_fr0.0_cr1.0252edit.png","{'Atelectasis': 0, 'Cardiomegaly': 0, 'Consolidation': 0, 'Edema': 0, 'Enlarged Cardiomediastinum': 0, 'Fracture': 0, 'Lung Lesion': 0, 'Lung Opacity': 0, 'No Finding': 1, 'Pleural Effusion': 0, 'Pleural Other': 0, 'Pneumonia': 0, 'Pneumothorax': 0, 'Support Devices': 1}"
"/home/michel/data/Text2Image/mimicxr_train_100/_val_e46_generate_text_top0.85r,edit/No acute cardiopulmonary process. Unremarkable chest radiographic examination/rank_0_000000_fr0.0_cr1.0253edit.png","{'Atelectasis': 0, 'Cardiomegaly': 0, 'Consolidation': 0, 'Edema': 0, 'Enlarged Cardiomediastinum': 0, 'Fracture': 0, 'Lung Lesion': 0, 'Lung Opacity': 0, 'No Finding': 1, 'Pleural Effusion': 0, 'Pleural Other': 0, 'Pneumonia': 0, 'Pneumothorax': 0, 'Support Devices': 1}"
"/home/michel/data/Text2Image/mimicxr_train_100/_val_e46_generate_text_top0.85r,edit/No acute cardiopulmonary process. Unremarkable chest radiographic examination/rank_0_000000_fr0.0_cr1.0254edit.png","{'Atelectasis': 0, 'Cardiomegaly': 0, 'Consolidation': 0, 'Edema': 0, 'Enlarged Cardiomediastinum': 0, 'Fracture': 0, 'Lung Lesion': 0, 'Lung Opacity': 0, 'No Finding': 1, 'Pleural Effusion': 0, 'Pleural Other': 0, 'Pneumonia': 0, 'Pneumothorax': 0, 'Support Devices': 1}"
"/home/michel/data/Text2Image/mimicxr_train_100/_val_e46_generate_text_top0.85r,edit/No acute cardiopulmonary process. Unremarkable chest radiographic examination/rank_0_000000_fr0.0_cr1.0255edit.png","{'Atelectasis': 0, 'Cardiomegaly': 0, 'Consolidation': 0, 'Edema': 0, 'Enlarged Cardiomediastinum': 0, 'Fracture': 0, 'Lung Lesion': 0, 'Lung Opacity': 0, 'No Finding': 1, 'Pleural Effusion': 0, 'Pleural Other': 0, 'Pneumonia': 0, 'Pneumothorax': 0, 'Support Devices': 1}"
"/home/michel/data/Text2Image/mimicxr_train_100/_val_e46_generate_text_top0.85r,edit/No acute cardiopulmonary process. Unremarkable chest radiographic examination/rank_0_000000_fr0.0_cr1.0256edit.png","{'Atelectasis': 0, 'Cardiomegaly': 0, 'Consolidation': 0, 'Edema': 0, 'Enlarged Cardiomediastinum': 0, 'Fracture': 0, 'Lung Lesion': 0, 'Lung Opacity': 0, 'No Finding': 1, 'Pleural Effusion': 0, 'Pleural Other': 0, 'Pneumonia': 0, 'Pneumothorax': 0, 'Support Devices': 0}"
"/home/michel/data/Text2Image/mimicxr_train_100/_val_e46_generate_text_top0.85r,edit/No acute cardiopulmonary process. Unremarkable chest radiographic examination/rank_0_000000_fr0.0_cr1.0257edit.png","{'Atelectasis': 0, 'Cardiomegaly': 0, 'Consolidation': 0, 'Edema': 0, 'Enlarged Cardiomediastinum': 0, 'Fracture': 0, 'Lung Lesion': 0, 'Lung Opacity': 0, 'No Finding': 1, 'Pleural Effusion': 0, 'Pleural Other': 0, 'Pneumonia': 0, 'Pneumothorax': 0, 'Support Devices': 0}"
"/home/michel/data/Text2Image/mimicxr_train_100/_val_e46_generate_text_top0.85r,edit/No acute cardiopulmonary process. Unremarkable chest radiographic examination/rank_0_000000_fr0.0_cr1.0258edit.png","{'Atelectasis': 0, 'Cardiomegaly': 0, 'Consolidation': 0, 'Edema': 0, 'Enlarged Cardiomediastinum': 0, 'Fracture': 0, 'Lung Lesion': 0, 'Lung Opacity': 0, 'No Finding': 1, 'Pleural Effusion': 0, 'Pleural Other': 0, 'Pneumonia': 0, 'Pneumothorax': 0, 'Support Devices': 1}"
"/home/michel/data/Text2Image/mimicxr_train_100/_val_e46_generate_text_top0.85r,edit/No acute cardiopulmonary process. Unremarkable chest radiographic examination/rank_0_000000_fr0.0_cr1.0259edit.png","{'Atelectasis': 0, 'Cardiomegaly': 0, 'Consolidation': 0, 'Edema': 0, 'Enlarged Cardiomediastinum': 0, 'Fracture': 0, 'Lung Lesion': 0, 'Lung Opacity': 0, 'No Finding': 1, 'Pleural Effusion': 0, 'Pleural Other': 0, 'Pneumonia': 0, 'Pneumothorax': 0, 'Support Devices': 1}"
"/home/michel/data/Text2Image/mimicxr_train_100/_val_e46_generate_text_top0.85r,edit/No acute cardiopulmonary process. Unremarkable chest radiographic examination/rank_0_000000_fr0.0_cr1.0260edit.png","{'Atelectasis': 0, 'Cardiomegaly': 0, 'Consolidation': 0, 'Edema': 0, 'Enlarged Cardiomediastinum': 0, 'Fracture': 0, 'Lung Lesion': 0, 'Lung Opacity': 0, 'No Finding': 1, 'Pleural Effusion': 0, 'Pleural Other': 0, 'Pneumonia': 0, 'Pneumothorax': 0, 'Support Devices': 1}"
"/home/michel/data/Text2Image/mimicxr_train_100/_val_e46_generate_text_top0.85r,edit/No acute cardiopulmonary process. Unremarkable chest radiographic examination/rank_0_000000_fr0.0_cr1.0261edit.png","{'Atelectasis': 0, 'Cardiomegaly': 0, 'Consolidation': 0, 'Edema': 0, 'Enlarged Cardiomediastinum': 0, 'Fracture': 0, 'Lung Lesion': 0, 'Lung Opacity': 0, 'No Finding': 1, 'Pleural Effusion': 0, 'Pleural Other': 0, 'Pneumonia': 0, 'Pneumothorax': 0, 'Support Devices': 1}"
"/home/michel/data/Text2Image/mimicxr_train_100/_val_e46_generate_text_top0.85r,edit/No acute cardiopulmonary process. Unremarkable chest radiographic examination/rank_0_000000_fr0.0_cr1.0262edit.png","{'Atelectasis': 0, 'Cardiomegaly': 0, 'Consolidation': 0, 'Edema': 0, 'Enlarged Cardiomediastinum': 0, 'Fracture': 0, 'Lung Lesion': 0, 'Lung Opacity': 0, 'No Finding': 1, 'Pleural Effusion': 0, 'Pleural Other': 0, 'Pneumonia': 0, 'Pneumothorax': 0, 'Support Devices': 0}"
"/home/michel/data/Text2Image/mimicxr_train_100/_val_e46_generate_text_top0.85r,edit/No acute cardiopulmonary process. Unremarkable chest radiographic examination/rank_0_000000_fr0.0_cr1.0263edit.png","{'Atelectasis': 0, 'Cardiomegaly': 0, 'Consolidation': 0, 'Edema': 0, 'Enlarged Cardiomediastinum': 0, 'Fracture': 0, 'Lung Lesion': 0, 'Lung Opacity': 0, 'No Finding': 1, 'Pleural Effusion': 0, 'Pleural Other': 0, 'Pneumonia': 0, 'Pneumothorax': 0, 'Support Devices': 0}"
"/home/michel/data/Text2Image/mimicxr_train_100/_val_e46_generate_text_top0.85r,edit/No acute cardiopulmonary process. Unremarkable chest radiographic examination/rank_0_000000_fr0.0_cr1.0264edit.png","{'Atelectasis': 0, 'Cardiomegaly': 0, 'Consolidation': 0, 'Edema': 0, 'Enlarged Cardiomediastinum': 0, 'Fracture': 0, 'Lung Lesion': 0, 'Lung Opacity': 0, 'No Finding': 1, 'Pleural Effusion': 0, 'Pleural Other': 0, 'Pneumonia': 0, 'Pneumothorax': 0, 'Support Devices': 0}"
"/home/michel/data/Text2Image/mimicxr_train_100/_val_e46_generate_text_top0.85r,edit/No acute cardiopulmonary process. Unremarkable chest radiographic examination/rank_0_000000_fr0.0_cr1.0265edit.png","{'Atelectasis': 0, 'Cardiomegaly': 0, 'Consolidation': 0, 'Edema': 0, 'Enlarged Cardiomediastinum': 0, 'Fracture': 0, 'Lung Lesion': 0, 'Lung Opacity': 0, 'No Finding': 1, 'Pleural Effusion': 0, 'Pleural Other': 0, 'Pneumonia': 0, 'Pneumothorax': 0, 'Support Devices': 0}"
"/home/michel/data/Text2Image/mimicxr_train_100/_val_e46_generate_text_top0.85r,edit/No acute cardiopulmonary process. Unremarkable chest radiographic examination/rank_0_000000_fr0.0_cr1.0266edit.png","{'Atelectasis': 0, 'Cardiomegaly': 0, 'Consolidation': 0, 'Edema': 0, 'Enlarged Cardiomediastinum': 0, 'Fracture': 0, 'Lung Lesion': 0, 'Lung Opacity': 0, 'No Finding': 1, 'Pleural Effusion': 0, 'Pleural Other': 0, 'Pneumonia': 0, 'Pneumothorax': 0, 'Support Devices': 0}"
"/home/michel/data/Text2Image/mimicxr_train_100/_val_e46_generate_text_top0.85r,edit/No acute cardiopulmonary process. Unremarkable chest radiographic examination/rank_0_000000_fr0.0_cr1.0267edit.png","{'Atelectasis': 0, 'Cardiomegaly': 0, 'Consolidation': 0, 'Edema': 0, 'Enlarged Cardiomediastinum': 0, 'Fracture': 0, 'Lung Lesion': 0, 'Lung Opacity': 0, 'No Finding': 1, 'Pleural Effusion': 0, 'Pleural Other': 0, 'Pneumonia': 0, 'Pneumothorax': 0, 'Support Devices': 0}"
"/home/michel/data/Text2Image/mimicxr_train_100/_val_e46_generate_text_top0.85r,edit/No acute cardiopulmonary process. Unremarkable chest radiographic examination/rank_0_000000_fr0.0_cr1.0268edit.png","{'Atelectasis': 0, 'Cardiomegaly': 0, 'Consolidation': 0, 'Edema': 0, 'Enlarged Cardiomediastinum': 0, 'Fracture': 0, 'Lung Lesion': 0, 'Lung Opacity': 0, 'No Finding': 1, 'Pleural Effusion': 0, 'Pleural Other': 0, 'Pneumonia': 0, 'Pneumothorax': 0, 'Support Devices': 1}"
"/home/michel/data/Text2Image/mimicxr_train_100/_val_e46_generate_text_top0.85r,edit/No acute cardiopulmonary process. Unremarkable chest radiographic examination/rank_0_000000_fr0.0_cr1.0269edit.png","{'Atelectasis': 0, 'Cardiomegaly': 0, 'Consolidation': 0, 'Edema': 0, 'Enlarged Cardiomediastinum': 0, 'Fracture': 0, 'Lung Lesion': 0, 'Lung Opacity': 0, 'No Finding': 1, 'Pleural Effusion': 0, 'Pleural Other': 0, 'Pneumonia': 0, 'Pneumothorax': 0, 'Support Devices': 0}"
"/home/michel/data/Text2Image/mimicxr_train_100/_val_e46_generate_text_top0.85r,edit/No acute cardiopulmonary process. Unremarkable chest radiographic examination/rank_0_000000_fr0.0_cr1.0270edit.png","{'Atelectasis': 0, 'Cardiomegaly': 0, 'Consolidation': 0, 'Edema': 0, 'Enlarged Cardiomediastinum': 0, 'Fracture': 0, 'Lung Lesion': 0, 'Lung Opacity': 0, 'No Finding': 1, 'Pleural Effusion': 0, 'Pleural Other': 0, 'Pneumonia': 0, 'Pneumothorax': 0, 'Support Devices': 0}"
"/home/michel/data/Text2Image/mimicxr_train_100/_val_e46_generate_text_top0.85r,edit/No acute cardiopulmonary process. Unremarkable chest radiographic examination/rank_0_000000_fr0.0_cr1.0271edit.png","{'Atelectasis': 0, 'Cardiomegaly': 0, 'Consolidation': 0, 'Edema': 0, 'Enlarged Cardiomediastinum': 0, 'Fracture': 0, 'Lung Lesion': 0, 'Lung Opacity': 0, 'No Finding': 1, 'Pleural Effusion': 0, 'Pleural Other': 0, 'Pneumonia': 0, 'Pneumothorax': 0, 'Support Devices': 1}"
"/home/michel/data/Text2Image/mimicxr_train_100/_val_e46_generate_text_top0.85r,edit/No acute cardiopulmonary process. Unremarkable chest radiographic examination/rank_0_000000_fr0.0_cr1.0272edit.png","{'Atelectasis': 0, 'Cardiomegaly': 0, 'Consolidation': 0, 'Edema': 0, 'Enlarged Cardiomediastinum': 0, 'Fracture': 0, 'Lung Lesion': 0, 'Lung Opacity': 0, 'No Finding': 1, 'Pleural Effusion': 0, 'Pleural Other': 0, 'Pneumonia': 0, 'Pneumothorax': 0, 'Support Devices': 0}"
"/home/michel/data/Text2Image/mimicxr_train_100/_val_e46_generate_text_top0.85r,edit/No acute cardiopulmonary process. Unremarkable chest radiographic examination/rank_0_000000_fr0.0_cr1.0273edit.png","{'Atelectasis': 0, 'Cardiomegaly': 0, 'Consolidation': 0, 'Edema': 0, 'Enlarged Cardiomediastinum': 0, 'Fracture': 0, 'Lung Lesion': 0, 'Lung Opacity': 0, 'No Finding': 1, 'Pleural Effusion': 0, 'Pleural Other': 0, 'Pneumonia': 0, 'Pneumothorax': 0, 'Support Devices': 0}"
"/home/michel/data/Text2Image/mimicxr_train_100/_val_e46_generate_text_top0.85r,edit/No acute cardiopulmonary process. Unremarkable chest radiographic examination/rank_0_000000_fr0.0_cr1.0274edit.png","{'Atelectasis': 0, 'Cardiomegaly': 0, 'Consolidation': 0, 'Edema': 0, 'Enlarged Cardiomediastinum': 0, 'Fracture': 0, 'Lung Lesion': 0, 'Lung Opacity': 0, 'No Finding': 1, 'Pleural Effusion': 0, 'Pleural Other': 0, 'Pneumonia': 0, 'Pneumothorax': 0, 'Support Devices': 0}"
"/home/michel/data/Text2Image/mimicxr_train_100/_val_e46_generate_text_top0.85r,edit/No acute cardiopulmonary process. Unremarkable chest radiographic examination/rank_0_000000_fr0.0_cr1.0275edit.png","{'Atelectasis': 0, 'Cardiomegaly': 0, 'Consolidation': 0, 'Edema': 0, 'Enlarged Cardiomediastinum': 0, 'Fracture': 0, 'Lung Lesion': 0, 'Lung Opacity': 0, 'No Finding': 1, 'Pleural Effusion': 0, 'Pleural Other': 0, 'Pneumonia': 0, 'Pneumothorax': 0, 'Support Devices': 0}"
"/home/michel/data/Text2Image/mimicxr_train_100/_val_e46_generate_text_top0.85r,edit/No acute cardiopulmonary process. Unremarkable chest radiographic examination/rank_0_000000_fr0.0_cr1.0276edit.png","{'Atelectasis': 0, 'Cardiomegaly': 0, 'Consolidation': 0, 'Edema': 0, 'Enlarged Cardiomediastinum': 0, 'Fracture': 0, 'Lung Lesion': 0, 'Lung Opacity': 0, 'No Finding': 1, 'Pleural Effusion': 0, 'Pleural Other': 0, 'Pneumonia': 0, 'Pneumothorax': 0, 'Support Devices': 0}"
"/home/michel/data/Text2Image/mimicxr_train_100/_val_e46_generate_text_top0.85r,edit/No acute cardiopulmonary process. Unremarkable chest radiographic examination/rank_0_000000_fr0.0_cr1.0277edit.png","{'Atelectasis': 0, 'Cardiomegaly': 0, 'Consolidation': 0, 'Edema': 0, 'Enlarged Cardiomediastinum': 0, 'Fracture': 0, 'Lung Lesion': 0, 'Lung Opacity': 0, 'No Finding': 1, 'Pleural Effusion': 0, 'Pleural Other': 0, 'Pneumonia': 0, 'Pneumothorax': 0, 'Support Devices': 0}"
"/home/michel/data/Text2Image/mimicxr_train_100/_val_e46_generate_text_top0.85r,edit/No acute cardiopulmonary process. Unremarkable chest radiographic examination/rank_0_000000_fr0.0_cr1.0278edit.png","{'Atelectasis': 0, 'Cardiomegaly': 0, 'Consolidation': 0, 'Edema': 0, 'Enlarged Cardiomediastinum': 0, 'Fracture': 0, 'Lung Lesion': 0, 'Lung Opacity': 0, 'No Finding': 1, 'Pleural Effusion': 0, 'Pleural Other': 0, 'Pneumonia': 0, 'Pneumothorax': 0, 'Support Devices': 1}"
"/home/michel/data/Text2Image/mimicxr_train_100/_val_e46_generate_text_top0.85r,edit/No acute cardiopulmonary process. Unremarkable chest radiographic examination/rank_0_000000_fr0.0_cr1.0279edit.png","{'Atelectasis': 0, 'Cardiomegaly': 0, 'Consolidation': 0, 'Edema': 0, 'Enlarged Cardiomediastinum': 0, 'Fracture': 0, 'Lung Lesion': 0, 'Lung Opacity': 0, 'No Finding': 1, 'Pleural Effusion': 0, 'Pleural Other': 0, 'Pneumonia': 0, 'Pneumothorax': 0, 'Support Devices': 0}"
"/home/michel/data/Text2Image/mimicxr_train_100/_val_e46_generate_text_top0.85r,edit/No acute cardiopulmonary process. Unremarkable chest radiographic examination/rank_0_000000_fr0.0_cr1.0280edit.png","{'Atelectasis': 0, 'Cardiomegaly': 0, 'Consolidation': 0, 'Edema': 0, 'Enlarged Cardiomediastinum': 0, 'Fracture': 0, 'Lung Lesion': 0, 'Lung Opacity': 0, 'No Finding': 1, 'Pleural Effusion': 0, 'Pleural Other': 0, 'Pneumonia': 0, 'Pneumothorax': 0, 'Support Devices': 0}"
"/home/michel/data/Text2Image/mimicxr_train_100/_val_e46_generate_text_top0.85r,edit/No acute cardiopulmonary process. Unremarkable chest radiographic examination/rank_0_000000_fr0.0_cr1.0281edit.png","{'Atelectasis': 0, 'Cardiomegaly': 0, 'Consolidation': 0, 'Edema': 0, 'Enlarged Cardiomediastinum': 0, 'Fracture': 0, 'Lung Lesion': 0, 'Lung Opacity': 0, 'No Finding': 1, 'Pleural Effusion': 0, 'Pleural Other': 0, 'Pneumonia': 0, 'Pneumothorax': 0, 'Support Devices': 0}"
"/home/michel/data/Text2Image/mimicxr_train_100/_val_e46_generate_text_top0.85r,edit/No acute cardiopulmonary process. Unremarkable chest radiographic examination/rank_0_000000_fr0.0_cr1.0282edit.png","{'Atelectasis': 0, 'Cardiomegaly': 0, 'Consolidation': 0, 'Edema': 0, 'Enlarged Cardiomediastinum': 0, 'Fracture': 0, 'Lung Lesion': 0, 'Lung Opacity': 0, 'No Finding': 1, 'Pleural Effusion': 0, 'Pleural Other': 0, 'Pneumonia': 0, 'Pneumothorax': 0, 'Support Devices': 0}"
"/home/michel/data/Text2Image/mimicxr_train_100/_val_e46_generate_text_top0.85r,edit/No acute cardiopulmonary process. Unremarkable chest radiographic examination/rank_0_000000_fr0.0_cr1.0283edit.png","{'Atelectasis': 0, 'Cardiomegaly': 0, 'Consolidation': 0, 'Edema': 0, 'Enlarged Cardiomediastinum': 0, 'Fracture': 0, 'Lung Lesion': 0, 'Lung Opacity': 0, 'No Finding': 1, 'Pleural Effusion': 0, 'Pleural Other': 0, 'Pneumonia': 0, 'Pneumothorax': 0, 'Support Devices': 0}"
"/home/michel/data/Text2Image/mimicxr_train_100/_val_e46_generate_text_top0.85r,edit/No acute cardiopulmonary process. Unremarkable chest radiographic examination/rank_0_000000_fr0.0_cr1.0284edit.png","{'Atelectasis': 0, 'Cardiomegaly': 0, 'Consolidation': 0, 'Edema': 0, 'Enlarged Cardiomediastinum': 0, 'Fracture': 0, 'Lung Lesion': 0, 'Lung Opacity': 0, 'No Finding': 1, 'Pleural Effusion': 0, 'Pleural Other': 0, 'Pneumonia': 0, 'Pneumothorax': 0, 'Support Devices': 0}"
"/home/michel/data/Text2Image/mimicxr_train_100/_val_e46_generate_text_top0.85r,edit/No acute cardiopulmonary process. Unremarkable chest radiographic examination/rank_0_000000_fr0.0_cr1.0285edit.png","{'Atelectasis': 0, 'Cardiomegaly': 0, 'Consolidation': 0, 'Edema': 0, 'Enlarged Cardiomediastinum': 0, 'Fracture': 0, 'Lung Lesion': 0, 'Lung Opacity': 0, 'No Finding': 1, 'Pleural Effusion': 0, 'Pleural Other': 0, 'Pneumonia': 0, 'Pneumothorax': 0, 'Support Devices': 0}"
"/home/michel/data/Text2Image/mimicxr_train_100/_val_e46_generate_text_top0.85r,edit/No acute cardiopulmonary process. Unremarkable chest radiographic examination/rank_0_000000_fr0.0_cr1.0286edit.png","{'Atelectasis': 0, 'Cardiomegaly': 0, 'Consolidation': 0, 'Edema': 0, 'Enlarged Cardiomediastinum': 0, 'Fracture': 0, 'Lung Lesion': 0, 'Lung Opacity': 0, 'No Finding': 1, 'Pleural Effusion': 0, 'Pleural Other': 0, 'Pneumonia': 0, 'Pneumothorax': 0, 'Support Devices': 0}"
"/home/michel/data/Text2Image/mimicxr_train_100/_val_e46_generate_text_top0.85r,edit/No acute cardiopulmonary process. Unremarkable chest radiographic examination/rank_0_000000_fr0.0_cr1.0287edit.png","{'Atelectasis': 0, 'Cardiomegaly': 0, 'Consolidation': 0, 'Edema': 0, 'Enlarged Cardiomediastinum': 0, 'Fracture': 0, 'Lung Lesion': 0, 'Lung Opacity': 0, 'No Finding': 1, 'Pleural Effusion': 0, 'Pleural Other': 0, 'Pneumonia': 0, 'Pneumothorax': 0, 'Support Devices': 0}"
"/home/michel/data/Text2Image/mimicxr_train_100/_val_e46_generate_text_top0.85r,edit/No acute cardiopulmonary process. Unremarkable chest radiographic examination/rank_0_000000_fr0.0_cr1.0288edit.png","{'Atelectasis': 0, 'Cardiomegaly': 0, 'Consolidation': 0, 'Edema': 0, 'Enlarged Cardiomediastinum': 0, 'Fracture': 0, 'Lung Lesion': 0, 'Lung Opacity': 0, 'No Finding': 1, 'Pleural Effusion': 0, 'Pleural Other': 0, 'Pneumonia': 0, 'Pneumothorax': 0, 'Support Devices': 0}"
"/home/michel/data/Text2Image/mimicxr_train_100/_val_e46_generate_text_top0.85r,edit/No acute cardiopulmonary process. Unremarkable chest radiographic examination/rank_0_000000_fr0.0_cr1.0289edit.png","{'Atelectasis': 0, 'Cardiomegaly': 0, 'Consolidation': 0, 'Edema': 0, 'Enlarged Cardiomediastinum': 0, 'Fracture': 0, 'Lung Lesion': 0, 'Lung Opacity': 0, 'No Finding': 1, 'Pleural Effusion': 0, 'Pleural Other': 0, 'Pneumonia': 0, 'Pneumothorax': 0, 'Support Devices': 0}"
"/home/michel/data/Text2Image/mimicxr_train_100/_val_e46_generate_text_top0.85r,edit/No acute cardiopulmonary process. Unremarkable chest radiographic examination/rank_0_000000_fr0.0_cr1.0290edit.png","{'Atelectasis': 0, 'Cardiomegaly': 0, 'Consolidation': 0, 'Edema': 0, 'Enlarged Cardiomediastinum': 0, 'Fracture': 0, 'Lung Lesion': 0, 'Lung Opacity': 0, 'No Finding': 1, 'Pleural Effusion': 0, 'Pleural Other': 0, 'Pneumonia': 0, 'Pneumothorax': 0, 'Support Devices': 0}"
"/home/michel/data/Text2Image/mimicxr_train_100/_val_e46_generate_text_top0.85r,edit/No acute cardiopulmonary process. Unremarkable chest radiographic examination/rank_0_000000_fr0.0_cr1.0291edit.png","{'Atelectasis': 0, 'Cardiomegaly': 0, 'Consolidation': 0, 'Edema': 0, 'Enlarged Cardiomediastinum': 0, 'Fracture': 0, 'Lung Lesion': 0, 'Lung Opacity': 0, 'No Finding': 1, 'Pleural Effusion': 0, 'Pleural Other': 0, 'Pneumonia': 0, 'Pneumothorax': 0, 'Support Devices': 0}"
"/home/michel/data/Text2Image/mimicxr_train_100/_val_e46_generate_text_top0.85r,edit/No acute cardiopulmonary process. Unremarkable chest radiographic examination/rank_0_000000_fr0.0_cr1.0292edit.png","{'Atelectasis': 0, 'Cardiomegaly': 0, 'Consolidation': 0, 'Edema': 0, 'Enlarged Cardiomediastinum': 0, 'Fracture': 0, 'Lung Lesion': 0, 'Lung Opacity': 0, 'No Finding': 1, 'Pleural Effusion': 0, 'Pleural Other': 0, 'Pneumonia': 0, 'Pneumothorax': 0, 'Support Devices': 0}"
"/home/michel/data/Text2Image/mimicxr_train_100/_val_e46_generate_text_top0.85r,edit/No acute cardiopulmonary process. Unremarkable chest radiographic examination/rank_0_000000_fr0.0_cr1.0293edit.png","{'Atelectasis': 0, 'Cardiomegaly': 0, 'Consolidation': 0, 'Edema': 0, 'Enlarged Cardiomediastinum': 0, 'Fracture': 0, 'Lung Lesion': 0, 'Lung Opacity': 0, 'No Finding': 1, 'Pleural Effusion': 0, 'Pleural Other': 0, 'Pneumonia': 0, 'Pneumothorax': 0, 'Support Devices': 1}"
"/home/michel/data/Text2Image/mimicxr_train_100/_val_e46_generate_text_top0.85r,edit/No acute cardiopulmonary process. Unremarkable chest radiographic examination/rank_0_000000_fr0.0_cr1.0294edit.png","{'Atelectasis': 0, 'Cardiomegaly': 0, 'Consolidation': 0, 'Edema': 0, 'Enlarged Cardiomediastinum': 0, 'Fracture': 0, 'Lung Lesion': 0, 'Lung Opacity': 0, 'No Finding': 1, 'Pleural Effusion': 0, 'Pleural Other': 0, 'Pneumonia': 0, 'Pneumothorax': 0, 'Support Devices': 0}"
"/home/michel/data/Text2Image/mimicxr_train_100/_val_e46_generate_text_top0.85r,edit/No acute cardiopulmonary process. Unremarkable chest radiographic examination/rank_0_000000_fr0.0_cr1.0295edit.png","{'Atelectasis': 0, 'Cardiomegaly': 0, 'Consolidation': 0, 'Edema': 0, 'Enlarged Cardiomediastinum': 0, 'Fracture': 0, 'Lung Lesion': 0, 'Lung Opacity': 0, 'No Finding': 1, 'Pleural Effusion': 0, 'Pleural Other': 0, 'Pneumonia': 0, 'Pneumothorax': 0, 'Support Devices': 1}"
"/home/michel/data/Text2Image/mimicxr_train_100/_val_e46_generate_text_top0.85r,edit/No acute cardiopulmonary process. Unremarkable chest radiographic examination/rank_0_000000_fr0.0_cr1.0296edit.png","{'Atelectasis': 0, 'Cardiomegaly': 0, 'Consolidation': 0, 'Edema': 0, 'Enlarged Cardiomediastinum': 0, 'Fracture': 0, 'Lung Lesion': 0, 'Lung Opacity': 0, 'No Finding': 1, 'Pleural Effusion': 0, 'Pleural Other': 0, 'Pneumonia': 0, 'Pneumothorax': 0, 'Support Devices': 0}"
"/home/michel/data/Text2Image/mimicxr_train_100/_val_e46_generate_text_top0.85r,edit/No acute cardiopulmonary process. Unremarkable chest radiographic examination/rank_0_000000_fr0.0_cr1.0297edit.png","{'Atelectasis': 0, 'Cardiomegaly': 0, 'Consolidation': 0, 'Edema': 0, 'Enlarged Cardiomediastinum': 0, 'Fracture': 0, 'Lung Lesion': 0, 'Lung Opacity': 0, 'No Finding': 1, 'Pleural Effusion': 0, 'Pleural Other': 0, 'Pneumonia': 0, 'Pneumothorax': 0, 'Support Devices': 0}"
"/home/michel/data/Text2Image/mimicxr_train_100/_val_e46_generate_text_top0.85r,edit/No acute cardiopulmonary process. Unremarkable chest radiographic examination/rank_0_000000_fr0.0_cr1.0298edit.png","{'Atelectasis': 0, 'Cardiomegaly': 0, 'Consolidation': 0, 'Edema': 0, 'Enlarged Cardiomediastinum': 0, 'Fracture': 0, 'Lung Lesion': 0, 'Lung Opacity': 0, 'No Finding': 1, 'Pleural Effusion': 0, 'Pleural Other': 0, 'Pneumonia': 0, 'Pneumothorax': 0, 'Support Devices': 0}"
"/home/michel/data/Text2Image/mimicxr_train_100/_val_e46_generate_text_top0.85r,edit/No acute cardiopulmonary process. Unremarkable chest radiographic examination/rank_0_000000_fr0.0_cr1.0299edit.png","{'Atelectasis': 0, 'Cardiomegaly': 0, 'Consolidation': 0, 'Edema': 0, 'Enlarged Cardiomediastinum': 0, 'Fracture': 0, 'Lung Lesion': 0, 'Lung Opacity': 0, 'No Finding': 1, 'Pleural Effusion': 0, 'Pleural Other': 0, 'Pneumonia': 0, 'Pneumothorax': 0, 'Support Devices': 0}"
"/home/michel/data/Text2Image/mimicxr_train_100/_val_e46_generate_text_top0.85r,edit/No acute cardiopulmonary process. Unremarkable chest radiographic examination/rank_0_000000_fr0.0_cr1.0300edit.png","{'Atelectasis': 0, 'Cardiomegaly': 0, 'Consolidation': 0, 'Edema': 0, 'Enlarged Cardiomediastinum': 0, 'Fracture': 0, 'Lung Lesion': 0, 'Lung Opacity': 0, 'No Finding': 1, 'Pleural Effusion': 0, 'Pleural Other': 0, 'Pneumonia': 0, 'Pneumothorax': 0, 'Support Devices': 0}"
"/home/michel/data/Text2Image/mimicxr_train_100/_val_e46_generate_text_top0.85r,edit/No acute cardiopulmonary process. Unremarkable chest radiographic examination/rank_0_000000_fr0.0_cr1.0301edit.png","{'Atelectasis': 0, 'Cardiomegaly': 0, 'Consolidation': 0, 'Edema': 0, 'Enlarged Cardiomediastinum': 0, 'Fracture': 0, 'Lung Lesion': 0, 'Lung Opacity': 0, 'No Finding': 1, 'Pleural Effusion': 0, 'Pleural Other': 0, 'Pneumonia': 0, 'Pneumothorax': 0, 'Support Devices': 0}"
"/home/michel/data/Text2Image/mimicxr_train_100/_val_e46_generate_text_top0.85r,edit/No acute cardiopulmonary process. Unremarkable chest radiographic examination/rank_0_000000_fr0.0_cr1.0302edit.png","{'Atelectasis': 0, 'Cardiomegaly': 0, 'Consolidation': 0, 'Edema': 0, 'Enlarged Cardiomediastinum': 0, 'Fracture': 0, 'Lung Lesion': 0, 'Lung Opacity': 0, 'No Finding': 1, 'Pleural Effusion': 0, 'Pleural Other': 0, 'Pneumonia': 0, 'Pneumothorax': 0, 'Support Devices': 0}"
"/home/michel/data/Text2Image/mimicxr_train_100/_val_e46_generate_text_top0.85r,edit/No acute cardiopulmonary process. Unremarkable chest radiographic examination/rank_0_000000_fr0.0_cr1.0303edit.png","{'Atelectasis': 0, 'Cardiomegaly': 0, 'Consolidation': 0, 'Edema': 0, 'Enlarged Cardiomediastinum': 0, 'Fracture': 0, 'Lung Lesion': 0, 'Lung Opacity': 0, 'No Finding': 1, 'Pleural Effusion': 0, 'Pleural Other': 0, 'Pneumonia': 0, 'Pneumothorax': 0, 'Support Devices': 0}"
"/home/michel/data/Text2Image/mimicxr_train_100/_val_e46_generate_text_top0.85r,edit/No acute cardiopulmonary process. Unremarkable chest radiographic examination/rank_0_000000_fr0.0_cr1.0304edit.png","{'Atelectasis': 0, 'Cardiomegaly': 0, 'Consolidation': 0, 'Edema': 0, 'Enlarged Cardiomediastinum': 0, 'Fracture': 0, 'Lung Lesion': 0, 'Lung Opacity': 0, 'No Finding': 1, 'Pleural Effusion': 0, 'Pleural Other': 0, 'Pneumonia': 0, 'Pneumothorax': 0, 'Support Devices': 1}"
"/home/michel/data/Text2Image/mimicxr_train_100/_val_e46_generate_text_top0.85r,edit/No acute cardiopulmonary process. Unremarkable chest radiographic examination/rank_0_000000_fr0.0_cr1.0305edit.png","{'Atelectasis': 0, 'Cardiomegaly': 0, 'Consolidation': 0, 'Edema': 0, 'Enlarged Cardiomediastinum': 0, 'Fracture': 0, 'Lung Lesion': 0, 'Lung Opacity': 0, 'No Finding': 1, 'Pleural Effusion': 0, 'Pleural Other': 0, 'Pneumonia': 0, 'Pneumothorax': 0, 'Support Devices': 1}"
"/home/michel/data/Text2Image/mimicxr_train_100/_val_e46_generate_text_top0.85r,edit/No acute cardiopulmonary process. Unremarkable chest radiographic examination/rank_0_000000_fr0.0_cr1.0306edit.png","{'Atelectasis': 0, 'Cardiomegaly': 0, 'Consolidation': 0, 'Edema': 0, 'Enlarged Cardiomediastinum': 0, 'Fracture': 0, 'Lung Lesion': 0, 'Lung Opacity': 0, 'No Finding': 1, 'Pleural Effusion': 0, 'Pleural Other': 0, 'Pneumonia': 0, 'Pneumothorax': 0, 'Support Devices': 1}"
"/home/michel/data/Text2Image/mimicxr_train_100/_val_e46_generate_text_top0.85r,edit/No acute cardiopulmonary process. Unremarkable chest radiographic examination/rank_0_000000_fr0.0_cr1.0307edit.png","{'Atelectasis': 0, 'Cardiomegaly': 0, 'Consolidation': 0, 'Edema': 0, 'Enlarged Cardiomediastinum': 0, 'Fracture': 0, 'Lung Lesion': 0, 'Lung Opacity': 0, 'No Finding': 1, 'Pleural Effusion': 0, 'Pleural Other': 0, 'Pneumonia': 0, 'Pneumothorax': 0, 'Support Devices': 0}"
"/home/michel/data/Text2Image/mimicxr_train_100/_val_e46_generate_text_top0.85r,edit/No acute cardiopulmonary process. Unremarkable chest radiographic examination/rank_0_000000_fr0.0_cr1.0308edit.png","{'Atelectasis': 0, 'Cardiomegaly': 0, 'Consolidation': 0, 'Edema': 0, 'Enlarged Cardiomediastinum': 0, 'Fracture': 0, 'Lung Lesion': 0, 'Lung Opacity': 0, 'No Finding': 1, 'Pleural Effusion': 0, 'Pleural Other': 0, 'Pneumonia': 0, 'Pneumothorax': 0, 'Support Devices': 0}"
"/home/michel/data/Text2Image/mimicxr_train_100/_val_e46_generate_text_top0.85r,edit/No acute cardiopulmonary process. Unremarkable chest radiographic examination/rank_0_000000_fr0.0_cr1.0309edit.png","{'Atelectasis': 0, 'Cardiomegaly': 0, 'Consolidation': 0, 'Edema': 0, 'Enlarged Cardiomediastinum': 0, 'Fracture': 0, 'Lung Lesion': 0, 'Lung Opacity': 0, 'No Finding': 1, 'Pleural Effusion': 0, 'Pleural Other': 0, 'Pneumonia': 0, 'Pneumothorax': 0, 'Support Devices': 0}"
"/home/michel/data/Text2Image/mimicxr_train_100/_val_e46_generate_text_top0.85r,edit/No acute cardiopulmonary process. Unremarkable chest radiographic examination/rank_0_000000_fr0.0_cr1.0310edit.png","{'Atelectasis': 0, 'Cardiomegaly': 0, 'Consolidation': 0, 'Edema': 0, 'Enlarged Cardiomediastinum': 0, 'Fracture': 0, 'Lung Lesion': 0, 'Lung Opacity': 0, 'No Finding': 1, 'Pleural Effusion': 0, 'Pleural Other': 0, 'Pneumonia': 0, 'Pneumothorax': 0, 'Support Devices': 0}"
"/home/michel/data/Text2Image/mimicxr_train_100/_val_e46_generate_text_top0.85r,edit/No acute cardiopulmonary process. Unremarkable chest radiographic examination/rank_0_000000_fr0.0_cr1.0311edit.png","{'Atelectasis': 0, 'Cardiomegaly': 0, 'Consolidation': 0, 'Edema': 0, 'Enlarged Cardiomediastinum': 0, 'Fracture': 0, 'Lung Lesion': 0, 'Lung Opacity': 0, 'No Finding': 1, 'Pleural Effusion': 0, 'Pleural Other': 0, 'Pneumonia': 0, 'Pneumothorax': 0, 'Support Devices': 0}"
"/home/michel/data/Text2Image/mimicxr_train_100/_val_e46_generate_text_top0.85r,edit/No acute cardiopulmonary process. Unremarkable chest radiographic examination/rank_0_000000_fr0.0_cr1.0312edit.png","{'Atelectasis': 0, 'Cardiomegaly': 0, 'Consolidation': 0, 'Edema': 0, 'Enlarged Cardiomediastinum': 0, 'Fracture': 0, 'Lung Lesion': 0, 'Lung Opacity': 0, 'No Finding': 1, 'Pleural Effusion': 0, 'Pleural Other': 0, 'Pneumonia': 0, 'Pneumothorax': 0, 'Support Devices': 0}"
"/home/michel/data/Text2Image/mimicxr_train_100/_val_e46_generate_text_top0.85r,edit/No acute cardiopulmonary process. Unremarkable chest radiographic examination/rank_0_000000_fr0.0_cr1.0313edit.png","{'Atelectasis': 0, 'Cardiomegaly': 0, 'Consolidation': 0, 'Edema': 0, 'Enlarged Cardiomediastinum': 0, 'Fracture': 0, 'Lung Lesion': 0, 'Lung Opacity': 0, 'No Finding': 1, 'Pleural Effusion': 0, 'Pleural Other': 0, 'Pneumonia': 0, 'Pneumothorax': 0, 'Support Devices': 0}"
"/home/michel/data/Text2Image/mimicxr_train_100/_val_e46_generate_text_top0.85r,edit/No acute cardiopulmonary process. Unremarkable chest radiographic examination/rank_0_000000_fr0.0_cr1.0314edit.png","{'Atelectasis': 0, 'Cardiomegaly': 0, 'Consolidation': 0, 'Edema': 0, 'Enlarged Cardiomediastinum': 0, 'Fracture': 0, 'Lung Lesion': 0, 'Lung Opacity': 0, 'No Finding': 1, 'Pleural Effusion': 0, 'Pleural Other': 0, 'Pneumonia': 0, 'Pneumothorax': 0, 'Support Devices': 0}"
"/home/michel/data/Text2Image/mimicxr_train_100/_val_e46_generate_text_top0.85r,edit/No acute cardiopulmonary process. Unremarkable chest radiographic examination/rank_0_000000_fr0.0_cr1.0315edit.png","{'Atelectasis': 0, 'Cardiomegaly': 0, 'Consolidation': 0, 'Edema': 0, 'Enlarged Cardiomediastinum': 0, 'Fracture': 0, 'Lung Lesion': 0, 'Lung Opacity': 0, 'No Finding': 1, 'Pleural Effusion': 0, 'Pleural Other': 0, 'Pneumonia': 0, 'Pneumothorax': 0, 'Support Devices': 0}"
"/home/michel/data/Text2Image/mimicxr_train_100/_val_e46_generate_text_top0.85r,edit/No acute cardiopulmonary process. Unremarkable chest radiographic examination/rank_0_000000_fr0.0_cr1.0316edit.png","{'Atelectasis': 0, 'Cardiomegaly': 0, 'Consolidation': 0, 'Edema': 0, 'Enlarged Cardiomediastinum': 0, 'Fracture': 0, 'Lung Lesion': 0, 'Lung Opacity': 0, 'No Finding': 1, 'Pleural Effusion': 0, 'Pleural Other': 0, 'Pneumonia': 0, 'Pneumothorax': 0, 'Support Devices': 0}"
"/home/michel/data/Text2Image/mimicxr_train_100/_val_e46_generate_text_top0.85r,edit/No acute cardiopulmonary process. Unremarkable chest radiographic examination/rank_0_000000_fr0.0_cr1.0317edit.png","{'Atelectasis': 0, 'Cardiomegaly': 0, 'Consolidation': 0, 'Edema': 0, 'Enlarged Cardiomediastinum': 0, 'Fracture': 0, 'Lung Lesion': 0, 'Lung Opacity': 0, 'No Finding': 1, 'Pleural Effusion': 0, 'Pleural Other': 0, 'Pneumonia': 0, 'Pneumothorax': 0, 'Support Devices': 0}"
"/home/michel/data/Text2Image/mimicxr_train_100/_val_e46_generate_text_top0.85r,edit/No acute cardiopulmonary process. Unremarkable chest radiographic examination/rank_0_000000_fr0.0_cr1.0318edit.png","{'Atelectasis': 0, 'Cardiomegaly': 0, 'Consolidation': 0, 'Edema': 0, 'Enlarged Cardiomediastinum': 0, 'Fracture': 0, 'Lung Lesion': 0, 'Lung Opacity': 0, 'No Finding': 1, 'Pleural Effusion': 0, 'Pleural Other': 0, 'Pneumonia': 0, 'Pneumothorax': 0, 'Support Devices': 0}"
"/home/michel/data/Text2Image/mimicxr_train_100/_val_e46_generate_text_top0.85r,edit/No acute cardiopulmonary process. Unremarkable chest radiographic examination/rank_0_000000_fr0.0_cr1.0319edit.png","{'Atelectasis': 0, 'Cardiomegaly': 0, 'Consolidation': 0, 'Edema': 0, 'Enlarged Cardiomediastinum': 0, 'Fracture': 0, 'Lung Lesion': 0, 'Lung Opacity': 0, 'No Finding': 1, 'Pleural Effusion': 0, 'Pleural Other': 0, 'Pneumonia': 0, 'Pneumothorax': 0, 'Support Devices': 0}"
"/home/michel/data/Text2Image/mimicxr_train_100/_val_e46_generate_text_top0.85r,edit/No acute cardiopulmonary process. Unremarkable chest radiographic examination/rank_0_000000_fr0.0_cr1.0320edit.png","{'Atelectasis': 0, 'Cardiomegaly': 0, 'Consolidation': 0, 'Edema': 0, 'Enlarged Cardiomediastinum': 0, 'Fracture': 0, 'Lung Lesion': 0, 'Lung Opacity': 0, 'No Finding': 1, 'Pleural Effusion': 0, 'Pleural Other': 0, 'Pneumonia': 0, 'Pneumothorax': 0, 'Support Devices': 0}"
"/home/michel/data/Text2Image/mimicxr_train_100/_val_e46_generate_text_top0.85r,edit/No acute cardiopulmonary process. Unremarkable chest radiographic examination/rank_0_000000_fr0.0_cr1.0321edit.png","{'Atelectasis': 0, 'Cardiomegaly': 0, 'Consolidation': 0, 'Edema': 0, 'Enlarged Cardiomediastinum': 0, 'Fracture': 0, 'Lung Lesion': 0, 'Lung Opacity': 0, 'No Finding': 1, 'Pleural Effusion': 0, 'Pleural Other': 0, 'Pneumonia': 0, 'Pneumothorax': 0, 'Support Devices': 0}"
"/home/michel/data/Text2Image/mimicxr_train_100/_val_e46_generate_text_top0.85r,edit/No acute cardiopulmonary process. Unremarkable chest radiographic examination/rank_0_000000_fr0.0_cr1.0322edit.png","{'Atelectasis': 0, 'Cardiomegaly': 0, 'Consolidation': 0, 'Edema': 0, 'Enlarged Cardiomediastinum': 0, 'Fracture': 0, 'Lung Lesion': 0, 'Lung Opacity': 0, 'No Finding': 1, 'Pleural Effusion': 0, 'Pleural Other': 0, 'Pneumonia': 0, 'Pneumothorax': 0, 'Support Devices': 0}"
"/home/michel/data/Text2Image/mimicxr_train_100/_val_e46_generate_text_top0.85r,edit/No acute cardiopulmonary process. Unremarkable chest radiographic examination/rank_0_000000_fr0.0_cr1.0323edit.png","{'Atelectasis': 0, 'Cardiomegaly': 0, 'Consolidation': 0, 'Edema': 0, 'Enlarged Cardiomediastinum': 0, 'Fracture': 0, 'Lung Lesion': 0, 'Lung Opacity': 0, 'No Finding': 1, 'Pleural Effusion': 0, 'Pleural Other': 0, 'Pneumonia': 0, 'Pneumothorax': 0, 'Support Devices': 0}"
"/home/michel/data/Text2Image/mimicxr_train_100/_val_e46_generate_text_top0.85r,edit/No acute cardiopulmonary process. Unremarkable chest radiographic examination/rank_0_000000_fr0.0_cr1.0324edit.png","{'Atelectasis': 0, 'Cardiomegaly': 0, 'Consolidation': 0, 'Edema': 0, 'Enlarged Cardiomediastinum': 0, 'Fracture': 0, 'Lung Lesion': 0, 'Lung Opacity': 0, 'No Finding': 1, 'Pleural Effusion': 0, 'Pleural Other': 0, 'Pneumonia': 0, 'Pneumothorax': 0, 'Support Devices': 0}"
"/home/michel/data/Text2Image/mimicxr_train_100/_val_e46_generate_text_top0.85r,edit/No acute cardiopulmonary process. Unremarkable chest radiographic examination/rank_0_000000_fr0.0_cr1.0325edit.png","{'Atelectasis': 0, 'Cardiomegaly': 0, 'Consolidation': 0, 'Edema': 0, 'Enlarged Cardiomediastinum': 0, 'Fracture': 0, 'Lung Lesion': 0, 'Lung Opacity': 0, 'No Finding': 1, 'Pleural Effusion': 0, 'Pleural Other': 0, 'Pneumonia': 0, 'Pneumothorax': 0, 'Support Devices': 0}"
"/home/michel/data/Text2Image/mimicxr_train_100/_val_e46_generate_text_top0.85r,edit/No acute cardiopulmonary process. Unremarkable chest radiographic examination/rank_0_000000_fr0.0_cr1.0326edit.png","{'Atelectasis': 0, 'Cardiomegaly': 0, 'Consolidation': 0, 'Edema': 0, 'Enlarged Cardiomediastinum': 0, 'Fracture': 0, 'Lung Lesion': 0, 'Lung Opacity': 0, 'No Finding': 1, 'Pleural Effusion': 0, 'Pleural Other': 0, 'Pneumonia': 0, 'Pneumothorax': 0, 'Support Devices': 0}"
"/home/michel/data/Text2Image/mimicxr_train_100/_val_e46_generate_text_top0.85r,edit/No acute cardiopulmonary process. Unremarkable chest radiographic examination/rank_0_000000_fr0.0_cr1.0327edit.png","{'Atelectasis': 0, 'Cardiomegaly': 0, 'Consolidation': 0, 'Edema': 0, 'Enlarged Cardiomediastinum': 0, 'Fracture': 0, 'Lung Lesion': 0, 'Lung Opacity': 0, 'No Finding': 1, 'Pleural Effusion': 0, 'Pleural Other': 0, 'Pneumonia': 0, 'Pneumothorax': 0, 'Support Devices': 0}"
"/home/michel/data/Text2Image/mimicxr_train_100/_val_e46_generate_text_top0.85r,edit/No acute cardiopulmonary process. Unremarkable chest radiographic examination/rank_0_000000_fr0.0_cr1.0328edit.png","{'Atelectasis': 0, 'Cardiomegaly': 0, 'Consolidation': 0, 'Edema': 0, 'Enlarged Cardiomediastinum': 0, 'Fracture': 0, 'Lung Lesion': 0, 'Lung Opacity': 0, 'No Finding': 1, 'Pleural Effusion': 0, 'Pleural Other': 0, 'Pneumonia': 0, 'Pneumothorax': 0, 'Support Devices': 0}"
"/home/michel/data/Text2Image/mimicxr_train_100/_val_e46_generate_text_top0.85r,edit/No acute cardiopulmonary process. Unremarkable chest radiographic examination/rank_0_000000_fr0.0_cr1.0329edit.png","{'Atelectasis': 0, 'Cardiomegaly': 0, 'Consolidation': 0, 'Edema': 0, 'Enlarged Cardiomediastinum': 0, 'Fracture': 0, 'Lung Lesion': 0, 'Lung Opacity': 0, 'No Finding': 1, 'Pleural Effusion': 0, 'Pleural Other': 0, 'Pneumonia': 0, 'Pneumothorax': 0, 'Support Devices': 0}"
"/home/michel/data/Text2Image/mimicxr_train_100/_val_e46_generate_text_top0.85r,edit/No acute cardiopulmonary process. Unremarkable chest radiographic examination/rank_0_000000_fr0.0_cr1.0330edit.png","{'Atelectasis': 0, 'Cardiomegaly': 0, 'Consolidation': 0, 'Edema': 0, 'Enlarged Cardiomediastinum': 0, 'Fracture': 0, 'Lung Lesion': 0, 'Lung Opacity': 0, 'No Finding': 1, 'Pleural Effusion': 0, 'Pleural Other': 0, 'Pneumonia': 0, 'Pneumothorax': 0, 'Support Devices': 0}"
"/home/michel/data/Text2Image/mimicxr_train_100/_val_e46_generate_text_top0.85r,edit/No acute cardiopulmonary process. Unremarkable chest radiographic examination/rank_0_000000_fr0.0_cr1.0331edit.png","{'Atelectasis': 0, 'Cardiomegaly': 0, 'Consolidation': 0, 'Edema': 0, 'Enlarged Cardiomediastinum': 0, 'Fracture': 0, 'Lung Lesion': 0, 'Lung Opacity': 0, 'No Finding': 1, 'Pleural Effusion': 0, 'Pleural Other': 0, 'Pneumonia': 0, 'Pneumothorax': 0, 'Support Devices': 0}"
"/home/michel/data/Text2Image/mimicxr_train_100/_val_e46_generate_text_top0.85r,edit/No acute cardiopulmonary process. Unremarkable chest radiographic examination/rank_0_000000_fr0.0_cr1.0332edit.png","{'Atelectasis': 0, 'Cardiomegaly': 0, 'Consolidation': 0, 'Edema': 0, 'Enlarged Cardiomediastinum': 0, 'Fracture': 0, 'Lung Lesion': 0, 'Lung Opacity': 0, 'No Finding': 1, 'Pleural Effusion': 0, 'Pleural Other': 0, 'Pneumonia': 0, 'Pneumothorax': 0, 'Support Devices': 0}"
"/home/michel/data/Text2Image/mimicxr_train_100/_val_e46_generate_text_top0.85r,edit/No acute cardiopulmonary process. Unremarkable chest radiographic examination/rank_0_000000_fr0.0_cr1.0333edit.png","{'Atelectasis': 0, 'Cardiomegaly': 0, 'Consolidation': 0, 'Edema': 0, 'Enlarged Cardiomediastinum': 0, 'Fracture': 0, 'Lung Lesion': 0, 'Lung Opacity': 0, 'No Finding': 1, 'Pleural Effusion': 0, 'Pleural Other': 0, 'Pneumonia': 0, 'Pneumothorax': 0, 'Support Devices': 0}"
"/home/michel/data/Text2Image/mimicxr_train_100/_val_e46_generate_text_top0.85r,edit/No acute cardiopulmonary process. Unremarkable chest radiographic examination/rank_0_000000_fr0.0_cr1.0334edit.png","{'Atelectasis': 0, 'Cardiomegaly': 0, 'Consolidation': 0, 'Edema': 0, 'Enlarged Cardiomediastinum': 0, 'Fracture': 0, 'Lung Lesion': 0, 'Lung Opacity': 0, 'No Finding': 1, 'Pleural Effusion': 0, 'Pleural Other': 0, 'Pneumonia': 0, 'Pneumothorax': 0, 'Support Devices': 0}"
"/home/michel/data/Text2Image/mimicxr_train_100/_val_e46_generate_text_top0.85r,edit/No acute cardiopulmonary process. Unremarkable chest radiographic examination/rank_0_000000_fr0.0_cr1.0335edit.png","{'Atelectasis': 0, 'Cardiomegaly': 0, 'Consolidation': 0, 'Edema': 0, 'Enlarged Cardiomediastinum': 0, 'Fracture': 0, 'Lung Lesion': 0, 'Lung Opacity': 0, 'No Finding': 1, 'Pleural Effusion': 0, 'Pleural Other': 0, 'Pneumonia': 0, 'Pneumothorax': 0, 'Support Devices': 1}"
"/home/michel/data/Text2Image/mimicxr_train_100/_val_e46_generate_text_top0.85r,edit/No acute cardiopulmonary process. Unremarkable chest radiographic examination/rank_0_000000_fr0.0_cr1.0336edit.png","{'Atelectasis': 0, 'Cardiomegaly': 0, 'Consolidation': 0, 'Edema': 0, 'Enlarged Cardiomediastinum': 0, 'Fracture': 0, 'Lung Lesion': 0, 'Lung Opacity': 0, 'No Finding': 1, 'Pleural Effusion': 0, 'Pleural Other': 0, 'Pneumonia': 0, 'Pneumothorax': 0, 'Support Devices': 1}"
"/home/michel/data/Text2Image/mimicxr_train_100/_val_e46_generate_text_top0.85r,edit/No acute cardiopulmonary process. Unremarkable chest radiographic examination/rank_0_000000_fr0.0_cr1.0337edit.png","{'Atelectasis': 0, 'Cardiomegaly': 0, 'Consolidation': 0, 'Edema': 0, 'Enlarged Cardiomediastinum': 0, 'Fracture': 0, 'Lung Lesion': 0, 'Lung Opacity': 0, 'No Finding': 1, 'Pleural Effusion': 0, 'Pleural Other': 0, 'Pneumonia': 0, 'Pneumothorax': 0, 'Support Devices': 1}"
"/home/michel/data/Text2Image/mimicxr_train_100/_val_e46_generate_text_top0.85r,edit/No acute cardiopulmonary process. Unremarkable chest radiographic examination/rank_0_000000_fr0.0_cr1.0338edit.png","{'Atelectasis': 0, 'Cardiomegaly': 0, 'Consolidation': 0, 'Edema': 0, 'Enlarged Cardiomediastinum': 0, 'Fracture': 0, 'Lung Lesion': 0, 'Lung Opacity': 0, 'No Finding': 1, 'Pleural Effusion': 0, 'Pleural Other': 0, 'Pneumonia': 0, 'Pneumothorax': 0, 'Support Devices': 0}"
"/home/michel/data/Text2Image/mimicxr_train_100/_val_e46_generate_text_top0.85r,edit/No acute cardiopulmonary process. Unremarkable chest radiographic examination/rank_0_000000_fr0.0_cr1.0339edit.png","{'Atelectasis': 0, 'Cardiomegaly': 0, 'Consolidation': 0, 'Edema': 0, 'Enlarged Cardiomediastinum': 0, 'Fracture': 0, 'Lung Lesion': 0, 'Lung Opacity': 0, 'No Finding': 1, 'Pleural Effusion': 0, 'Pleural Other': 0, 'Pneumonia': 0, 'Pneumothorax': 0, 'Support Devices': 0}"
"/home/michel/data/Text2Image/mimicxr_train_100/_val_e46_generate_text_top0.85r,edit/No acute cardiopulmonary process. Unremarkable chest radiographic examination/rank_0_000000_fr0.0_cr1.0340edit.png","{'Atelectasis': 0, 'Cardiomegaly': 0, 'Consolidation': 0, 'Edema': 0, 'Enlarged Cardiomediastinum': 0, 'Fracture': 0, 'Lung Lesion': 0, 'Lung Opacity': 0, 'No Finding': 1, 'Pleural Effusion': 0, 'Pleural Other': 0, 'Pneumonia': 0, 'Pneumothorax': 0, 'Support Devices': 0}"
"/home/michel/data/Text2Image/mimicxr_train_100/_val_e46_generate_text_top0.85r,edit/No acute cardiopulmonary process. Unremarkable chest radiographic examination/rank_0_000000_fr0.0_cr1.0341edit.png","{'Atelectasis': 0, 'Cardiomegaly': 0, 'Consolidation': 0, 'Edema': 0, 'Enlarged Cardiomediastinum': 0, 'Fracture': 0, 'Lung Lesion': 0, 'Lung Opacity': 0, 'No Finding': 1, 'Pleural Effusion': 0, 'Pleural Other': 0, 'Pneumonia': 0, 'Pneumothorax': 0, 'Support Devices': 0}"
"/home/michel/data/Text2Image/mimicxr_train_100/_val_e46_generate_text_top0.85r,edit/No acute cardiopulmonary process. Unremarkable chest radiographic examination/rank_0_000000_fr0.0_cr1.0342edit.png","{'Atelectasis': 0, 'Cardiomegaly': 0, 'Consolidation': 0, 'Edema': 0, 'Enlarged Cardiomediastinum': 0, 'Fracture': 0, 'Lung Lesion': 0, 'Lung Opacity': 0, 'No Finding': 1, 'Pleural Effusion': 0, 'Pleural Other': 0, 'Pneumonia': 0, 'Pneumothorax': 0, 'Support Devices': 0}"
"/home/michel/data/Text2Image/mimicxr_train_100/_val_e46_generate_text_top0.85r,edit/No acute cardiopulmonary process. Unremarkable chest radiographic examination/rank_0_000000_fr0.0_cr1.0343edit.png","{'Atelectasis': 0, 'Cardiomegaly': 0, 'Consolidation': 0, 'Edema': 0, 'Enlarged Cardiomediastinum': 0, 'Fracture': 0, 'Lung Lesion': 0, 'Lung Opacity': 0, 'No Finding': 1, 'Pleural Effusion': 0, 'Pleural Other': 0, 'Pneumonia': 0, 'Pneumothorax': 0, 'Support Devices': 0}"
"/home/michel/data/Text2Image/mimicxr_train_100/_val_e46_generate_text_top0.85r,edit/No acute cardiopulmonary process. Unremarkable chest radiographic examination/rank_0_000000_fr0.0_cr1.0344edit.png","{'Atelectasis': 0, 'Cardiomegaly': 0, 'Consolidation': 0, 'Edema': 0, 'Enlarged Cardiomediastinum': 0, 'Fracture': 0, 'Lung Lesion': 0, 'Lung Opacity': 0, 'No Finding': 1, 'Pleural Effusion': 0, 'Pleural Other': 0, 'Pneumonia': 0, 'Pneumothorax': 0, 'Support Devices': 0}"
"/home/michel/data/Text2Image/mimicxr_train_100/_val_e46_generate_text_top0.85r,edit/No acute cardiopulmonary process. Unremarkable chest radiographic examination/rank_0_000000_fr0.0_cr1.0345edit.png","{'Atelectasis': 0, 'Cardiomegaly': 0, 'Consolidation': 0, 'Edema': 0, 'Enlarged Cardiomediastinum': 0, 'Fracture': 0, 'Lung Lesion': 0, 'Lung Opacity': 0, 'No Finding': 1, 'Pleural Effusion': 0, 'Pleural Other': 0, 'Pneumonia': 0, 'Pneumothorax': 0, 'Support Devices': 0}"
"/home/michel/data/Text2Image/mimicxr_train_100/_val_e46_generate_text_top0.85r,edit/No acute cardiopulmonary process. Unremarkable chest radiographic examination/rank_0_000000_fr0.0_cr1.0346edit.png","{'Atelectasis': 0, 'Cardiomegaly': 0, 'Consolidation': 0, 'Edema': 0, 'Enlarged Cardiomediastinum': 0, 'Fracture': 0, 'Lung Lesion': 0, 'Lung Opacity': 0, 'No Finding': 1, 'Pleural Effusion': 0, 'Pleural Other': 0, 'Pneumonia': 0, 'Pneumothorax': 0, 'Support Devices': 0}"
"/home/michel/data/Text2Image/mimicxr_train_100/_val_e46_generate_text_top0.85r,edit/No acute cardiopulmonary process. Unremarkable chest radiographic examination/rank_0_000000_fr0.0_cr1.0347edit.png","{'Atelectasis': 0, 'Cardiomegaly': 0, 'Consolidation': 0, 'Edema': 0, 'Enlarged Cardiomediastinum': 0, 'Fracture': 0, 'Lung Lesion': 0, 'Lung Opacity': 0, 'No Finding': 1, 'Pleural Effusion': 0, 'Pleural Other': 0, 'Pneumonia': 0, 'Pneumothorax': 0, 'Support Devices': 0}"
"/home/michel/data/Text2Image/mimicxr_train_100/_val_e46_generate_text_top0.85r,edit/No acute cardiopulmonary process. Unremarkable chest radiographic examination/rank_0_000000_fr0.0_cr1.0348edit.png","{'Atelectasis': 0, 'Cardiomegaly': 0, 'Consolidation': 0, 'Edema': 0, 'Enlarged Cardiomediastinum': 0, 'Fracture': 0, 'Lung Lesion': 0, 'Lung Opacity': 0, 'No Finding': 1, 'Pleural Effusion': 0, 'Pleural Other': 0, 'Pneumonia': 0, 'Pneumothorax': 0, 'Support Devices': 1}"
"/home/michel/data/Text2Image/mimicxr_train_100/_val_e46_generate_text_top0.85r,edit/No acute cardiopulmonary process. Unremarkable chest radiographic examination/rank_0_000000_fr0.0_cr1.0349edit.png","{'Atelectasis': 0, 'Cardiomegaly': 0, 'Consolidation': 0, 'Edema': 0, 'Enlarged Cardiomediastinum': 0, 'Fracture': 0, 'Lung Lesion': 0, 'Lung Opacity': 0, 'No Finding': 1, 'Pleural Effusion': 0, 'Pleural Other': 0, 'Pneumonia': 0, 'Pneumothorax': 0, 'Support Devices': 1}"
"/home/michel/data/Text2Image/mimicxr_train_100/_val_e46_generate_text_top0.85r,edit/No acute cardiopulmonary process. Unremarkable chest radiographic examination/rank_0_000000_fr0.0_cr1.0350edit.png","{'Atelectasis': 0, 'Cardiomegaly': 0, 'Consolidation': 0, 'Edema': 0, 'Enlarged Cardiomediastinum': 0, 'Fracture': 0, 'Lung Lesion': 0, 'Lung Opacity': 0, 'No Finding': 1, 'Pleural Effusion': 0, 'Pleural Other': 0, 'Pneumonia': 0, 'Pneumothorax': 0, 'Support Devices': 1}"
"/home/michel/data/Text2Image/mimicxr_train_100/_val_e46_generate_text_top0.85r,edit/No acute cardiopulmonary process. Unremarkable chest radiographic examination/rank_0_000000_fr0.0_cr1.0351edit.png","{'Atelectasis': 0, 'Cardiomegaly': 0, 'Consolidation': 0, 'Edema': 0, 'Enlarged Cardiomediastinum': 0, 'Fracture': 0, 'Lung Lesion': 0, 'Lung Opacity': 0, 'No Finding': 1, 'Pleural Effusion': 0, 'Pleural Other': 0, 'Pneumonia': 0, 'Pneumothorax': 0, 'Support Devices': 0}"
"/home/michel/data/Text2Image/mimicxr_train_100/_val_e46_generate_text_top0.85r,edit/No acute cardiopulmonary process. Unremarkable chest radiographic examination/rank_0_000000_fr0.0_cr1.0352edit.png","{'Atelectasis': 0, 'Cardiomegaly': 0, 'Consolidation': 0, 'Edema': 0, 'Enlarged Cardiomediastinum': 0, 'Fracture': 0, 'Lung Lesion': 0, 'Lung Opacity': 0, 'No Finding': 1, 'Pleural Effusion': 0, 'Pleural Other': 0, 'Pneumonia': 0, 'Pneumothorax': 0, 'Support Devices': 0}"
"/home/michel/data/Text2Image/mimicxr_train_100/_val_e46_generate_text_top0.85r,edit/No acute cardiopulmonary process. Unremarkable chest radiographic examination/rank_0_000000_fr0.0_cr1.0353edit.png","{'Atelectasis': 0, 'Cardiomegaly': 0, 'Consolidation': 0, 'Edema': 0, 'Enlarged Cardiomediastinum': 0, 'Fracture': 0, 'Lung Lesion': 0, 'Lung Opacity': 0, 'No Finding': 1, 'Pleural Effusion': 0, 'Pleural Other': 0, 'Pneumonia': 0, 'Pneumothorax': 0, 'Support Devices': 0}"
"/home/michel/data/Text2Image/mimicxr_train_100/_val_e46_generate_text_top0.85r,edit/No acute cardiopulmonary process. Unremarkable chest radiographic examination/rank_0_000000_fr0.0_cr1.0354edit.png","{'Atelectasis': 0, 'Cardiomegaly': 0, 'Consolidation': 0, 'Edema': 0, 'Enlarged Cardiomediastinum': 0, 'Fracture': 0, 'Lung Lesion': 0, 'Lung Opacity': 0, 'No Finding': 1, 'Pleural Effusion': 0, 'Pleural Other': 0, 'Pneumonia': 0, 'Pneumothorax': 0, 'Support Devices': 0}"
"/home/michel/data/Text2Image/mimicxr_train_100/_val_e46_generate_text_top0.85r,edit/No acute cardiopulmonary process. Unremarkable chest radiographic examination/rank_0_000000_fr0.0_cr1.0355edit.png","{'Atelectasis': 0, 'Cardiomegaly': 0, 'Consolidation': 0, 'Edema': 0, 'Enlarged Cardiomediastinum': 0, 'Fracture': 0, 'Lung Lesion': 0, 'Lung Opacity': 0, 'No Finding': 1, 'Pleural Effusion': 0, 'Pleural Other': 0, 'Pneumonia': 0, 'Pneumothorax': 0, 'Support Devices': 0}"
"/home/michel/data/Text2Image/mimicxr_train_100/_val_e46_generate_text_top0.85r,edit/No acute cardiopulmonary process. Unremarkable chest radiographic examination/rank_0_000000_fr0.0_cr1.0356edit.png","{'Atelectasis': 0, 'Cardiomegaly': 0, 'Consolidation': 0, 'Edema': 0, 'Enlarged Cardiomediastinum': 0, 'Fracture': 0, 'Lung Lesion': 0, 'Lung Opacity': 0, 'No Finding': 1, 'Pleural Effusion': 0, 'Pleural Other': 0, 'Pneumonia': 0, 'Pneumothorax': 0, 'Support Devices': 0}"
"/home/michel/data/Text2Image/mimicxr_train_100/_val_e46_generate_text_top0.85r,edit/No acute cardiopulmonary process. Unremarkable chest radiographic examination/rank_0_000000_fr0.0_cr1.0357edit.png","{'Atelectasis': 0, 'Cardiomegaly': 0, 'Consolidation': 0, 'Edema': 0, 'Enlarged Cardiomediastinum': 0, 'Fracture': 0, 'Lung Lesion': 0, 'Lung Opacity': 0, 'No Finding': 1, 'Pleural Effusion': 0, 'Pleural Other': 0, 'Pneumonia': 0, 'Pneumothorax': 0, 'Support Devices': 0}"
"/home/michel/data/Text2Image/mimicxr_train_100/_val_e46_generate_text_top0.85r,edit/No acute cardiopulmonary process. Unremarkable chest radiographic examination/rank_0_000000_fr0.0_cr1.0358edit.png","{'Atelectasis': 0, 'Cardiomegaly': 0, 'Consolidation': 0, 'Edema': 0, 'Enlarged Cardiomediastinum': 0, 'Fracture': 0, 'Lung Lesion': 0, 'Lung Opacity': 0, 'No Finding': 1, 'Pleural Effusion': 0, 'Pleural Other': 0, 'Pneumonia': 0, 'Pneumothorax': 0, 'Support Devices': 0}"
"/home/michel/data/Text2Image/mimicxr_train_100/_val_e46_generate_text_top0.85r,edit/No acute cardiopulmonary process. Unremarkable chest radiographic examination/rank_0_000000_fr0.0_cr1.0359edit.png","{'Atelectasis': 0, 'Cardiomegaly': 0, 'Consolidation': 0, 'Edema': 0, 'Enlarged Cardiomediastinum': 0, 'Fracture': 0, 'Lung Lesion': 0, 'Lung Opacity': 0, 'No Finding': 1, 'Pleural Effusion': 0, 'Pleural Other': 0, 'Pneumonia': 0, 'Pneumothorax': 0, 'Support Devices': 0}"
"/home/michel/data/Text2Image/mimicxr_train_100/_val_e46_generate_text_top0.85r,edit/No acute cardiopulmonary process. Unremarkable chest radiographic examination/rank_0_000000_fr0.0_cr1.0360edit.png","{'Atelectasis': 0, 'Cardiomegaly': 0, 'Consolidation': 0, 'Edema': 0, 'Enlarged Cardiomediastinum': 0, 'Fracture': 0, 'Lung Lesion': 0, 'Lung Opacity': 0, 'No Finding': 1, 'Pleural Effusion': 0, 'Pleural Other': 0, 'Pneumonia': 0, 'Pneumothorax': 0, 'Support Devices': 1}"
"/home/michel/data/Text2Image/mimicxr_train_100/_val_e46_generate_text_top0.85r,edit/No acute cardiopulmonary process. Unremarkable chest radiographic examination/rank_0_000000_fr0.0_cr1.0361edit.png","{'Atelectasis': 0, 'Cardiomegaly': 0, 'Consolidation': 0, 'Edema': 0, 'Enlarged Cardiomediastinum': 0, 'Fracture': 0, 'Lung Lesion': 0, 'Lung Opacity': 0, 'No Finding': 1, 'Pleural Effusion': 0, 'Pleural Other': 0, 'Pneumonia': 0, 'Pneumothorax': 0, 'Support Devices': 0}"
"/home/michel/data/Text2Image/mimicxr_train_100/_val_e46_generate_text_top0.85r,edit/No acute cardiopulmonary process. Unremarkable chest radiographic examination/rank_0_000000_fr0.0_cr1.0362edit.png","{'Atelectasis': 0, 'Cardiomegaly': 0, 'Consolidation': 0, 'Edema': 0, 'Enlarged Cardiomediastinum': 0, 'Fracture': 0, 'Lung Lesion': 0, 'Lung Opacity': 0, 'No Finding': 1, 'Pleural Effusion': 0, 'Pleural Other': 0, 'Pneumonia': 0, 'Pneumothorax': 0, 'Support Devices': 0}"
"/home/michel/data/Text2Image/mimicxr_train_100/_val_e46_generate_text_top0.85r,edit/No acute cardiopulmonary process. Unremarkable chest radiographic examination/rank_0_000000_fr0.0_cr1.0363edit.png","{'Atelectasis': 0, 'Cardiomegaly': 0, 'Consolidation': 0, 'Edema': 0, 'Enlarged Cardiomediastinum': 0, 'Fracture': 0, 'Lung Lesion': 0, 'Lung Opacity': 0, 'No Finding': 1, 'Pleural Effusion': 0, 'Pleural Other': 0, 'Pneumonia': 0, 'Pneumothorax': 0, 'Support Devices': 0}"
"/home/michel/data/Text2Image/mimicxr_train_100/_val_e46_generate_text_top0.85r,edit/No acute cardiopulmonary process. Unremarkable chest radiographic examination/rank_0_000000_fr0.0_cr1.0364edit.png","{'Atelectasis': 0, 'Cardiomegaly': 0, 'Consolidation': 0, 'Edema': 0, 'Enlarged Cardiomediastinum': 0, 'Fracture': 0, 'Lung Lesion': 0, 'Lung Opacity': 0, 'No Finding': 1, 'Pleural Effusion': 0, 'Pleural Other': 0, 'Pneumonia': 0, 'Pneumothorax': 0, 'Support Devices': 0}"
"/home/michel/data/Text2Image/mimicxr_train_100/_val_e46_generate_text_top0.85r,edit/No acute cardiopulmonary process. Unremarkable chest radiographic examination/rank_0_000000_fr0.0_cr1.0365edit.png","{'Atelectasis': 0, 'Cardiomegaly': 0, 'Consolidation': 0, 'Edema': 0, 'Enlarged Cardiomediastinum': 0, 'Fracture': 0, 'Lung Lesion': 0, 'Lung Opacity': 0, 'No Finding': 1, 'Pleural Effusion': 0, 'Pleural Other': 0, 'Pneumonia': 0, 'Pneumothorax': 0, 'Support Devices': 0}"
"/home/michel/data/Text2Image/mimicxr_train_100/_val_e46_generate_text_top0.85r,edit/No acute cardiopulmonary process. Unremarkable chest radiographic examination/rank_0_000000_fr0.0_cr1.0366edit.png","{'Atelectasis': 0, 'Cardiomegaly': 0, 'Consolidation': 0, 'Edema': 0, 'Enlarged Cardiomediastinum': 0, 'Fracture': 0, 'Lung Lesion': 0, 'Lung Opacity': 0, 'No Finding': 1, 'Pleural Effusion': 0, 'Pleural Other': 0, 'Pneumonia': 0, 'Pneumothorax': 0, 'Support Devices': 0}"
"/home/michel/data/Text2Image/mimicxr_train_100/_val_e46_generate_text_top0.85r,edit/No acute cardiopulmonary process. Unremarkable chest radiographic examination/rank_0_000000_fr0.0_cr1.0367edit.png","{'Atelectasis': 0, 'Cardiomegaly': 0, 'Consolidation': 0, 'Edema': 0, 'Enlarged Cardiomediastinum': 0, 'Fracture': 0, 'Lung Lesion': 0, 'Lung Opacity': 0, 'No Finding': 1, 'Pleural Effusion': 0, 'Pleural Other': 0, 'Pneumonia': 0, 'Pneumothorax': 0, 'Support Devices': 1}"
"/home/michel/data/Text2Image/mimicxr_train_100/_val_e46_generate_text_top0.85r,edit/No acute cardiopulmonary process. Unremarkable chest radiographic examination/rank_0_000000_fr0.0_cr1.0368edit.png","{'Atelectasis': 0, 'Cardiomegaly': 0, 'Consolidation': 0, 'Edema': 0, 'Enlarged Cardiomediastinum': 0, 'Fracture': 0, 'Lung Lesion': 0, 'Lung Opacity': 0, 'No Finding': 1, 'Pleural Effusion': 0, 'Pleural Other': 0, 'Pneumonia': 0, 'Pneumothorax': 0, 'Support Devices': 1}"
"/home/michel/data/Text2Image/mimicxr_train_100/_val_e46_generate_text_top0.85r,edit/No acute cardiopulmonary process. Unremarkable chest radiographic examination/rank_0_000000_fr0.0_cr1.0369edit.png","{'Atelectasis': 0, 'Cardiomegaly': 0, 'Consolidation': 0, 'Edema': 0, 'Enlarged Cardiomediastinum': 0, 'Fracture': 0, 'Lung Lesion': 0, 'Lung Opacity': 0, 'No Finding': 1, 'Pleural Effusion': 0, 'Pleural Other': 0, 'Pneumonia': 0, 'Pneumothorax': 0, 'Support Devices': 0}"
"/home/michel/data/Text2Image/mimicxr_train_100/_val_e46_generate_text_top0.85r,edit/No acute cardiopulmonary process. Unremarkable chest radiographic examination/rank_0_000000_fr0.0_cr1.0370edit.png","{'Atelectasis': 0, 'Cardiomegaly': 0, 'Consolidation': 0, 'Edema': 0, 'Enlarged Cardiomediastinum': 0, 'Fracture': 0, 'Lung Lesion': 0, 'Lung Opacity': 0, 'No Finding': 1, 'Pleural Effusion': 0, 'Pleural Other': 0, 'Pneumonia': 0, 'Pneumothorax': 0, 'Support Devices': 0}"
"/home/michel/data/Text2Image/mimicxr_train_100/_val_e46_generate_text_top0.85r,edit/No acute cardiopulmonary process. Unremarkable chest radiographic examination/rank_0_000000_fr0.0_cr1.0371edit.png","{'Atelectasis': 0, 'Cardiomegaly': 0, 'Consolidation': 0, 'Edema': 0, 'Enlarged Cardiomediastinum': 0, 'Fracture': 0, 'Lung Lesion': 0, 'Lung Opacity': 0, 'No Finding': 1, 'Pleural Effusion': 0, 'Pleural Other': 0, 'Pneumonia': 0, 'Pneumothorax': 0, 'Support Devices': 0}"
"/home/michel/data/Text2Image/mimicxr_train_100/_val_e46_generate_text_top0.85r,edit/No acute cardiopulmonary process. Unremarkable chest radiographic examination/rank_0_000000_fr0.0_cr1.0372edit.png","{'Atelectasis': 0, 'Cardiomegaly': 0, 'Consolidation': 0, 'Edema': 0, 'Enlarged Cardiomediastinum': 0, 'Fracture': 0, 'Lung Lesion': 0, 'Lung Opacity': 0, 'No Finding': 1, 'Pleural Effusion': 0, 'Pleural Other': 0, 'Pneumonia': 0, 'Pneumothorax': 0, 'Support Devices': 0}"
"/home/michel/data/Text2Image/mimicxr_train_100/_val_e46_generate_text_top0.85r,edit/No acute cardiopulmonary process. Unremarkable chest radiographic examination/rank_0_000000_fr0.0_cr1.0373edit.png","{'Atelectasis': 0, 'Cardiomegaly': 0, 'Consolidation': 0, 'Edema': 0, 'Enlarged Cardiomediastinum': 0, 'Fracture': 0, 'Lung Lesion': 0, 'Lung Opacity': 0, 'No Finding': 1, 'Pleural Effusion': 0, 'Pleural Other': 0, 'Pneumonia': 0, 'Pneumothorax': 0, 'Support Devices': 0}"
"/home/michel/data/Text2Image/mimicxr_train_100/_val_e46_generate_text_top0.85r,edit/No acute cardiopulmonary process. Unremarkable chest radiographic examination/rank_0_000000_fr0.0_cr1.0374edit.png","{'Atelectasis': 0, 'Cardiomegaly': 0, 'Consolidation': 0, 'Edema': 0, 'Enlarged Cardiomediastinum': 0, 'Fracture': 0, 'Lung Lesion': 0, 'Lung Opacity': 0, 'No Finding': 1, 'Pleural Effusion': 0, 'Pleural Other': 0, 'Pneumonia': 0, 'Pneumothorax': 0, 'Support Devices': 0}"
"/home/michel/data/Text2Image/mimicxr_train_100/_val_e46_generate_text_top0.85r,edit/No acute cardiopulmonary process. Unremarkable chest radiographic examination/rank_0_000000_fr0.0_cr1.0375edit.png","{'Atelectasis': 0, 'Cardiomegaly': 0, 'Consolidation': 0, 'Edema': 0, 'Enlarged Cardiomediastinum': 0, 'Fracture': 0, 'Lung Lesion': 0, 'Lung Opacity': 0, 'No Finding': 1, 'Pleural Effusion': 0, 'Pleural Other': 0, 'Pneumonia': 0, 'Pneumothorax': 0, 'Support Devices': 0}"
"/home/michel/data/Text2Image/mimicxr_train_100/_val_e46_generate_text_top0.85r,edit/No acute cardiopulmonary process. Unremarkable chest radiographic examination/rank_0_000000_fr0.0_cr1.0376edit.png","{'Atelectasis': 0, 'Cardiomegaly': 0, 'Consolidation': 0, 'Edema': 0, 'Enlarged Cardiomediastinum': 0, 'Fracture': 0, 'Lung Lesion': 0, 'Lung Opacity': 0, 'No Finding': 1, 'Pleural Effusion': 0, 'Pleural Other': 0, 'Pneumonia': 0, 'Pneumothorax': 0, 'Support Devices': 0}"
"/home/michel/data/Text2Image/mimicxr_train_100/_val_e46_generate_text_top0.85r,edit/No acute cardiopulmonary process. Unremarkable chest radiographic examination/rank_0_000000_fr0.0_cr1.0377edit.png","{'Atelectasis': 0, 'Cardiomegaly': 0, 'Consolidation': 0, 'Edema': 0, 'Enlarged Cardiomediastinum': 0, 'Fracture': 0, 'Lung Lesion': 0, 'Lung Opacity': 0, 'No Finding': 1, 'Pleural Effusion': 0, 'Pleural Other': 0, 'Pneumonia': 0, 'Pneumothorax': 0, 'Support Devices': 0}"
"/home/michel/data/Text2Image/mimicxr_train_100/_val_e46_generate_text_top0.85r,edit/No acute cardiopulmonary process. Unremarkable chest radiographic examination/rank_0_000000_fr0.0_cr1.0378edit.png","{'Atelectasis': 0, 'Cardiomegaly': 0, 'Consolidation': 0, 'Edema': 0, 'Enlarged Cardiomediastinum': 0, 'Fracture': 0, 'Lung Lesion': 0, 'Lung Opacity': 0, 'No Finding': 1, 'Pleural Effusion': 0, 'Pleural Other': 0, 'Pneumonia': 0, 'Pneumothorax': 0, 'Support Devices': 0}"
"/home/michel/data/Text2Image/mimicxr_train_100/_val_e46_generate_text_top0.85r,edit/No acute cardiopulmonary process. Unremarkable chest radiographic examination/rank_0_000000_fr0.0_cr1.0379edit.png","{'Atelectasis': 0, 'Cardiomegaly': 0, 'Consolidation': 0, 'Edema': 0, 'Enlarged Cardiomediastinum': 0, 'Fracture': 0, 'Lung Lesion': 0, 'Lung Opacity': 0, 'No Finding': 1, 'Pleural Effusion': 0, 'Pleural Other': 0, 'Pneumonia': 0, 'Pneumothorax': 0, 'Support Devices': 1}"
"/home/michel/data/Text2Image/mimicxr_train_100/_val_e46_generate_text_top0.85r,edit/No acute cardiopulmonary process. Unremarkable chest radiographic examination/rank_0_000000_fr0.0_cr1.0380edit.png","{'Atelectasis': 0, 'Cardiomegaly': 0, 'Consolidation': 0, 'Edema': 0, 'Enlarged Cardiomediastinum': 0, 'Fracture': 0, 'Lung Lesion': 0, 'Lung Opacity': 0, 'No Finding': 1, 'Pleural Effusion': 0, 'Pleural Other': 0, 'Pneumonia': 0, 'Pneumothorax': 0, 'Support Devices': 1}"
"/home/michel/data/Text2Image/mimicxr_train_100/_val_e46_generate_text_top0.85r,edit/No acute cardiopulmonary process. Unremarkable chest radiographic examination/rank_0_000000_fr0.0_cr1.0381edit.png","{'Atelectasis': 0, 'Cardiomegaly': 0, 'Consolidation': 0, 'Edema': 0, 'Enlarged Cardiomediastinum': 0, 'Fracture': 0, 'Lung Lesion': 0, 'Lung Opacity': 0, 'No Finding': 1, 'Pleural Effusion': 0, 'Pleural Other': 0, 'Pneumonia': 0, 'Pneumothorax': 0, 'Support Devices': 0}"
"/home/michel/data/Text2Image/mimicxr_train_100/_val_e46_generate_text_top0.85r,edit/No acute cardiopulmonary process. Unremarkable chest radiographic examination/rank_0_000000_fr0.0_cr1.0382edit.png","{'Atelectasis': 0, 'Cardiomegaly': 0, 'Consolidation': 0, 'Edema': 0, 'Enlarged Cardiomediastinum': 0, 'Fracture': 0, 'Lung Lesion': 0, 'Lung Opacity': 0, 'No Finding': 1, 'Pleural Effusion': 0, 'Pleural Other': 0, 'Pneumonia': 0, 'Pneumothorax': 0, 'Support Devices': 1}"
"/home/michel/data/Text2Image/mimicxr_train_100/_val_e46_generate_text_top0.85r,edit/No acute cardiopulmonary process. Unremarkable chest radiographic examination/rank_0_000000_fr0.0_cr1.0383edit.png","{'Atelectasis': 0, 'Cardiomegaly': 0, 'Consolidation': 0, 'Edema': 0, 'Enlarged Cardiomediastinum': 0, 'Fracture': 0, 'Lung Lesion': 0, 'Lung Opacity': 0, 'No Finding': 1, 'Pleural Effusion': 0, 'Pleural Other': 0, 'Pneumonia': 0, 'Pneumothorax': 0, 'Support Devices': 0}"
"/home/michel/data/Text2Image/mimicxr_train_100/_val_e46_generate_text_top0.85r,edit/No acute cardiopulmonary process. Unremarkable chest radiographic examination/rank_0_000000_fr0.0_cr1.0384edit.png","{'Atelectasis': 0, 'Cardiomegaly': 0, 'Consolidation': 0, 'Edema': 0, 'Enlarged Cardiomediastinum': 0, 'Fracture': 0, 'Lung Lesion': 0, 'Lung Opacity': 0, 'No Finding': 1, 'Pleural Effusion': 0, 'Pleural Other': 0, 'Pneumonia': 0, 'Pneumothorax': 0, 'Support Devices': 0}"
"/home/michel/data/Text2Image/mimicxr_train_100/_val_e46_generate_text_top0.85r,edit/No acute cardiopulmonary process. Unremarkable chest radiographic examination/rank_0_000000_fr0.0_cr1.0385edit.png","{'Atelectasis': 0, 'Cardiomegaly': 0, 'Consolidation': 0, 'Edema': 0, 'Enlarged Cardiomediastinum': 0, 'Fracture': 0, 'Lung Lesion': 0, 'Lung Opacity': 0, 'No Finding': 1, 'Pleural Effusion': 0, 'Pleural Other': 0, 'Pneumonia': 0, 'Pneumothorax': 0, 'Support Devices': 0}"
"/home/michel/data/Text2Image/mimicxr_train_100/_val_e46_generate_text_top0.85r,edit/No acute cardiopulmonary process. Unremarkable chest radiographic examination/rank_0_000000_fr0.0_cr1.0386edit.png","{'Atelectasis': 0, 'Cardiomegaly': 0, 'Consolidation': 0, 'Edema': 0, 'Enlarged Cardiomediastinum': 0, 'Fracture': 0, 'Lung Lesion': 0, 'Lung Opacity': 0, 'No Finding': 1, 'Pleural Effusion': 0, 'Pleural Other': 0, 'Pneumonia': 0, 'Pneumothorax': 0, 'Support Devices': 0}"
"/home/michel/data/Text2Image/mimicxr_train_100/_val_e46_generate_text_top0.85r,edit/No acute cardiopulmonary process. Unremarkable chest radiographic examination/rank_0_000000_fr0.0_cr1.0387edit.png","{'Atelectasis': 0, 'Cardiomegaly': 0, 'Consolidation': 0, 'Edema': 0, 'Enlarged Cardiomediastinum': 0, 'Fracture': 0, 'Lung Lesion': 0, 'Lung Opacity': 0, 'No Finding': 1, 'Pleural Effusion': 0, 'Pleural Other': 0, 'Pneumonia': 0, 'Pneumothorax': 0, 'Support Devices': 0}"
"/home/michel/data/Text2Image/mimicxr_train_100/_val_e46_generate_text_top0.85r,edit/No acute cardiopulmonary process. Unremarkable chest radiographic examination/rank_0_000000_fr0.0_cr1.0388edit.png","{'Atelectasis': 0, 'Cardiomegaly': 0, 'Consolidation': 0, 'Edema': 0, 'Enlarged Cardiomediastinum': 0, 'Fracture': 0, 'Lung Lesion': 0, 'Lung Opacity': 0, 'No Finding': 1, 'Pleural Effusion': 0, 'Pleural Other': 0, 'Pneumonia': 0, 'Pneumothorax': 0, 'Support Devices': 0}"
"/home/michel/data/Text2Image/mimicxr_train_100/_val_e46_generate_text_top0.85r,edit/No acute cardiopulmonary process. Unremarkable chest radiographic examination/rank_0_000000_fr0.0_cr1.0389edit.png","{'Atelectasis': 0, 'Cardiomegaly': 0, 'Consolidation': 0, 'Edema': 0, 'Enlarged Cardiomediastinum': 0, 'Fracture': 0, 'Lung Lesion': 0, 'Lung Opacity': 0, 'No Finding': 1, 'Pleural Effusion': 0, 'Pleural Other': 0, 'Pneumonia': 0, 'Pneumothorax': 0, 'Support Devices': 0}"
"/home/michel/data/Text2Image/mimicxr_train_100/_val_e46_generate_text_top0.85r,edit/No acute cardiopulmonary process. Unremarkable chest radiographic examination/rank_0_000000_fr0.0_cr1.0390edit.png","{'Atelectasis': 0, 'Cardiomegaly': 0, 'Consolidation': 0, 'Edema': 0, 'Enlarged Cardiomediastinum': 0, 'Fracture': 0, 'Lung Lesion': 0, 'Lung Opacity': 0, 'No Finding': 1, 'Pleural Effusion': 0, 'Pleural Other': 0, 'Pneumonia': 0, 'Pneumothorax': 0, 'Support Devices': 0}"
"/home/michel/data/Text2Image/mimicxr_train_100/_val_e46_generate_text_top0.85r,edit/No acute cardiopulmonary process. Unremarkable chest radiographic examination/rank_0_000000_fr0.0_cr1.0391edit.png","{'Atelectasis': 0, 'Cardiomegaly': 0, 'Consolidation': 0, 'Edema': 0, 'Enlarged Cardiomediastinum': 0, 'Fracture': 0, 'Lung Lesion': 0, 'Lung Opacity': 0, 'No Finding': 1, 'Pleural Effusion': 0, 'Pleural Other': 0, 'Pneumonia': 0, 'Pneumothorax': 0, 'Support Devices': 0}"
"/home/michel/data/Text2Image/mimicxr_train_100/_val_e46_generate_text_top0.85r,edit/No acute cardiopulmonary process. Unremarkable chest radiographic examination/rank_0_000000_fr0.0_cr1.0392edit.png","{'Atelectasis': 0, 'Cardiomegaly': 0, 'Consolidation': 0, 'Edema': 0, 'Enlarged Cardiomediastinum': 0, 'Fracture': 0, 'Lung Lesion': 0, 'Lung Opacity': 0, 'No Finding': 1, 'Pleural Effusion': 0, 'Pleural Other': 0, 'Pneumonia': 0, 'Pneumothorax': 0, 'Support Devices': 0}"
"/home/michel/data/Text2Image/mimicxr_train_100/_val_e46_generate_text_top0.85r,edit/No acute cardiopulmonary process. Unremarkable chest radiographic examination/rank_0_000000_fr0.0_cr1.0393edit.png","{'Atelectasis': 0, 'Cardiomegaly': 0, 'Consolidation': 0, 'Edema': 0, 'Enlarged Cardiomediastinum': 0, 'Fracture': 0, 'Lung Lesion': 0, 'Lung Opacity': 0, 'No Finding': 1, 'Pleural Effusion': 0, 'Pleural Other': 0, 'Pneumonia': 0, 'Pneumothorax': 0, 'Support Devices': 0}"
"/home/michel/data/Text2Image/mimicxr_train_100/_val_e46_generate_text_top0.85r,edit/No acute cardiopulmonary process. Unremarkable chest radiographic examination/rank_0_000000_fr0.0_cr1.0394edit.png","{'Atelectasis': 0, 'Cardiomegaly': 0, 'Consolidation': 0, 'Edema': 0, 'Enlarged Cardiomediastinum': 0, 'Fracture': 0, 'Lung Lesion': 0, 'Lung Opacity': 0, 'No Finding': 1, 'Pleural Effusion': 0, 'Pleural Other': 0, 'Pneumonia': 0, 'Pneumothorax': 0, 'Support Devices': 0}"
"/home/michel/data/Text2Image/mimicxr_train_100/_val_e46_generate_text_top0.85r,edit/No acute cardiopulmonary process. Unremarkable chest radiographic examination/rank_0_000000_fr0.0_cr1.0395edit.png","{'Atelectasis': 0, 'Cardiomegaly': 0, 'Consolidation': 0, 'Edema': 0, 'Enlarged Cardiomediastinum': 0, 'Fracture': 0, 'Lung Lesion': 0, 'Lung Opacity': 0, 'No Finding': 1, 'Pleural Effusion': 0, 'Pleural Other': 0, 'Pneumonia': 0, 'Pneumothorax': 0, 'Support Devices': 0}"
"/home/michel/data/Text2Image/mimicxr_train_100/_val_e46_generate_text_top0.85r,edit/No acute cardiopulmonary process. Unremarkable chest radiographic examination/rank_0_000000_fr0.0_cr1.0396edit.png","{'Atelectasis': 0, 'Cardiomegaly': 0, 'Consolidation': 0, 'Edema': 0, 'Enlarged Cardiomediastinum': 0, 'Fracture': 0, 'Lung Lesion': 0, 'Lung Opacity': 0, 'No Finding': 1, 'Pleural Effusion': 0, 'Pleural Other': 0, 'Pneumonia': 0, 'Pneumothorax': 0, 'Support Devices': 0}"
"/home/michel/data/Text2Image/mimicxr_train_100/_val_e46_generate_text_top0.85r,edit/No acute cardiopulmonary process. Unremarkable chest radiographic examination/rank_0_000000_fr0.0_cr1.0397edit.png","{'Atelectasis': 0, 'Cardiomegaly': 0, 'Consolidation': 0, 'Edema': 0, 'Enlarged Cardiomediastinum': 0, 'Fracture': 0, 'Lung Lesion': 0, 'Lung Opacity': 0, 'No Finding': 1, 'Pleural Effusion': 0, 'Pleural Other': 0, 'Pneumonia': 0, 'Pneumothorax': 0, 'Support Devices': 0}"
"/home/michel/data/Text2Image/mimicxr_train_100/_val_e46_generate_text_top0.85r,edit/No acute cardiopulmonary process. Unremarkable chest radiographic examination/rank_0_000000_fr0.0_cr1.0398edit.png","{'Atelectasis': 0, 'Cardiomegaly': 0, 'Consolidation': 0, 'Edema': 0, 'Enlarged Cardiomediastinum': 0, 'Fracture': 0, 'Lung Lesion': 0, 'Lung Opacity': 0, 'No Finding': 1, 'Pleural Effusion': 0, 'Pleural Other': 0, 'Pneumonia': 0, 'Pneumothorax': 0, 'Support Devices': 0}"
"/home/michel/data/Text2Image/mimicxr_train_100/_val_e46_generate_text_top0.85r,edit/No acute cardiopulmonary process. Unremarkable chest radiographic examination/rank_0_000000_fr0.0_cr1.0399edit.png","{'Atelectasis': 0, 'Cardiomegaly': 0, 'Consolidation': 0, 'Edema': 0, 'Enlarged Cardiomediastinum': 0, 'Fracture': 0, 'Lung Lesion': 0, 'Lung Opacity': 0, 'No Finding': 1, 'Pleural Effusion': 0, 'Pleural Other': 0, 'Pneumonia': 0, 'Pneumothorax': 0, 'Support Devices': 0}"
"/home/michel/data/Text2Image/mimicxr_train_100/_val_e46_generate_text_top0.85r,edit/No acute cardiopulmonary process. Unremarkable chest radiographic examination/rank_0_000000_fr0.0_cr1.0400edit.png","{'Atelectasis': 0, 'Cardiomegaly': 0, 'Consolidation': 0, 'Edema': 0, 'Enlarged Cardiomediastinum': 0, 'Fracture': 0, 'Lung Lesion': 0, 'Lung Opacity': 0, 'No Finding': 1, 'Pleural Effusion': 0, 'Pleural Other': 0, 'Pneumonia': 0, 'Pneumothorax': 0, 'Support Devices': 0}"
"/home/michel/data/Text2Image/mimicxr_train_100/_val_e46_generate_text_top0.85r,edit/No acute cardiopulmonary process. Unremarkable chest radiographic examination/rank_0_000000_fr0.0_cr1.0401edit.png","{'Atelectasis': 0, 'Cardiomegaly': 0, 'Consolidation': 0, 'Edema': 0, 'Enlarged Cardiomediastinum': 0, 'Fracture': 0, 'Lung Lesion': 0, 'Lung Opacity': 0, 'No Finding': 1, 'Pleural Effusion': 0, 'Pleural Other': 0, 'Pneumonia': 0, 'Pneumothorax': 0, 'Support Devices': 1}"
"/home/michel/data/Text2Image/mimicxr_train_100/_val_e46_generate_text_top0.85r,edit/No acute cardiopulmonary process. Unremarkable chest radiographic examination/rank_0_000000_fr0.0_cr1.0402edit.png","{'Atelectasis': 0, 'Cardiomegaly': 0, 'Consolidation': 0, 'Edema': 0, 'Enlarged Cardiomediastinum': 0, 'Fracture': 0, 'Lung Lesion': 0, 'Lung Opacity': 0, 'No Finding': 1, 'Pleural Effusion': 0, 'Pleural Other': 0, 'Pneumonia': 0, 'Pneumothorax': 0, 'Support Devices': 0}"
"/home/michel/data/Text2Image/mimicxr_train_100/_val_e46_generate_text_top0.85r,edit/No acute cardiopulmonary process. Unremarkable chest radiographic examination/rank_0_000000_fr0.0_cr1.0403edit.png","{'Atelectasis': 0, 'Cardiomegaly': 0, 'Consolidation': 0, 'Edema': 0, 'Enlarged Cardiomediastinum': 0, 'Fracture': 0, 'Lung Lesion': 0, 'Lung Opacity': 0, 'No Finding': 1, 'Pleural Effusion': 0, 'Pleural Other': 0, 'Pneumonia': 0, 'Pneumothorax': 0, 'Support Devices': 0}"
"/home/michel/data/Text2Image/mimicxr_train_100/_val_e46_generate_text_top0.85r,edit/No acute cardiopulmonary process. Unremarkable chest radiographic examination/rank_0_000000_fr0.0_cr1.0404edit.png","{'Atelectasis': 0, 'Cardiomegaly': 0, 'Consolidation': 0, 'Edema': 0, 'Enlarged Cardiomediastinum': 0, 'Fracture': 0, 'Lung Lesion': 0, 'Lung Opacity': 0, 'No Finding': 1, 'Pleural Effusion': 0, 'Pleural Other': 0, 'Pneumonia': 0, 'Pneumothorax': 0, 'Support Devices': 0}"
"/home/michel/data/Text2Image/mimicxr_train_100/_val_e46_generate_text_top0.85r,edit/No acute cardiopulmonary process. Unremarkable chest radiographic examination/rank_0_000000_fr0.0_cr1.0405edit.png","{'Atelectasis': 0, 'Cardiomegaly': 0, 'Consolidation': 0, 'Edema': 0, 'Enlarged Cardiomediastinum': 0, 'Fracture': 0, 'Lung Lesion': 0, 'Lung Opacity': 0, 'No Finding': 1, 'Pleural Effusion': 0, 'Pleural Other': 0, 'Pneumonia': 0, 'Pneumothorax': 0, 'Support Devices': 0}"
"/home/michel/data/Text2Image/mimicxr_train_100/_val_e46_generate_text_top0.85r,edit/No acute cardiopulmonary process. Unremarkable chest radiographic examination/rank_0_000000_fr0.0_cr1.0406edit.png","{'Atelectasis': 0, 'Cardiomegaly': 0, 'Consolidation': 0, 'Edema': 0, 'Enlarged Cardiomediastinum': 0, 'Fracture': 0, 'Lung Lesion': 0, 'Lung Opacity': 0, 'No Finding': 1, 'Pleural Effusion': 0, 'Pleural Other': 0, 'Pneumonia': 0, 'Pneumothorax': 0, 'Support Devices': 0}"
"/home/michel/data/Text2Image/mimicxr_train_100/_val_e46_generate_text_top0.85r,edit/No acute cardiopulmonary process. Unremarkable chest radiographic examination/rank_0_000000_fr0.0_cr1.0407edit.png","{'Atelectasis': 0, 'Cardiomegaly': 0, 'Consolidation': 0, 'Edema': 0, 'Enlarged Cardiomediastinum': 0, 'Fracture': 0, 'Lung Lesion': 0, 'Lung Opacity': 0, 'No Finding': 1, 'Pleural Effusion': 0, 'Pleural Other': 0, 'Pneumonia': 0, 'Pneumothorax': 0, 'Support Devices': 0}"
"/home/michel/data/Text2Image/mimicxr_train_100/_val_e46_generate_text_top0.85r,edit/No acute cardiopulmonary process. Unremarkable chest radiographic examination/rank_0_000000_fr0.0_cr1.0408edit.png","{'Atelectasis': 0, 'Cardiomegaly': 0, 'Consolidation': 0, 'Edema': 0, 'Enlarged Cardiomediastinum': 0, 'Fracture': 0, 'Lung Lesion': 0, 'Lung Opacity': 0, 'No Finding': 1, 'Pleural Effusion': 0, 'Pleural Other': 0, 'Pneumonia': 0, 'Pneumothorax': 0, 'Support Devices': 0}"
"/home/michel/data/Text2Image/mimicxr_train_100/_val_e46_generate_text_top0.85r,edit/No acute cardiopulmonary process. Unremarkable chest radiographic examination/rank_0_000000_fr0.0_cr1.0409edit.png","{'Atelectasis': 0, 'Cardiomegaly': 0, 'Consolidation': 0, 'Edema': 0, 'Enlarged Cardiomediastinum': 0, 'Fracture': 0, 'Lung Lesion': 0, 'Lung Opacity': 0, 'No Finding': 1, 'Pleural Effusion': 0, 'Pleural Other': 0, 'Pneumonia': 0, 'Pneumothorax': 0, 'Support Devices': 0}"
"/home/michel/data/Text2Image/mimicxr_train_100/_val_e46_generate_text_top0.85r,edit/No acute cardiopulmonary process. Unremarkable chest radiographic examination/rank_0_000000_fr0.0_cr1.0410edit.png","{'Atelectasis': 0, 'Cardiomegaly': 0, 'Consolidation': 0, 'Edema': 0, 'Enlarged Cardiomediastinum': 0, 'Fracture': 0, 'Lung Lesion': 0, 'Lung Opacity': 0, 'No Finding': 1, 'Pleural Effusion': 0, 'Pleural Other': 0, 'Pneumonia': 0, 'Pneumothorax': 0, 'Support Devices': 0}"
"/home/michel/data/Text2Image/mimicxr_train_100/_val_e46_generate_text_top0.85r,edit/No acute cardiopulmonary process. Unremarkable chest radiographic examination/rank_0_000000_fr0.0_cr1.0411edit.png","{'Atelectasis': 0, 'Cardiomegaly': 0, 'Consolidation': 0, 'Edema': 0, 'Enlarged Cardiomediastinum': 0, 'Fracture': 0, 'Lung Lesion': 0, 'Lung Opacity': 0, 'No Finding': 1, 'Pleural Effusion': 0, 'Pleural Other': 0, 'Pneumonia': 0, 'Pneumothorax': 0, 'Support Devices': 0}"
"/home/michel/data/Text2Image/mimicxr_train_100/_val_e46_generate_text_top0.85r,edit/No acute cardiopulmonary process. Unremarkable chest radiographic examination/rank_0_000000_fr0.0_cr1.0412edit.png","{'Atelectasis': 0, 'Cardiomegaly': 0, 'Consolidation': 0, 'Edema': 0, 'Enlarged Cardiomediastinum': 0, 'Fracture': 0, 'Lung Lesion': 0, 'Lung Opacity': 0, 'No Finding': 1, 'Pleural Effusion': 0, 'Pleural Other': 0, 'Pneumonia': 0, 'Pneumothorax': 0, 'Support Devices': 0}"
"/home/michel/data/Text2Image/mimicxr_train_100/_val_e46_generate_text_top0.85r,edit/No acute cardiopulmonary process. Unremarkable chest radiographic examination/rank_0_000000_fr0.0_cr1.0413edit.png","{'Atelectasis': 0, 'Cardiomegaly': 0, 'Consolidation': 0, 'Edema': 0, 'Enlarged Cardiomediastinum': 0, 'Fracture': 0, 'Lung Lesion': 0, 'Lung Opacity': 0, 'No Finding': 1, 'Pleural Effusion': 0, 'Pleural Other': 0, 'Pneumonia': 0, 'Pneumothorax': 0, 'Support Devices': 0}"
"/home/michel/data/Text2Image/mimicxr_train_100/_val_e46_generate_text_top0.85r,edit/No acute cardiopulmonary process. Unremarkable chest radiographic examination/rank_0_000000_fr0.0_cr1.0414edit.png","{'Atelectasis': 0, 'Cardiomegaly': 0, 'Consolidation': 0, 'Edema': 0, 'Enlarged Cardiomediastinum': 0, 'Fracture': 0, 'Lung Lesion': 0, 'Lung Opacity': 0, 'No Finding': 1, 'Pleural Effusion': 0, 'Pleural Other': 0, 'Pneumonia': 0, 'Pneumothorax': 0, 'Support Devices': 0}"
"/home/michel/data/Text2Image/mimicxr_train_100/_val_e46_generate_text_top0.85r,edit/No acute cardiopulmonary process. Unremarkable chest radiographic examination/rank_0_000000_fr0.0_cr1.0415edit.png","{'Atelectasis': 0, 'Cardiomegaly': 0, 'Consolidation': 0, 'Edema': 0, 'Enlarged Cardiomediastinum': 0, 'Fracture': 0, 'Lung Lesion': 0, 'Lung Opacity': 0, 'No Finding': 1, 'Pleural Effusion': 0, 'Pleural Other': 0, 'Pneumonia': 0, 'Pneumothorax': 0, 'Support Devices': 0}"
"/home/michel/data/Text2Image/mimicxr_train_100/_val_e46_generate_text_top0.85r,edit/No acute cardiopulmonary process. Unremarkable chest radiographic examination/rank_0_000000_fr0.0_cr1.0416edit.png","{'Atelectasis': 0, 'Cardiomegaly': 0, 'Consolidation': 0, 'Edema': 0, 'Enlarged Cardiomediastinum': 0, 'Fracture': 0, 'Lung Lesion': 0, 'Lung Opacity': 0, 'No Finding': 1, 'Pleural Effusion': 0, 'Pleural Other': 0, 'Pneumonia': 0, 'Pneumothorax': 0, 'Support Devices': 0}"
"/home/michel/data/Text2Image/mimicxr_train_100/_val_e46_generate_text_top0.85r,edit/No acute cardiopulmonary process. Unremarkable chest radiographic examination/rank_0_000000_fr0.0_cr1.0417edit.png","{'Atelectasis': 0, 'Cardiomegaly': 0, 'Consolidation': 0, 'Edema': 0, 'Enlarged Cardiomediastinum': 0, 'Fracture': 0, 'Lung Lesion': 0, 'Lung Opacity': 0, 'No Finding': 1, 'Pleural Effusion': 0, 'Pleural Other': 0, 'Pneumonia': 0, 'Pneumothorax': 0, 'Support Devices': 0}"
"/home/michel/data/Text2Image/mimicxr_train_100/_val_e46_generate_text_top0.85r,edit/No acute cardiopulmonary process. Unremarkable chest radiographic examination/rank_0_000000_fr0.0_cr1.0418edit.png","{'Atelectasis': 0, 'Cardiomegaly': 0, 'Consolidation': 0, 'Edema': 0, 'Enlarged Cardiomediastinum': 0, 'Fracture': 0, 'Lung Lesion': 0, 'Lung Opacity': 0, 'No Finding': 1, 'Pleural Effusion': 0, 'Pleural Other': 0, 'Pneumonia': 0, 'Pneumothorax': 0, 'Support Devices': 0}"
"/home/michel/data/Text2Image/mimicxr_train_100/_val_e46_generate_text_top0.85r,edit/No acute cardiopulmonary process. Unremarkable chest radiographic examination/rank_0_000000_fr0.0_cr1.0419edit.png","{'Atelectasis': 0, 'Cardiomegaly': 0, 'Consolidation': 0, 'Edema': 0, 'Enlarged Cardiomediastinum': 0, 'Fracture': 0, 'Lung Lesion': 0, 'Lung Opacity': 0, 'No Finding': 1, 'Pleural Effusion': 0, 'Pleural Other': 0, 'Pneumonia': 0, 'Pneumothorax': 0, 'Support Devices': 0}"
"/home/michel/data/Text2Image/mimicxr_train_100/_val_e46_generate_text_top0.85r,edit/No acute cardiopulmonary process. Unremarkable chest radiographic examination/rank_0_000000_fr0.0_cr1.0420edit.png","{'Atelectasis': 0, 'Cardiomegaly': 0, 'Consolidation': 0, 'Edema': 0, 'Enlarged Cardiomediastinum': 0, 'Fracture': 0, 'Lung Lesion': 0, 'Lung Opacity': 0, 'No Finding': 1, 'Pleural Effusion': 0, 'Pleural Other': 0, 'Pneumonia': 0, 'Pneumothorax': 0, 'Support Devices': 0}"
"/home/michel/data/Text2Image/mimicxr_train_100/_val_e46_generate_text_top0.85r,edit/No acute cardiopulmonary process. Unremarkable chest radiographic examination/rank_0_000000_fr0.0_cr1.0421edit.png","{'Atelectasis': 0, 'Cardiomegaly': 0, 'Consolidation': 0, 'Edema': 0, 'Enlarged Cardiomediastinum': 0, 'Fracture': 0, 'Lung Lesion': 0, 'Lung Opacity': 0, 'No Finding': 1, 'Pleural Effusion': 0, 'Pleural Other': 0, 'Pneumonia': 0, 'Pneumothorax': 0, 'Support Devices': 0}"
"/home/michel/data/Text2Image/mimicxr_train_100/_val_e46_generate_text_top0.85r,edit/No acute cardiopulmonary process. Unremarkable chest radiographic examination/rank_0_000000_fr0.0_cr1.0422edit.png","{'Atelectasis': 0, 'Cardiomegaly': 0, 'Consolidation': 0, 'Edema': 0, 'Enlarged Cardiomediastinum': 0, 'Fracture': 0, 'Lung Lesion': 0, 'Lung Opacity': 0, 'No Finding': 1, 'Pleural Effusion': 0, 'Pleural Other': 0, 'Pneumonia': 0, 'Pneumothorax': 0, 'Support Devices': 0}"
"/home/michel/data/Text2Image/mimicxr_train_100/_val_e46_generate_text_top0.85r,edit/No acute cardiopulmonary process. Unremarkable chest radiographic examination/rank_0_000000_fr0.0_cr1.0423edit.png","{'Atelectasis': 0, 'Cardiomegaly': 0, 'Consolidation': 0, 'Edema': 0, 'Enlarged Cardiomediastinum': 0, 'Fracture': 0, 'Lung Lesion': 0, 'Lung Opacity': 0, 'No Finding': 1, 'Pleural Effusion': 0, 'Pleural Other': 0, 'Pneumonia': 0, 'Pneumothorax': 0, 'Support Devices': 0}"
"/home/michel/data/Text2Image/mimicxr_train_100/_val_e46_generate_text_top0.85r,edit/No acute cardiopulmonary process. Unremarkable chest radiographic examination/rank_0_000000_fr0.0_cr1.0424edit.png","{'Atelectasis': 0, 'Cardiomegaly': 0, 'Consolidation': 0, 'Edema': 0, 'Enlarged Cardiomediastinum': 0, 'Fracture': 0, 'Lung Lesion': 0, 'Lung Opacity': 0, 'No Finding': 1, 'Pleural Effusion': 0, 'Pleural Other': 0, 'Pneumonia': 0, 'Pneumothorax': 0, 'Support Devices': 0}"
"/home/michel/data/Text2Image/mimicxr_train_100/_val_e46_generate_text_top0.85r,edit/No acute cardiopulmonary process. Unremarkable chest radiographic examination/rank_0_000000_fr0.0_cr1.0425edit.png","{'Atelectasis': 0, 'Cardiomegaly': 0, 'Consolidation': 0, 'Edema': 0, 'Enlarged Cardiomediastinum': 0, 'Fracture': 0, 'Lung Lesion': 0, 'Lung Opacity': 0, 'No Finding': 1, 'Pleural Effusion': 0, 'Pleural Other': 0, 'Pneumonia': 0, 'Pneumothorax': 0, 'Support Devices': 0}"
"/home/michel/data/Text2Image/mimicxr_train_100/_val_e46_generate_text_top0.85r,edit/No acute cardiopulmonary process. Unremarkable chest radiographic examination/rank_0_000000_fr0.0_cr1.0426edit.png","{'Atelectasis': 0, 'Cardiomegaly': 0, 'Consolidation': 0, 'Edema': 0, 'Enlarged Cardiomediastinum': 0, 'Fracture': 0, 'Lung Lesion': 0, 'Lung Opacity': 0, 'No Finding': 1, 'Pleural Effusion': 0, 'Pleural Other': 0, 'Pneumonia': 0, 'Pneumothorax': 0, 'Support Devices': 0}"
"/home/michel/data/Text2Image/mimicxr_train_100/_val_e46_generate_text_top0.85r,edit/No acute cardiopulmonary process. Unremarkable chest radiographic examination/rank_0_000000_fr0.0_cr1.0427edit.png","{'Atelectasis': 0, 'Cardiomegaly': 0, 'Consolidation': 0, 'Edema': 0, 'Enlarged Cardiomediastinum': 0, 'Fracture': 0, 'Lung Lesion': 0, 'Lung Opacity': 0, 'No Finding': 1, 'Pleural Effusion': 0, 'Pleural Other': 0, 'Pneumonia': 0, 'Pneumothorax': 0, 'Support Devices': 0}"
"/home/michel/data/Text2Image/mimicxr_train_100/_val_e46_generate_text_top0.85r,edit/No acute cardiopulmonary process. Unremarkable chest radiographic examination/rank_0_000000_fr0.0_cr1.0428edit.png","{'Atelectasis': 0, 'Cardiomegaly': 0, 'Consolidation': 0, 'Edema': 0, 'Enlarged Cardiomediastinum': 0, 'Fracture': 0, 'Lung Lesion': 0, 'Lung Opacity': 0, 'No Finding': 1, 'Pleural Effusion': 0, 'Pleural Other': 0, 'Pneumonia': 0, 'Pneumothorax': 0, 'Support Devices': 0}"
"/home/michel/data/Text2Image/mimicxr_train_100/_val_e46_generate_text_top0.85r,edit/No acute cardiopulmonary process. Unremarkable chest radiographic examination/rank_0_000000_fr0.0_cr1.0429edit.png","{'Atelectasis': 0, 'Cardiomegaly': 0, 'Consolidation': 0, 'Edema': 0, 'Enlarged Cardiomediastinum': 0, 'Fracture': 0, 'Lung Lesion': 0, 'Lung Opacity': 0, 'No Finding': 1, 'Pleural Effusion': 0, 'Pleural Other': 0, 'Pneumonia': 0, 'Pneumothorax': 0, 'Support Devices': 0}"
"/home/michel/data/Text2Image/mimicxr_train_100/_val_e46_generate_text_top0.85r,edit/No acute cardiopulmonary process. Unremarkable chest radiographic examination/rank_0_000000_fr0.0_cr1.0430edit.png","{'Atelectasis': 0, 'Cardiomegaly': 0, 'Consolidation': 0, 'Edema': 0, 'Enlarged Cardiomediastinum': 0, 'Fracture': 0, 'Lung Lesion': 0, 'Lung Opacity': 0, 'No Finding': 1, 'Pleural Effusion': 0, 'Pleural Other': 0, 'Pneumonia': 0, 'Pneumothorax': 0, 'Support Devices': 0}"
"/home/michel/data/Text2Image/mimicxr_train_100/_val_e46_generate_text_top0.85r,edit/No acute cardiopulmonary process. Unremarkable chest radiographic examination/rank_0_000000_fr0.0_cr1.0431edit.png","{'Atelectasis': 0, 'Cardiomegaly': 0, 'Consolidation': 0, 'Edema': 0, 'Enlarged Cardiomediastinum': 0, 'Fracture': 0, 'Lung Lesion': 0, 'Lung Opacity': 0, 'No Finding': 1, 'Pleural Effusion': 0, 'Pleural Other': 0, 'Pneumonia': 0, 'Pneumothorax': 0, 'Support Devices': 0}"
"/home/michel/data/Text2Image/mimicxr_train_100/_val_e46_generate_text_top0.85r,edit/No acute cardiopulmonary process. Unremarkable chest radiographic examination/rank_0_000000_fr0.0_cr1.0432edit.png","{'Atelectasis': 0, 'Cardiomegaly': 0, 'Consolidation': 0, 'Edema': 0, 'Enlarged Cardiomediastinum': 0, 'Fracture': 0, 'Lung Lesion': 0, 'Lung Opacity': 0, 'No Finding': 1, 'Pleural Effusion': 0, 'Pleural Other': 0, 'Pneumonia': 0, 'Pneumothorax': 0, 'Support Devices': 0}"
"/home/michel/data/Text2Image/mimicxr_train_100/_val_e46_generate_text_top0.85r,edit/No acute cardiopulmonary process. Unremarkable chest radiographic examination/rank_0_000000_fr0.0_cr1.0433edit.png","{'Atelectasis': 0, 'Cardiomegaly': 0, 'Consolidation': 0, 'Edema': 0, 'Enlarged Cardiomediastinum': 0, 'Fracture': 0, 'Lung Lesion': 0, 'Lung Opacity': 0, 'No Finding': 1, 'Pleural Effusion': 0, 'Pleural Other': 0, 'Pneumonia': 0, 'Pneumothorax': 0, 'Support Devices': 0}"
"/home/michel/data/Text2Image/mimicxr_train_100/_val_e46_generate_text_top0.85r,edit/No acute cardiopulmonary process. Unremarkable chest radiographic examination/rank_0_000000_fr0.0_cr1.0434edit.png","{'Atelectasis': 0, 'Cardiomegaly': 0, 'Consolidation': 0, 'Edema': 0, 'Enlarged Cardiomediastinum': 0, 'Fracture': 0, 'Lung Lesion': 0, 'Lung Opacity': 0, 'No Finding': 1, 'Pleural Effusion': 0, 'Pleural Other': 0, 'Pneumonia': 0, 'Pneumothorax': 0, 'Support Devices': 0}"
"/home/michel/data/Text2Image/mimicxr_train_100/_val_e46_generate_text_top0.85r,edit/No acute cardiopulmonary process. Unremarkable chest radiographic examination/rank_0_000000_fr0.0_cr1.0435edit.png","{'Atelectasis': 0, 'Cardiomegaly': 0, 'Consolidation': 0, 'Edema': 0, 'Enlarged Cardiomediastinum': 0, 'Fracture': 0, 'Lung Lesion': 0, 'Lung Opacity': 0, 'No Finding': 1, 'Pleural Effusion': 0, 'Pleural Other': 0, 'Pneumonia': 0, 'Pneumothorax': 0, 'Support Devices': 1}"
"/home/michel/data/Text2Image/mimicxr_train_100/_val_e46_generate_text_top0.85r,edit/No acute cardiopulmonary process. Unremarkable chest radiographic examination/rank_0_000000_fr0.0_cr1.0436edit.png","{'Atelectasis': 0, 'Cardiomegaly': 0, 'Consolidation': 0, 'Edema': 0, 'Enlarged Cardiomediastinum': 0, 'Fracture': 0, 'Lung Lesion': 0, 'Lung Opacity': 0, 'No Finding': 1, 'Pleural Effusion': 0, 'Pleural Other': 0, 'Pneumonia': 0, 'Pneumothorax': 0, 'Support Devices': 0}"
"/home/michel/data/Text2Image/mimicxr_train_100/_val_e46_generate_text_top0.85r,edit/No acute cardiopulmonary process. Unremarkable chest radiographic examination/rank_0_000000_fr0.0_cr1.0437edit.png","{'Atelectasis': 0, 'Cardiomegaly': 0, 'Consolidation': 0, 'Edema': 0, 'Enlarged Cardiomediastinum': 0, 'Fracture': 0, 'Lung Lesion': 0, 'Lung Opacity': 0, 'No Finding': 1, 'Pleural Effusion': 0, 'Pleural Other': 0, 'Pneumonia': 0, 'Pneumothorax': 0, 'Support Devices': 0}"
"/home/michel/data/Text2Image/mimicxr_train_100/_val_e46_generate_text_top0.85r,edit/No acute cardiopulmonary process. Unremarkable chest radiographic examination/rank_0_000000_fr0.0_cr1.0438edit.png","{'Atelectasis': 0, 'Cardiomegaly': 0, 'Consolidation': 0, 'Edema': 0, 'Enlarged Cardiomediastinum': 0, 'Fracture': 0, 'Lung Lesion': 0, 'Lung Opacity': 0, 'No Finding': 1, 'Pleural Effusion': 0, 'Pleural Other': 0, 'Pneumonia': 0, 'Pneumothorax': 0, 'Support Devices': 0}"
"/home/michel/data/Text2Image/mimicxr_train_100/_val_e46_generate_text_top0.85r,edit/No acute cardiopulmonary process. Unremarkable chest radiographic examination/rank_0_000000_fr0.0_cr1.0439edit.png","{'Atelectasis': 0, 'Cardiomegaly': 0, 'Consolidation': 0, 'Edema': 0, 'Enlarged Cardiomediastinum': 0, 'Fracture': 0, 'Lung Lesion': 0, 'Lung Opacity': 0, 'No Finding': 1, 'Pleural Effusion': 0, 'Pleural Other': 0, 'Pneumonia': 0, 'Pneumothorax': 0, 'Support Devices': 0}"
"/home/michel/data/Text2Image/mimicxr_train_100/_val_e46_generate_text_top0.85r,edit/No acute cardiopulmonary process. Unremarkable chest radiographic examination/rank_0_000000_fr0.0_cr1.0440edit.png","{'Atelectasis': 0, 'Cardiomegaly': 0, 'Consolidation': 0, 'Edema': 0, 'Enlarged Cardiomediastinum': 0, 'Fracture': 0, 'Lung Lesion': 0, 'Lung Opacity': 0, 'No Finding': 1, 'Pleural Effusion': 0, 'Pleural Other': 0, 'Pneumonia': 0, 'Pneumothorax': 0, 'Support Devices': 0}"
"/home/michel/data/Text2Image/mimicxr_train_100/_val_e46_generate_text_top0.85r,edit/No acute cardiopulmonary process. Unremarkable chest radiographic examination/rank_0_000000_fr0.0_cr1.0441edit.png","{'Atelectasis': 0, 'Cardiomegaly': 0, 'Consolidation': 0, 'Edema': 0, 'Enlarged Cardiomediastinum': 0, 'Fracture': 0, 'Lung Lesion': 0, 'Lung Opacity': 0, 'No Finding': 1, 'Pleural Effusion': 0, 'Pleural Other': 0, 'Pneumonia': 0, 'Pneumothorax': 0, 'Support Devices': 1}"
"/home/michel/data/Text2Image/mimicxr_train_100/_val_e46_generate_text_top0.85r,edit/No acute cardiopulmonary process. Unremarkable chest radiographic examination/rank_0_000000_fr0.0_cr1.0442edit.png","{'Atelectasis': 0, 'Cardiomegaly': 0, 'Consolidation': 0, 'Edema': 0, 'Enlarged Cardiomediastinum': 0, 'Fracture': 0, 'Lung Lesion': 0, 'Lung Opacity': 0, 'No Finding': 1, 'Pleural Effusion': 0, 'Pleural Other': 0, 'Pneumonia': 0, 'Pneumothorax': 0, 'Support Devices': 1}"
"/home/michel/data/Text2Image/mimicxr_train_100/_val_e46_generate_text_top0.85r,edit/No acute cardiopulmonary process. Unremarkable chest radiographic examination/rank_0_000000_fr0.0_cr1.0443edit.png","{'Atelectasis': 0, 'Cardiomegaly': 0, 'Consolidation': 0, 'Edema': 0, 'Enlarged Cardiomediastinum': 0, 'Fracture': 0, 'Lung Lesion': 0, 'Lung Opacity': 0, 'No Finding': 1, 'Pleural Effusion': 0, 'Pleural Other': 0, 'Pneumonia': 0, 'Pneumothorax': 0, 'Support Devices': 0}"
"/home/michel/data/Text2Image/mimicxr_train_100/_val_e46_generate_text_top0.85r,edit/No acute cardiopulmonary process. Unremarkable chest radiographic examination/rank_0_000000_fr0.0_cr1.0444edit.png","{'Atelectasis': 0, 'Cardiomegaly': 0, 'Consolidation': 0, 'Edema': 0, 'Enlarged Cardiomediastinum': 0, 'Fracture': 0, 'Lung Lesion': 0, 'Lung Opacity': 0, 'No Finding': 1, 'Pleural Effusion': 0, 'Pleural Other': 0, 'Pneumonia': 0, 'Pneumothorax': 0, 'Support Devices': 1}"
"/home/michel/data/Text2Image/mimicxr_train_100/_val_e46_generate_text_top0.85r,edit/No acute cardiopulmonary process. Unremarkable chest radiographic examination/rank_0_000000_fr0.0_cr1.0445edit.png","{'Atelectasis': 0, 'Cardiomegaly': 0, 'Consolidation': 0, 'Edema': 0, 'Enlarged Cardiomediastinum': 0, 'Fracture': 0, 'Lung Lesion': 0, 'Lung Opacity': 0, 'No Finding': 1, 'Pleural Effusion': 0, 'Pleural Other': 0, 'Pneumonia': 0, 'Pneumothorax': 0, 'Support Devices': 0}"
"/home/michel/data/Text2Image/mimicxr_train_100/_val_e46_generate_text_top0.85r,edit/No acute cardiopulmonary process. Unremarkable chest radiographic examination/rank_0_000000_fr0.0_cr1.0446edit.png","{'Atelectasis': 0, 'Cardiomegaly': 0, 'Consolidation': 0, 'Edema': 0, 'Enlarged Cardiomediastinum': 0, 'Fracture': 0, 'Lung Lesion': 0, 'Lung Opacity': 0, 'No Finding': 1, 'Pleural Effusion': 0, 'Pleural Other': 0, 'Pneumonia': 0, 'Pneumothorax': 0, 'Support Devices': 1}"
"/home/michel/data/Text2Image/mimicxr_train_100/_val_e46_generate_text_top0.85r,edit/No acute cardiopulmonary process. Unremarkable chest radiographic examination/rank_0_000000_fr0.0_cr1.0447edit.png","{'Atelectasis': 0, 'Cardiomegaly': 0, 'Consolidation': 0, 'Edema': 0, 'Enlarged Cardiomediastinum': 0, 'Fracture': 0, 'Lung Lesion': 0, 'Lung Opacity': 0, 'No Finding': 1, 'Pleural Effusion': 0, 'Pleural Other': 0, 'Pneumonia': 0, 'Pneumothorax': 0, 'Support Devices': 0}"
"/home/michel/data/Text2Image/mimicxr_train_100/_val_e46_generate_text_top0.85r,edit/No acute cardiopulmonary process. Unremarkable chest radiographic examination/rank_0_000000_fr0.0_cr1.0448edit.png","{'Atelectasis': 0, 'Cardiomegaly': 0, 'Consolidation': 0, 'Edema': 0, 'Enlarged Cardiomediastinum': 0, 'Fracture': 0, 'Lung Lesion': 0, 'Lung Opacity': 0, 'No Finding': 1, 'Pleural Effusion': 0, 'Pleural Other': 0, 'Pneumonia': 0, 'Pneumothorax': 0, 'Support Devices': 0}"
"/home/michel/data/Text2Image/mimicxr_train_100/_val_e46_generate_text_top0.85r,edit/No acute cardiopulmonary process. Unremarkable chest radiographic examination/rank_0_000000_fr0.0_cr1.0449edit.png","{'Atelectasis': 0, 'Cardiomegaly': 0, 'Consolidation': 0, 'Edema': 0, 'Enlarged Cardiomediastinum': 0, 'Fracture': 0, 'Lung Lesion': 0, 'Lung Opacity': 0, 'No Finding': 1, 'Pleural Effusion': 0, 'Pleural Other': 0, 'Pneumonia': 0, 'Pneumothorax': 0, 'Support Devices': 0}"
"/home/michel/data/Text2Image/mimicxr_train_100/_val_e46_generate_text_top0.85r,edit/No acute cardiopulmonary process. Unremarkable chest radiographic examination/rank_0_000000_fr0.0_cr1.0450edit.png","{'Atelectasis': 0, 'Cardiomegaly': 0, 'Consolidation': 0, 'Edema': 0, 'Enlarged Cardiomediastinum': 0, 'Fracture': 0, 'Lung Lesion': 0, 'Lung Opacity': 0, 'No Finding': 1, 'Pleural Effusion': 0, 'Pleural Other': 0, 'Pneumonia': 0, 'Pneumothorax': 0, 'Support Devices': 0}"
"/home/michel/data/Text2Image/mimicxr_train_100/_val_e46_generate_text_top0.85r,edit/No acute cardiopulmonary process. Unremarkable chest radiographic examination/rank_0_000000_fr0.0_cr1.0451edit.png","{'Atelectasis': 0, 'Cardiomegaly': 0, 'Consolidation': 0, 'Edema': 0, 'Enlarged Cardiomediastinum': 0, 'Fracture': 0, 'Lung Lesion': 0, 'Lung Opacity': 0, 'No Finding': 1, 'Pleural Effusion': 0, 'Pleural Other': 0, 'Pneumonia': 0, 'Pneumothorax': 0, 'Support Devices': 0}"
"/home/michel/data/Text2Image/mimicxr_train_100/_val_e46_generate_text_top0.85r,edit/No acute cardiopulmonary process. Unremarkable chest radiographic examination/rank_0_000000_fr0.0_cr1.0452edit.png","{'Atelectasis': 0, 'Cardiomegaly': 0, 'Consolidation': 0, 'Edema': 0, 'Enlarged Cardiomediastinum': 0, 'Fracture': 0, 'Lung Lesion': 0, 'Lung Opacity': 0, 'No Finding': 1, 'Pleural Effusion': 0, 'Pleural Other': 0, 'Pneumonia': 0, 'Pneumothorax': 0, 'Support Devices': 0}"
"/home/michel/data/Text2Image/mimicxr_train_100/_val_e46_generate_text_top0.85r,edit/No acute cardiopulmonary process. Unremarkable chest radiographic examination/rank_0_000000_fr0.0_cr1.0453edit.png","{'Atelectasis': 0, 'Cardiomegaly': 0, 'Consolidation': 0, 'Edema': 0, 'Enlarged Cardiomediastinum': 0, 'Fracture': 0, 'Lung Lesion': 0, 'Lung Opacity': 0, 'No Finding': 1, 'Pleural Effusion': 0, 'Pleural Other': 0, 'Pneumonia': 0, 'Pneumothorax': 0, 'Support Devices': 0}"
"/home/michel/data/Text2Image/mimicxr_train_100/_val_e46_generate_text_top0.85r,edit/No acute cardiopulmonary process. Unremarkable chest radiographic examination/rank_0_000000_fr0.0_cr1.0454edit.png","{'Atelectasis': 0, 'Cardiomegaly': 0, 'Consolidation': 0, 'Edema': 0, 'Enlarged Cardiomediastinum': 0, 'Fracture': 0, 'Lung Lesion': 0, 'Lung Opacity': 0, 'No Finding': 1, 'Pleural Effusion': 0, 'Pleural Other': 0, 'Pneumonia': 0, 'Pneumothorax': 0, 'Support Devices': 0}"
"/home/michel/data/Text2Image/mimicxr_train_100/_val_e46_generate_text_top0.85r,edit/No acute cardiopulmonary process. Unremarkable chest radiographic examination/rank_0_000000_fr0.0_cr1.0455edit.png","{'Atelectasis': 0, 'Cardiomegaly': 0, 'Consolidation': 0, 'Edema': 0, 'Enlarged Cardiomediastinum': 0, 'Fracture': 0, 'Lung Lesion': 0, 'Lung Opacity': 0, 'No Finding': 1, 'Pleural Effusion': 0, 'Pleural Other': 0, 'Pneumonia': 0, 'Pneumothorax': 0, 'Support Devices': 0}"
"/home/michel/data/Text2Image/mimicxr_train_100/_val_e46_generate_text_top0.85r,edit/No acute cardiopulmonary process. Unremarkable chest radiographic examination/rank_0_000000_fr0.0_cr1.0456edit.png","{'Atelectasis': 0, 'Cardiomegaly': 0, 'Consolidation': 0, 'Edema': 0, 'Enlarged Cardiomediastinum': 0, 'Fracture': 0, 'Lung Lesion': 0, 'Lung Opacity': 0, 'No Finding': 1, 'Pleural Effusion': 0, 'Pleural Other': 0, 'Pneumonia': 0, 'Pneumothorax': 0, 'Support Devices': 0}"
"/home/michel/data/Text2Image/mimicxr_train_100/_val_e46_generate_text_top0.85r,edit/No acute cardiopulmonary process. Unremarkable chest radiographic examination/rank_0_000000_fr0.0_cr1.0457edit.png","{'Atelectasis': 0, 'Cardiomegaly': 0, 'Consolidation': 0, 'Edema': 0, 'Enlarged Cardiomediastinum': 0, 'Fracture': 0, 'Lung Lesion': 0, 'Lung Opacity': 0, 'No Finding': 1, 'Pleural Effusion': 0, 'Pleural Other': 0, 'Pneumonia': 0, 'Pneumothorax': 0, 'Support Devices': 0}"
"/home/michel/data/Text2Image/mimicxr_train_100/_val_e46_generate_text_top0.85r,edit/No acute cardiopulmonary process. Unremarkable chest radiographic examination/rank_0_000000_fr0.0_cr1.0458edit.png","{'Atelectasis': 0, 'Cardiomegaly': 0, 'Consolidation': 0, 'Edema': 0, 'Enlarged Cardiomediastinum': 0, 'Fracture': 0, 'Lung Lesion': 0, 'Lung Opacity': 0, 'No Finding': 1, 'Pleural Effusion': 0, 'Pleural Other': 0, 'Pneumonia': 0, 'Pneumothorax': 0, 'Support Devices': 1}"
"/home/michel/data/Text2Image/mimicxr_train_100/_val_e46_generate_text_top0.85r,edit/No acute cardiopulmonary process. Unremarkable chest radiographic examination/rank_0_000000_fr0.0_cr1.0459edit.png","{'Atelectasis': 0, 'Cardiomegaly': 0, 'Consolidation': 0, 'Edema': 0, 'Enlarged Cardiomediastinum': 0, 'Fracture': 0, 'Lung Lesion': 0, 'Lung Opacity': 0, 'No Finding': 1, 'Pleural Effusion': 0, 'Pleural Other': 0, 'Pneumonia': 0, 'Pneumothorax': 0, 'Support Devices': 0}"
"/home/michel/data/Text2Image/mimicxr_train_100/_val_e46_generate_text_top0.85r,edit/No acute cardiopulmonary process. Unremarkable chest radiographic examination/rank_0_000000_fr0.0_cr1.0460edit.png","{'Atelectasis': 0, 'Cardiomegaly': 0, 'Consolidation': 0, 'Edema': 0, 'Enlarged Cardiomediastinum': 0, 'Fracture': 0, 'Lung Lesion': 0, 'Lung Opacity': 0, 'No Finding': 1, 'Pleural Effusion': 0, 'Pleural Other': 0, 'Pneumonia': 0, 'Pneumothorax': 0, 'Support Devices': 0}"
"/home/michel/data/Text2Image/mimicxr_train_100/_val_e46_generate_text_top0.85r,edit/No acute cardiopulmonary process. Unremarkable chest radiographic examination/rank_0_000000_fr0.0_cr1.0461edit.png","{'Atelectasis': 0, 'Cardiomegaly': 0, 'Consolidation': 0, 'Edema': 0, 'Enlarged Cardiomediastinum': 0, 'Fracture': 0, 'Lung Lesion': 0, 'Lung Opacity': 0, 'No Finding': 1, 'Pleural Effusion': 0, 'Pleural Other': 0, 'Pneumonia': 0, 'Pneumothorax': 0, 'Support Devices': 0}"
"/home/michel/data/Text2Image/mimicxr_train_100/_val_e46_generate_text_top0.85r,edit/No acute cardiopulmonary process. Unremarkable chest radiographic examination/rank_0_000000_fr0.0_cr1.0462edit.png","{'Atelectasis': 0, 'Cardiomegaly': 0, 'Consolidation': 0, 'Edema': 0, 'Enlarged Cardiomediastinum': 0, 'Fracture': 0, 'Lung Lesion': 0, 'Lung Opacity': 0, 'No Finding': 1, 'Pleural Effusion': 0, 'Pleural Other': 0, 'Pneumonia': 0, 'Pneumothorax': 0, 'Support Devices': 0}"
"/home/michel/data/Text2Image/mimicxr_train_100/_val_e46_generate_text_top0.85r,edit/No acute cardiopulmonary process. Unremarkable chest radiographic examination/rank_0_000000_fr0.0_cr1.0463edit.png","{'Atelectasis': 0, 'Cardiomegaly': 0, 'Consolidation': 0, 'Edema': 0, 'Enlarged Cardiomediastinum': 0, 'Fracture': 0, 'Lung Lesion': 0, 'Lung Opacity': 0, 'No Finding': 1, 'Pleural Effusion': 0, 'Pleural Other': 0, 'Pneumonia': 0, 'Pneumothorax': 0, 'Support Devices': 1}"
"/home/michel/data/Text2Image/mimicxr_train_100/_val_e46_generate_text_top0.85r,edit/No acute cardiopulmonary process. Unremarkable chest radiographic examination/rank_0_000000_fr0.0_cr1.0464edit.png","{'Atelectasis': 0, 'Cardiomegaly': 0, 'Consolidation': 0, 'Edema': 0, 'Enlarged Cardiomediastinum': 0, 'Fracture': 0, 'Lung Lesion': 0, 'Lung Opacity': 0, 'No Finding': 1, 'Pleural Effusion': 0, 'Pleural Other': 0, 'Pneumonia': 0, 'Pneumothorax': 0, 'Support Devices': 0}"
"/home/michel/data/Text2Image/mimicxr_train_100/_val_e46_generate_text_top0.85r,edit/No acute cardiopulmonary process. Unremarkable chest radiographic examination/rank_0_000000_fr0.0_cr1.0465edit.png","{'Atelectasis': 0, 'Cardiomegaly': 0, 'Consolidation': 0, 'Edema': 0, 'Enlarged Cardiomediastinum': 0, 'Fracture': 0, 'Lung Lesion': 0, 'Lung Opacity': 0, 'No Finding': 1, 'Pleural Effusion': 0, 'Pleural Other': 0, 'Pneumonia': 0, 'Pneumothorax': 0, 'Support Devices': 0}"
"/home/michel/data/Text2Image/mimicxr_train_100/_val_e46_generate_text_top0.85r,edit/No acute cardiopulmonary process. Unremarkable chest radiographic examination/rank_0_000000_fr0.0_cr1.0466edit.png","{'Atelectasis': 0, 'Cardiomegaly': 0, 'Consolidation': 0, 'Edema': 0, 'Enlarged Cardiomediastinum': 0, 'Fracture': 0, 'Lung Lesion': 0, 'Lung Opacity': 0, 'No Finding': 1, 'Pleural Effusion': 0, 'Pleural Other': 0, 'Pneumonia': 0, 'Pneumothorax': 0, 'Support Devices': 0}"
"/home/michel/data/Text2Image/mimicxr_train_100/_val_e46_generate_text_top0.85r,edit/No acute cardiopulmonary process. Unremarkable chest radiographic examination/rank_0_000000_fr0.0_cr1.0467edit.png","{'Atelectasis': 0, 'Cardiomegaly': 0, 'Consolidation': 0, 'Edema': 0, 'Enlarged Cardiomediastinum': 0, 'Fracture': 0, 'Lung Lesion': 0, 'Lung Opacity': 0, 'No Finding': 1, 'Pleural Effusion': 0, 'Pleural Other': 0, 'Pneumonia': 0, 'Pneumothorax': 0, 'Support Devices': 0}"
"/home/michel/data/Text2Image/mimicxr_train_100/_val_e46_generate_text_top0.85r,edit/No acute cardiopulmonary process. Unremarkable chest radiographic examination/rank_0_000000_fr0.0_cr1.0468edit.png","{'Atelectasis': 0, 'Cardiomegaly': 0, 'Consolidation': 0, 'Edema': 0, 'Enlarged Cardiomediastinum': 0, 'Fracture': 0, 'Lung Lesion': 0, 'Lung Opacity': 0, 'No Finding': 1, 'Pleural Effusion': 0, 'Pleural Other': 0, 'Pneumonia': 0, 'Pneumothorax': 0, 'Support Devices': 0}"
"/home/michel/data/Text2Image/mimicxr_train_100/_val_e46_generate_text_top0.85r,edit/No acute cardiopulmonary process. Unremarkable chest radiographic examination/rank_0_000000_fr0.0_cr1.0469edit.png","{'Atelectasis': 0, 'Cardiomegaly': 0, 'Consolidation': 0, 'Edema': 0, 'Enlarged Cardiomediastinum': 0, 'Fracture': 0, 'Lung Lesion': 0, 'Lung Opacity': 0, 'No Finding': 1, 'Pleural Effusion': 0, 'Pleural Other': 0, 'Pneumonia': 0, 'Pneumothorax': 0, 'Support Devices': 0}"
"/home/michel/data/Text2Image/mimicxr_train_100/_val_e46_generate_text_top0.85r,edit/No acute cardiopulmonary process. Unremarkable chest radiographic examination/rank_0_000000_fr0.0_cr1.0470edit.png","{'Atelectasis': 0, 'Cardiomegaly': 0, 'Consolidation': 0, 'Edema': 0, 'Enlarged Cardiomediastinum': 0, 'Fracture': 0, 'Lung Lesion': 0, 'Lung Opacity': 0, 'No Finding': 1, 'Pleural Effusion': 0, 'Pleural Other': 0, 'Pneumonia': 0, 'Pneumothorax': 0, 'Support Devices': 0}"
"/home/michel/data/Text2Image/mimicxr_train_100/_val_e46_generate_text_top0.85r,edit/No acute cardiopulmonary process. Unremarkable chest radiographic examination/rank_0_000000_fr0.0_cr1.0471edit.png","{'Atelectasis': 0, 'Cardiomegaly': 0, 'Consolidation': 0, 'Edema': 0, 'Enlarged Cardiomediastinum': 0, 'Fracture': 0, 'Lung Lesion': 0, 'Lung Opacity': 0, 'No Finding': 1, 'Pleural Effusion': 0, 'Pleural Other': 0, 'Pneumonia': 0, 'Pneumothorax': 0, 'Support Devices': 0}"
"/home/michel/data/Text2Image/mimicxr_train_100/_val_e46_generate_text_top0.85r,edit/No acute cardiopulmonary process. Unremarkable chest radiographic examination/rank_0_000000_fr0.0_cr1.0472edit.png","{'Atelectasis': 0, 'Cardiomegaly': 0, 'Consolidation': 0, 'Edema': 0, 'Enlarged Cardiomediastinum': 0, 'Fracture': 0, 'Lung Lesion': 0, 'Lung Opacity': 0, 'No Finding': 1, 'Pleural Effusion': 0, 'Pleural Other': 0, 'Pneumonia': 0, 'Pneumothorax': 0, 'Support Devices': 0}"
"/home/michel/data/Text2Image/mimicxr_train_100/_val_e46_generate_text_top0.85r,edit/No acute cardiopulmonary process. Unremarkable chest radiographic examination/rank_0_000000_fr0.0_cr1.0473edit.png","{'Atelectasis': 0, 'Cardiomegaly': 0, 'Consolidation': 0, 'Edema': 0, 'Enlarged Cardiomediastinum': 0, 'Fracture': 0, 'Lung Lesion': 0, 'Lung Opacity': 0, 'No Finding': 1, 'Pleural Effusion': 0, 'Pleural Other': 0, 'Pneumonia': 0, 'Pneumothorax': 0, 'Support Devices': 0}"
"/home/michel/data/Text2Image/mimicxr_train_100/_val_e46_generate_text_top0.85r,edit/No acute cardiopulmonary process. Unremarkable chest radiographic examination/rank_0_000000_fr0.0_cr1.0474edit.png","{'Atelectasis': 0, 'Cardiomegaly': 0, 'Consolidation': 0, 'Edema': 0, 'Enlarged Cardiomediastinum': 0, 'Fracture': 0, 'Lung Lesion': 0, 'Lung Opacity': 0, 'No Finding': 1, 'Pleural Effusion': 0, 'Pleural Other': 0, 'Pneumonia': 0, 'Pneumothorax': 0, 'Support Devices': 0}"
"/home/michel/data/Text2Image/mimicxr_train_100/_val_e46_generate_text_top0.85r,edit/No acute cardiopulmonary process. Unremarkable chest radiographic examination/rank_0_000000_fr0.0_cr1.0475edit.png","{'Atelectasis': 0, 'Cardiomegaly': 0, 'Consolidation': 0, 'Edema': 0, 'Enlarged Cardiomediastinum': 0, 'Fracture': 0, 'Lung Lesion': 0, 'Lung Opacity': 0, 'No Finding': 1, 'Pleural Effusion': 0, 'Pleural Other': 0, 'Pneumonia': 0, 'Pneumothorax': 0, 'Support Devices': 0}"
"/home/michel/data/Text2Image/mimicxr_train_100/_val_e46_generate_text_top0.85r,edit/No acute cardiopulmonary process. Unremarkable chest radiographic examination/rank_0_000000_fr0.0_cr1.0476edit.png","{'Atelectasis': 0, 'Cardiomegaly': 0, 'Consolidation': 0, 'Edema': 0, 'Enlarged Cardiomediastinum': 0, 'Fracture': 0, 'Lung Lesion': 0, 'Lung Opacity': 0, 'No Finding': 1, 'Pleural Effusion': 0, 'Pleural Other': 0, 'Pneumonia': 0, 'Pneumothorax': 0, 'Support Devices': 0}"
"/home/michel/data/Text2Image/mimicxr_train_100/_val_e46_generate_text_top0.85r,edit/No acute cardiopulmonary process. Unremarkable chest radiographic examination/rank_0_000000_fr0.0_cr1.0477edit.png","{'Atelectasis': 0, 'Cardiomegaly': 0, 'Consolidation': 0, 'Edema': 0, 'Enlarged Cardiomediastinum': 0, 'Fracture': 0, 'Lung Lesion': 0, 'Lung Opacity': 0, 'No Finding': 1, 'Pleural Effusion': 0, 'Pleural Other': 0, 'Pneumonia': 0, 'Pneumothorax': 0, 'Support Devices': 1}"
"/home/michel/data/Text2Image/mimicxr_train_100/_val_e46_generate_text_top0.85r,edit/No acute cardiopulmonary process. Unremarkable chest radiographic examination/rank_0_000000_fr0.0_cr1.0478edit.png","{'Atelectasis': 0, 'Cardiomegaly': 0, 'Consolidation': 0, 'Edema': 0, 'Enlarged Cardiomediastinum': 0, 'Fracture': 0, 'Lung Lesion': 0, 'Lung Opacity': 0, 'No Finding': 1, 'Pleural Effusion': 0, 'Pleural Other': 0, 'Pneumonia': 0, 'Pneumothorax': 0, 'Support Devices': 1}"
"/home/michel/data/Text2Image/mimicxr_train_100/_val_e46_generate_text_top0.85r,edit/No acute cardiopulmonary process. Unremarkable chest radiographic examination/rank_0_000000_fr0.0_cr1.0479edit.png","{'Atelectasis': 0, 'Cardiomegaly': 0, 'Consolidation': 0, 'Edema': 0, 'Enlarged Cardiomediastinum': 0, 'Fracture': 0, 'Lung Lesion': 0, 'Lung Opacity': 0, 'No Finding': 1, 'Pleural Effusion': 0, 'Pleural Other': 0, 'Pneumonia': 0, 'Pneumothorax': 0, 'Support Devices': 0}"
"/home/michel/data/Text2Image/mimicxr_train_100/_val_e46_generate_text_top0.85r,edit/No acute cardiopulmonary process. Unremarkable chest radiographic examination/rank_0_000000_fr0.0_cr1.0480edit.png","{'Atelectasis': 0, 'Cardiomegaly': 0, 'Consolidation': 0, 'Edema': 0, 'Enlarged Cardiomediastinum': 0, 'Fracture': 0, 'Lung Lesion': 0, 'Lung Opacity': 0, 'No Finding': 1, 'Pleural Effusion': 0, 'Pleural Other': 0, 'Pneumonia': 0, 'Pneumothorax': 0, 'Support Devices': 0}"
"/home/michel/data/Text2Image/mimicxr_train_100/_val_e46_generate_text_top0.85r,edit/No acute cardiopulmonary process. Unremarkable chest radiographic examination/rank_0_000000_fr0.0_cr1.0481edit.png","{'Atelectasis': 0, 'Cardiomegaly': 0, 'Consolidation': 0, 'Edema': 0, 'Enlarged Cardiomediastinum': 0, 'Fracture': 0, 'Lung Lesion': 0, 'Lung Opacity': 0, 'No Finding': 1, 'Pleural Effusion': 0, 'Pleural Other': 0, 'Pneumonia': 0, 'Pneumothorax': 0, 'Support Devices': 0}"
"/home/michel/data/Text2Image/mimicxr_train_100/_val_e46_generate_text_top0.85r,edit/No acute cardiopulmonary process. Unremarkable chest radiographic examination/rank_0_000000_fr0.0_cr1.0482edit.png","{'Atelectasis': 0, 'Cardiomegaly': 0, 'Consolidation': 0, 'Edema': 0, 'Enlarged Cardiomediastinum': 0, 'Fracture': 0, 'Lung Lesion': 0, 'Lung Opacity': 0, 'No Finding': 1, 'Pleural Effusion': 0, 'Pleural Other': 0, 'Pneumonia': 0, 'Pneumothorax': 0, 'Support Devices': 0}"
"/home/michel/data/Text2Image/mimicxr_train_100/_val_e46_generate_text_top0.85r,edit/No acute cardiopulmonary process. Unremarkable chest radiographic examination/rank_0_000000_fr0.0_cr1.0483edit.png","{'Atelectasis': 0, 'Cardiomegaly': 0, 'Consolidation': 0, 'Edema': 0, 'Enlarged Cardiomediastinum': 0, 'Fracture': 0, 'Lung Lesion': 0, 'Lung Opacity': 0, 'No Finding': 1, 'Pleural Effusion': 0, 'Pleural Other': 0, 'Pneumonia': 0, 'Pneumothorax': 0, 'Support Devices': 0}"
"/home/michel/data/Text2Image/mimicxr_train_100/_val_e46_generate_text_top0.85r,edit/No acute cardiopulmonary process. Unremarkable chest radiographic examination/rank_0_000000_fr0.0_cr1.0484edit.png","{'Atelectasis': 0, 'Cardiomegaly': 0, 'Consolidation': 0, 'Edema': 0, 'Enlarged Cardiomediastinum': 0, 'Fracture': 0, 'Lung Lesion': 0, 'Lung Opacity': 0, 'No Finding': 1, 'Pleural Effusion': 0, 'Pleural Other': 0, 'Pneumonia': 0, 'Pneumothorax': 0, 'Support Devices': 0}"
"/home/michel/data/Text2Image/mimicxr_train_100/_val_e46_generate_text_top0.85r,edit/No acute cardiopulmonary process. Unremarkable chest radiographic examination/rank_0_000000_fr0.0_cr1.0485edit.png","{'Atelectasis': 0, 'Cardiomegaly': 0, 'Consolidation': 0, 'Edema': 0, 'Enlarged Cardiomediastinum': 0, 'Fracture': 0, 'Lung Lesion': 0, 'Lung Opacity': 0, 'No Finding': 1, 'Pleural Effusion': 0, 'Pleural Other': 0, 'Pneumonia': 0, 'Pneumothorax': 0, 'Support Devices': 0}"
"/home/michel/data/Text2Image/mimicxr_train_100/_val_e46_generate_text_top0.85r,edit/No acute cardiopulmonary process. Unremarkable chest radiographic examination/rank_0_000000_fr0.0_cr1.0486edit.png","{'Atelectasis': 0, 'Cardiomegaly': 0, 'Consolidation': 0, 'Edema': 0, 'Enlarged Cardiomediastinum': 0, 'Fracture': 0, 'Lung Lesion': 0, 'Lung Opacity': 0, 'No Finding': 1, 'Pleural Effusion': 0, 'Pleural Other': 0, 'Pneumonia': 0, 'Pneumothorax': 0, 'Support Devices': 0}"
"/home/michel/data/Text2Image/mimicxr_train_100/_val_e46_generate_text_top0.85r,edit/No acute cardiopulmonary process. Unremarkable chest radiographic examination/rank_0_000000_fr0.0_cr1.0487edit.png","{'Atelectasis': 0, 'Cardiomegaly': 0, 'Consolidation': 0, 'Edema': 0, 'Enlarged Cardiomediastinum': 0, 'Fracture': 0, 'Lung Lesion': 0, 'Lung Opacity': 0, 'No Finding': 1, 'Pleural Effusion': 0, 'Pleural Other': 0, 'Pneumonia': 0, 'Pneumothorax': 0, 'Support Devices': 0}"
"/home/michel/data/Text2Image/mimicxr_train_100/_val_e46_generate_text_top0.85r,edit/No acute cardiopulmonary process. Unremarkable chest radiographic examination/rank_0_000000_fr0.0_cr1.0488edit.png","{'Atelectasis': 0, 'Cardiomegaly': 0, 'Consolidation': 0, 'Edema': 0, 'Enlarged Cardiomediastinum': 0, 'Fracture': 0, 'Lung Lesion': 0, 'Lung Opacity': 0, 'No Finding': 1, 'Pleural Effusion': 0, 'Pleural Other': 0, 'Pneumonia': 0, 'Pneumothorax': 0, 'Support Devices': 0}"
"/home/michel/data/Text2Image/mimicxr_train_100/_val_e46_generate_text_top0.85r,edit/No acute cardiopulmonary process. Unremarkable chest radiographic examination/rank_0_000000_fr0.0_cr1.0489edit.png","{'Atelectasis': 0, 'Cardiomegaly': 0, 'Consolidation': 0, 'Edema': 0, 'Enlarged Cardiomediastinum': 0, 'Fracture': 0, 'Lung Lesion': 0, 'Lung Opacity': 0, 'No Finding': 1, 'Pleural Effusion': 0, 'Pleural Other': 0, 'Pneumonia': 0, 'Pneumothorax': 0, 'Support Devices': 0}"
"/home/michel/data/Text2Image/mimicxr_train_100/_val_e46_generate_text_top0.85r,edit/No acute cardiopulmonary process. Unremarkable chest radiographic examination/rank_0_000000_fr0.0_cr1.0490edit.png","{'Atelectasis': 0, 'Cardiomegaly': 0, 'Consolidation': 0, 'Edema': 0, 'Enlarged Cardiomediastinum': 0, 'Fracture': 0, 'Lung Lesion': 0, 'Lung Opacity': 0, 'No Finding': 1, 'Pleural Effusion': 0, 'Pleural Other': 0, 'Pneumonia': 0, 'Pneumothorax': 0, 'Support Devices': 0}"
"/home/michel/data/Text2Image/mimicxr_train_100/_val_e46_generate_text_top0.85r,edit/No acute cardiopulmonary process. Unremarkable chest radiographic examination/rank_0_000000_fr0.0_cr1.0491edit.png","{'Atelectasis': 0, 'Cardiomegaly': 0, 'Consolidation': 0, 'Edema': 0, 'Enlarged Cardiomediastinum': 0, 'Fracture': 0, 'Lung Lesion': 0, 'Lung Opacity': 0, 'No Finding': 1, 'Pleural Effusion': 0, 'Pleural Other': 0, 'Pneumonia': 0, 'Pneumothorax': 0, 'Support Devices': 0}"
"/home/michel/data/Text2Image/mimicxr_train_100/_val_e46_generate_text_top0.85r,edit/No acute cardiopulmonary process. Unremarkable chest radiographic examination/rank_0_000000_fr0.0_cr1.0492edit.png","{'Atelectasis': 0, 'Cardiomegaly': 0, 'Consolidation': 0, 'Edema': 0, 'Enlarged Cardiomediastinum': 0, 'Fracture': 0, 'Lung Lesion': 0, 'Lung Opacity': 0, 'No Finding': 1, 'Pleural Effusion': 0, 'Pleural Other': 0, 'Pneumonia': 0, 'Pneumothorax': 0, 'Support Devices': 0}"
"/home/michel/data/Text2Image/mimicxr_train_100/_val_e46_generate_text_top0.85r,edit/No acute cardiopulmonary process. Unremarkable chest radiographic examination/rank_0_000000_fr0.0_cr1.0493edit.png","{'Atelectasis': 0, 'Cardiomegaly': 0, 'Consolidation': 0, 'Edema': 0, 'Enlarged Cardiomediastinum': 0, 'Fracture': 0, 'Lung Lesion': 0, 'Lung Opacity': 0, 'No Finding': 1, 'Pleural Effusion': 0, 'Pleural Other': 0, 'Pneumonia': 0, 'Pneumothorax': 0, 'Support Devices': 0}"
"/home/michel/data/Text2Image/mimicxr_train_100/_val_e46_generate_text_top0.85r,edit/No acute cardiopulmonary process. Unremarkable chest radiographic examination/rank_0_000000_fr0.0_cr1.0494edit.png","{'Atelectasis': 0, 'Cardiomegaly': 0, 'Consolidation': 0, 'Edema': 0, 'Enlarged Cardiomediastinum': 0, 'Fracture': 0, 'Lung Lesion': 0, 'Lung Opacity': 0, 'No Finding': 1, 'Pleural Effusion': 0, 'Pleural Other': 0, 'Pneumonia': 0, 'Pneumothorax': 0, 'Support Devices': 0}"
"/home/michel/data/Text2Image/mimicxr_train_100/_val_e46_generate_text_top0.85r,edit/No acute cardiopulmonary process. Unremarkable chest radiographic examination/rank_0_000000_fr0.0_cr1.0495edit.png","{'Atelectasis': 0, 'Cardiomegaly': 0, 'Consolidation': 0, 'Edema': 0, 'Enlarged Cardiomediastinum': 0, 'Fracture': 0, 'Lung Lesion': 0, 'Lung Opacity': 0, 'No Finding': 1, 'Pleural Effusion': 0, 'Pleural Other': 0, 'Pneumonia': 0, 'Pneumothorax': 0, 'Support Devices': 0}"
"/home/michel/data/Text2Image/mimicxr_train_100/_val_e46_generate_text_top0.85r,edit/No acute cardiopulmonary process. Unremarkable chest radiographic examination/rank_0_000000_fr0.0_cr1.0496edit.png","{'Atelectasis': 0, 'Cardiomegaly': 0, 'Consolidation': 0, 'Edema': 0, 'Enlarged Cardiomediastinum': 0, 'Fracture': 0, 'Lung Lesion': 0, 'Lung Opacity': 0, 'No Finding': 1, 'Pleural Effusion': 0, 'Pleural Other': 0, 'Pneumonia': 0, 'Pneumothorax': 0, 'Support Devices': 0}"
"/home/michel/data/Text2Image/mimicxr_train_100/_val_e46_generate_text_top0.85r,edit/No acute cardiopulmonary process. Unremarkable chest radiographic examination/rank_0_000000_fr0.0_cr1.0497edit.png","{'Atelectasis': 0, 'Cardiomegaly': 0, 'Consolidation': 0, 'Edema': 0, 'Enlarged Cardiomediastinum': 0, 'Fracture': 0, 'Lung Lesion': 0, 'Lung Opacity': 0, 'No Finding': 1, 'Pleural Effusion': 0, 'Pleural Other': 0, 'Pneumonia': 0, 'Pneumothorax': 0, 'Support Devices': 0}"
"/home/michel/data/Text2Image/mimicxr_train_100/_val_e46_generate_text_top0.85r,edit/No acute cardiopulmonary process. Unremarkable chest radiographic examination/rank_0_000000_fr0.0_cr1.0498edit.png","{'Atelectasis': 0, 'Cardiomegaly': 0, 'Consolidation': 0, 'Edema': 0, 'Enlarged Cardiomediastinum': 0, 'Fracture': 0, 'Lung Lesion': 0, 'Lung Opacity': 0, 'No Finding': 1, 'Pleural Effusion': 0, 'Pleural Other': 0, 'Pneumonia': 0, 'Pneumothorax': 0, 'Support Devices': 0}"
"/home/michel/data/Text2Image/mimicxr_train_100/_val_e46_generate_text_top0.85r,edit/No acute cardiopulmonary process. Unremarkable chest radiographic examination/rank_0_000000_fr0.0_cr1.0499edit.png","{'Atelectasis': 0, 'Cardiomegaly': 0, 'Consolidation': 0, 'Edema': 0, 'Enlarged Cardiomediastinum': 0, 'Fracture': 0, 'Lung Lesion': 0, 'Lung Opacity': 0, 'No Finding': 1, 'Pleural Effusion': 0, 'Pleural Other': 0, 'Pneumonia': 0, 'Pneumothorax': 0, 'Support Devices': 0}"
"/home/michel/data/Text2Image/mimicxr_train_100/_val_e46_generate_text_top0.85r,edit/No acute cardiopulmonary process. Unremarkable chest radiographic examination/rank_0_000000_fr0.0_cr1.0500edit.png","{'Atelectasis': 0, 'Cardiomegaly': 0, 'Consolidation': 0, 'Edema': 0, 'Enlarged Cardiomediastinum': 0, 'Fracture': 0, 'Lung Lesion': 0, 'Lung Opacity': 0, 'No Finding': 1, 'Pleural Effusion': 0, 'Pleural Other': 0, 'Pneumonia': 0, 'Pneumothorax': 0, 'Support Devices': 1}"
"/home/michel/data/Text2Image/mimicxr_train_100/_val_e46_generate_text_top0.85r,edit/No acute cardiopulmonary process. Unremarkable chest radiographic examination/rank_0_000000_fr0.0_cr1.0501edit.png","{'Atelectasis': 0, 'Cardiomegaly': 0, 'Consolidation': 0, 'Edema': 0, 'Enlarged Cardiomediastinum': 0, 'Fracture': 0, 'Lung Lesion': 0, 'Lung Opacity': 0, 'No Finding': 1, 'Pleural Effusion': 0, 'Pleural Other': 0, 'Pneumonia': 0, 'Pneumothorax': 0, 'Support Devices': 0}"
"/home/michel/data/Text2Image/mimicxr_train_100/_val_e46_generate_text_top0.85r,edit/No acute cardiopulmonary process. Unremarkable chest radiographic examination/rank_0_000000_fr0.0_cr1.0502edit.png","{'Atelectasis': 0, 'Cardiomegaly': 0, 'Consolidation': 0, 'Edema': 0, 'Enlarged Cardiomediastinum': 0, 'Fracture': 0, 'Lung Lesion': 0, 'Lung Opacity': 0, 'No Finding': 1, 'Pleural Effusion': 0, 'Pleural Other': 0, 'Pneumonia': 0, 'Pneumothorax': 0, 'Support Devices': 0}"
"/home/michel/data/Text2Image/mimicxr_train_100/_val_e46_generate_text_top0.85r,edit/No acute cardiopulmonary process. Unremarkable chest radiographic examination/rank_0_000000_fr0.0_cr1.0503edit.png","{'Atelectasis': 0, 'Cardiomegaly': 0, 'Consolidation': 0, 'Edema': 0, 'Enlarged Cardiomediastinum': 0, 'Fracture': 0, 'Lung Lesion': 0, 'Lung Opacity': 0, 'No Finding': 1, 'Pleural Effusion': 0, 'Pleural Other': 0, 'Pneumonia': 0, 'Pneumothorax': 0, 'Support Devices': 0}"
"/home/michel/data/Text2Image/mimicxr_train_100/_val_e46_generate_text_top0.85r,edit/No acute cardiopulmonary process. Unremarkable chest radiographic examination/rank_0_000000_fr0.0_cr1.0504edit.png","{'Atelectasis': 0, 'Cardiomegaly': 0, 'Consolidation': 0, 'Edema': 0, 'Enlarged Cardiomediastinum': 0, 'Fracture': 0, 'Lung Lesion': 0, 'Lung Opacity': 0, 'No Finding': 1, 'Pleural Effusion': 0, 'Pleural Other': 0, 'Pneumonia': 0, 'Pneumothorax': 0, 'Support Devices': 0}"
"/home/michel/data/Text2Image/mimicxr_train_100/_val_e46_generate_text_top0.85r,edit/No acute cardiopulmonary process. Unremarkable chest radiographic examination/rank_0_000000_fr0.0_cr1.0505edit.png","{'Atelectasis': 0, 'Cardiomegaly': 0, 'Consolidation': 0, 'Edema': 0, 'Enlarged Cardiomediastinum': 0, 'Fracture': 0, 'Lung Lesion': 0, 'Lung Opacity': 0, 'No Finding': 1, 'Pleural Effusion': 0, 'Pleural Other': 0, 'Pneumonia': 0, 'Pneumothorax': 0, 'Support Devices': 0}"
"/home/michel/data/Text2Image/mimicxr_train_100/_val_e46_generate_text_top0.85r,edit/No acute cardiopulmonary process. Unremarkable chest radiographic examination/rank_0_000000_fr0.0_cr1.0506edit.png","{'Atelectasis': 0, 'Cardiomegaly': 0, 'Consolidation': 0, 'Edema': 0, 'Enlarged Cardiomediastinum': 0, 'Fracture': 0, 'Lung Lesion': 0, 'Lung Opacity': 0, 'No Finding': 1, 'Pleural Effusion': 0, 'Pleural Other': 0, 'Pneumonia': 0, 'Pneumothorax': 0, 'Support Devices': 0}"
"/home/michel/data/Text2Image/mimicxr_train_100/_val_e46_generate_text_top0.85r,edit/No acute cardiopulmonary process. Unremarkable chest radiographic examination/rank_0_000000_fr0.0_cr1.0507edit.png","{'Atelectasis': 0, 'Cardiomegaly': 0, 'Consolidation': 0, 'Edema': 0, 'Enlarged Cardiomediastinum': 0, 'Fracture': 0, 'Lung Lesion': 0, 'Lung Opacity': 0, 'No Finding': 1, 'Pleural Effusion': 0, 'Pleural Other': 0, 'Pneumonia': 0, 'Pneumothorax': 0, 'Support Devices': 0}"
"/home/michel/data/Text2Image/mimicxr_train_100/_val_e46_generate_text_top0.85r,edit/No acute cardiopulmonary process. Unremarkable chest radiographic examination/rank_0_000000_fr0.0_cr1.0508edit.png","{'Atelectasis': 0, 'Cardiomegaly': 0, 'Consolidation': 0, 'Edema': 0, 'Enlarged Cardiomediastinum': 0, 'Fracture': 0, 'Lung Lesion': 0, 'Lung Opacity': 0, 'No Finding': 1, 'Pleural Effusion': 0, 'Pleural Other': 0, 'Pneumonia': 0, 'Pneumothorax': 0, 'Support Devices': 0}"
"/home/michel/data/Text2Image/mimicxr_train_100/_val_e46_generate_text_top0.85r,edit/No acute cardiopulmonary process. Unremarkable chest radiographic examination/rank_0_000000_fr0.0_cr1.0509edit.png","{'Atelectasis': 0, 'Cardiomegaly': 0, 'Consolidation': 0, 'Edema': 0, 'Enlarged Cardiomediastinum': 0, 'Fracture': 0, 'Lung Lesion': 0, 'Lung Opacity': 0, 'No Finding': 1, 'Pleural Effusion': 0, 'Pleural Other': 0, 'Pneumonia': 0, 'Pneumothorax': 0, 'Support Devices': 0}"
"/home/michel/data/Text2Image/mimicxr_train_100/_val_e46_generate_text_top0.85r,edit/No acute cardiopulmonary process. Unremarkable chest radiographic examination/rank_0_000000_fr0.0_cr1.0510edit.png","{'Atelectasis': 0, 'Cardiomegaly': 0, 'Consolidation': 0, 'Edema': 0, 'Enlarged Cardiomediastinum': 0, 'Fracture': 0, 'Lung Lesion': 0, 'Lung Opacity': 0, 'No Finding': 1, 'Pleural Effusion': 0, 'Pleural Other': 0, 'Pneumonia': 0, 'Pneumothorax': 0, 'Support Devices': 0}"
"/home/michel/data/Text2Image/mimicxr_train_100/_val_e46_generate_text_top0.85r,edit/No acute cardiopulmonary process. Unremarkable chest radiographic examination/rank_0_000000_fr0.0_cr1.0511edit.png","{'Atelectasis': 0, 'Cardiomegaly': 0, 'Consolidation': 0, 'Edema': 0, 'Enlarged Cardiomediastinum': 0, 'Fracture': 0, 'Lung Lesion': 0, 'Lung Opacity': 0, 'No Finding': 1, 'Pleural Effusion': 0, 'Pleural Other': 0, 'Pneumonia': 0, 'Pneumothorax': 0, 'Support Devices': 0}"
"/home/michel/data/Text2Image/mimicxr_train_100/_val_e46_generate_text_top0.85r,edit/No acute cardiopulmonary process. Unremarkable chest radiographic examination/rank_0_000000_fr0.0_cr1.0512edit.png","{'Atelectasis': 0, 'Cardiomegaly': 0, 'Consolidation': 0, 'Edema': 0, 'Enlarged Cardiomediastinum': 0, 'Fracture': 0, 'Lung Lesion': 0, 'Lung Opacity': 0, 'No Finding': 1, 'Pleural Effusion': 0, 'Pleural Other': 0, 'Pneumonia': 0, 'Pneumothorax': 0, 'Support Devices': 1}"
"/home/michel/data/Text2Image/mimicxr_train_100/_val_e46_generate_text_top0.85r,edit/No acute cardiopulmonary process. Unremarkable chest radiographic examination/rank_0_000000_fr0.0_cr1.0513edit.png","{'Atelectasis': 0, 'Cardiomegaly': 0, 'Consolidation': 0, 'Edema': 0, 'Enlarged Cardiomediastinum': 0, 'Fracture': 0, 'Lung Lesion': 0, 'Lung Opacity': 0, 'No Finding': 1, 'Pleural Effusion': 0, 'Pleural Other': 0, 'Pneumonia': 0, 'Pneumothorax': 0, 'Support Devices': 0}"
"/home/michel/data/Text2Image/mimicxr_train_100/_val_e46_generate_text_top0.85r,edit/No acute cardiopulmonary process. Unremarkable chest radiographic examination/rank_0_000000_fr0.0_cr1.0514edit.png","{'Atelectasis': 0, 'Cardiomegaly': 0, 'Consolidation': 0, 'Edema': 0, 'Enlarged Cardiomediastinum': 0, 'Fracture': 0, 'Lung Lesion': 0, 'Lung Opacity': 0, 'No Finding': 1, 'Pleural Effusion': 0, 'Pleural Other': 0, 'Pneumonia': 0, 'Pneumothorax': 0, 'Support Devices': 0}"
"/home/michel/data/Text2Image/mimicxr_train_100/_val_e46_generate_text_top0.85r,edit/No acute cardiopulmonary process. Unremarkable chest radiographic examination/rank_0_000000_fr0.0_cr1.0515edit.png","{'Atelectasis': 0, 'Cardiomegaly': 0, 'Consolidation': 0, 'Edema': 0, 'Enlarged Cardiomediastinum': 0, 'Fracture': 0, 'Lung Lesion': 0, 'Lung Opacity': 0, 'No Finding': 1, 'Pleural Effusion': 0, 'Pleural Other': 0, 'Pneumonia': 0, 'Pneumothorax': 0, 'Support Devices': 1}"
"/home/michel/data/Text2Image/mimicxr_train_100/_val_e46_generate_text_top0.85r,edit/No acute cardiopulmonary process. Unremarkable chest radiographic examination/rank_0_000000_fr0.0_cr1.0516edit.png","{'Atelectasis': 0, 'Cardiomegaly': 0, 'Consolidation': 0, 'Edema': 0, 'Enlarged Cardiomediastinum': 0, 'Fracture': 0, 'Lung Lesion': 0, 'Lung Opacity': 0, 'No Finding': 1, 'Pleural Effusion': 0, 'Pleural Other': 0, 'Pneumonia': 0, 'Pneumothorax': 0, 'Support Devices': 1}"
"/home/michel/data/Text2Image/mimicxr_train_100/_val_e46_generate_text_top0.85r,edit/No acute cardiopulmonary process. Unremarkable chest radiographic examination/rank_0_000000_fr0.0_cr1.0517edit.png","{'Atelectasis': 0, 'Cardiomegaly': 0, 'Consolidation': 0, 'Edema': 0, 'Enlarged Cardiomediastinum': 0, 'Fracture': 0, 'Lung Lesion': 0, 'Lung Opacity': 0, 'No Finding': 1, 'Pleural Effusion': 0, 'Pleural Other': 0, 'Pneumonia': 0, 'Pneumothorax': 0, 'Support Devices': 0}"
"/home/michel/data/Text2Image/mimicxr_train_100/_val_e46_generate_text_top0.85r,edit/No acute cardiopulmonary process. Unremarkable chest radiographic examination/rank_0_000000_fr0.0_cr1.0518edit.png","{'Atelectasis': 0, 'Cardiomegaly': 0, 'Consolidation': 0, 'Edema': 0, 'Enlarged Cardiomediastinum': 0, 'Fracture': 0, 'Lung Lesion': 0, 'Lung Opacity': 0, 'No Finding': 1, 'Pleural Effusion': 0, 'Pleural Other': 0, 'Pneumonia': 0, 'Pneumothorax': 0, 'Support Devices': 0}"
"/home/michel/data/Text2Image/mimicxr_train_100/_val_e46_generate_text_top0.85r,edit/No acute cardiopulmonary process. Unremarkable chest radiographic examination/rank_0_000000_fr0.0_cr1.0519edit.png","{'Atelectasis': 0, 'Cardiomegaly': 0, 'Consolidation': 0, 'Edema': 0, 'Enlarged Cardiomediastinum': 0, 'Fracture': 0, 'Lung Lesion': 0, 'Lung Opacity': 0, 'No Finding': 1, 'Pleural Effusion': 0, 'Pleural Other': 0, 'Pneumonia': 0, 'Pneumothorax': 0, 'Support Devices': 0}"
"/home/michel/data/Text2Image/mimicxr_train_100/_val_e46_generate_text_top0.85r,edit/No acute cardiopulmonary process. Unremarkable chest radiographic examination/rank_0_000000_fr0.0_cr1.0520edit.png","{'Atelectasis': 0, 'Cardiomegaly': 0, 'Consolidation': 0, 'Edema': 0, 'Enlarged Cardiomediastinum': 0, 'Fracture': 0, 'Lung Lesion': 0, 'Lung Opacity': 0, 'No Finding': 1, 'Pleural Effusion': 0, 'Pleural Other': 0, 'Pneumonia': 0, 'Pneumothorax': 0, 'Support Devices': 1}"
"/home/michel/data/Text2Image/mimicxr_train_100/_val_e46_generate_text_top0.85r,edit/No acute cardiopulmonary process. Unremarkable chest radiographic examination/rank_0_000000_fr0.0_cr1.0521edit.png","{'Atelectasis': 0, 'Cardiomegaly': 0, 'Consolidation': 0, 'Edema': 0, 'Enlarged Cardiomediastinum': 0, 'Fracture': 0, 'Lung Lesion': 0, 'Lung Opacity': 0, 'No Finding': 1, 'Pleural Effusion': 0, 'Pleural Other': 0, 'Pneumonia': 0, 'Pneumothorax': 0, 'Support Devices': 0}"
"/home/michel/data/Text2Image/mimicxr_train_100/_val_e46_generate_text_top0.85r,edit/No acute cardiopulmonary process. Unremarkable chest radiographic examination/rank_0_000000_fr0.0_cr1.0522edit.png","{'Atelectasis': 0, 'Cardiomegaly': 0, 'Consolidation': 0, 'Edema': 0, 'Enlarged Cardiomediastinum': 0, 'Fracture': 0, 'Lung Lesion': 0, 'Lung Opacity': 0, 'No Finding': 1, 'Pleural Effusion': 0, 'Pleural Other': 0, 'Pneumonia': 0, 'Pneumothorax': 0, 'Support Devices': 1}"
"/home/michel/data/Text2Image/mimicxr_train_100/_val_e46_generate_text_top0.85r,edit/No acute cardiopulmonary process. Unremarkable chest radiographic examination/rank_0_000000_fr0.0_cr1.0523edit.png","{'Atelectasis': 0, 'Cardiomegaly': 0, 'Consolidation': 0, 'Edema': 0, 'Enlarged Cardiomediastinum': 0, 'Fracture': 0, 'Lung Lesion': 0, 'Lung Opacity': 0, 'No Finding': 1, 'Pleural Effusion': 0, 'Pleural Other': 0, 'Pneumonia': 0, 'Pneumothorax': 0, 'Support Devices': 0}"
"/home/michel/data/Text2Image/mimicxr_train_100/_val_e46_generate_text_top0.85r,edit/No acute cardiopulmonary process. Unremarkable chest radiographic examination/rank_0_000000_fr0.0_cr1.0524edit.png","{'Atelectasis': 0, 'Cardiomegaly': 0, 'Consolidation': 0, 'Edema': 0, 'Enlarged Cardiomediastinum': 0, 'Fracture': 0, 'Lung Lesion': 0, 'Lung Opacity': 0, 'No Finding': 1, 'Pleural Effusion': 0, 'Pleural Other': 0, 'Pneumonia': 0, 'Pneumothorax': 0, 'Support Devices': 0}"
"/home/michel/data/Text2Image/mimicxr_train_100/_val_e46_generate_text_top0.85r,edit/No acute cardiopulmonary process. Unremarkable chest radiographic examination/rank_0_000000_fr0.0_cr1.0525edit.png","{'Atelectasis': 0, 'Cardiomegaly': 0, 'Consolidation': 0, 'Edema': 0, 'Enlarged Cardiomediastinum': 0, 'Fracture': 0, 'Lung Lesion': 0, 'Lung Opacity': 0, 'No Finding': 1, 'Pleural Effusion': 0, 'Pleural Other': 0, 'Pneumonia': 0, 'Pneumothorax': 0, 'Support Devices': 0}"
"/home/michel/data/Text2Image/mimicxr_train_100/_val_e46_generate_text_top0.85r,edit/No acute cardiopulmonary process. Unremarkable chest radiographic examination/rank_0_000000_fr0.0_cr1.0526edit.png","{'Atelectasis': 0, 'Cardiomegaly': 0, 'Consolidation': 0, 'Edema': 0, 'Enlarged Cardiomediastinum': 0, 'Fracture': 0, 'Lung Lesion': 0, 'Lung Opacity': 0, 'No Finding': 1, 'Pleural Effusion': 0, 'Pleural Other': 0, 'Pneumonia': 0, 'Pneumothorax': 0, 'Support Devices': 0}"
"/home/michel/data/Text2Image/mimicxr_train_100/_val_e46_generate_text_top0.85r,edit/No acute cardiopulmonary process. Unremarkable chest radiographic examination/rank_0_000000_fr0.0_cr1.0527edit.png","{'Atelectasis': 0, 'Cardiomegaly': 0, 'Consolidation': 0, 'Edema': 0, 'Enlarged Cardiomediastinum': 0, 'Fracture': 0, 'Lung Lesion': 0, 'Lung Opacity': 0, 'No Finding': 1, 'Pleural Effusion': 0, 'Pleural Other': 0, 'Pneumonia': 0, 'Pneumothorax': 0, 'Support Devices': 0}"
"/home/michel/data/Text2Image/mimicxr_train_100/_val_e46_generate_text_top0.85r,edit/No acute cardiopulmonary process. Unremarkable chest radiographic examination/rank_0_000000_fr0.0_cr1.0528edit.png","{'Atelectasis': 0, 'Cardiomegaly': 0, 'Consolidation': 0, 'Edema': 0, 'Enlarged Cardiomediastinum': 0, 'Fracture': 0, 'Lung Lesion': 0, 'Lung Opacity': 0, 'No Finding': 1, 'Pleural Effusion': 0, 'Pleural Other': 0, 'Pneumonia': 0, 'Pneumothorax': 0, 'Support Devices': 0}"
"/home/michel/data/Text2Image/mimicxr_train_100/_val_e46_generate_text_top0.85r,edit/No acute cardiopulmonary process. Unremarkable chest radiographic examination/rank_0_000000_fr0.0_cr1.0529edit.png","{'Atelectasis': 0, 'Cardiomegaly': 0, 'Consolidation': 0, 'Edema': 0, 'Enlarged Cardiomediastinum': 0, 'Fracture': 0, 'Lung Lesion': 0, 'Lung Opacity': 0, 'No Finding': 1, 'Pleural Effusion': 0, 'Pleural Other': 0, 'Pneumonia': 0, 'Pneumothorax': 0, 'Support Devices': 0}"
"/home/michel/data/Text2Image/mimicxr_train_100/_val_e46_generate_text_top0.85r,edit/No acute cardiopulmonary process. Unremarkable chest radiographic examination/rank_0_000000_fr0.0_cr1.0530edit.png","{'Atelectasis': 0, 'Cardiomegaly': 0, 'Consolidation': 0, 'Edema': 0, 'Enlarged Cardiomediastinum': 0, 'Fracture': 0, 'Lung Lesion': 0, 'Lung Opacity': 0, 'No Finding': 1, 'Pleural Effusion': 0, 'Pleural Other': 0, 'Pneumonia': 0, 'Pneumothorax': 0, 'Support Devices': 0}"
"/home/michel/data/Text2Image/mimicxr_train_100/_val_e46_generate_text_top0.85r,edit/No acute cardiopulmonary process. Unremarkable chest radiographic examination/rank_0_000000_fr0.0_cr1.0531edit.png","{'Atelectasis': 0, 'Cardiomegaly': 0, 'Consolidation': 0, 'Edema': 0, 'Enlarged Cardiomediastinum': 0, 'Fracture': 0, 'Lung Lesion': 0, 'Lung Opacity': 0, 'No Finding': 1, 'Pleural Effusion': 0, 'Pleural Other': 0, 'Pneumonia': 0, 'Pneumothorax': 0, 'Support Devices': 0}"
"/home/michel/data/Text2Image/mimicxr_train_100/_val_e46_generate_text_top0.85r,edit/No acute cardiopulmonary process. Unremarkable chest radiographic examination/rank_0_000000_fr0.0_cr1.0532edit.png","{'Atelectasis': 0, 'Cardiomegaly': 0, 'Consolidation': 0, 'Edema': 0, 'Enlarged Cardiomediastinum': 0, 'Fracture': 0, 'Lung Lesion': 0, 'Lung Opacity': 0, 'No Finding': 1, 'Pleural Effusion': 0, 'Pleural Other': 0, 'Pneumonia': 0, 'Pneumothorax': 0, 'Support Devices': 0}"
"/home/michel/data/Text2Image/mimicxr_train_100/_val_e46_generate_text_top0.85r,edit/No acute cardiopulmonary process. Unremarkable chest radiographic examination/rank_0_000000_fr0.0_cr1.0533edit.png","{'Atelectasis': 0, 'Cardiomegaly': 0, 'Consolidation': 0, 'Edema': 0, 'Enlarged Cardiomediastinum': 0, 'Fracture': 0, 'Lung Lesion': 0, 'Lung Opacity': 0, 'No Finding': 1, 'Pleural Effusion': 0, 'Pleural Other': 0, 'Pneumonia': 0, 'Pneumothorax': 0, 'Support Devices': 0}"
"/home/michel/data/Text2Image/mimicxr_train_100/_val_e46_generate_text_top0.85r,edit/No acute cardiopulmonary process. Unremarkable chest radiographic examination/rank_0_000000_fr0.0_cr1.0534edit.png","{'Atelectasis': 0, 'Cardiomegaly': 0, 'Consolidation': 0, 'Edema': 0, 'Enlarged Cardiomediastinum': 0, 'Fracture': 0, 'Lung Lesion': 0, 'Lung Opacity': 0, 'No Finding': 1, 'Pleural Effusion': 0, 'Pleural Other': 0, 'Pneumonia': 0, 'Pneumothorax': 0, 'Support Devices': 0}"
"/home/michel/data/Text2Image/mimicxr_train_100/_val_e46_generate_text_top0.85r,edit/No acute cardiopulmonary process. Unremarkable chest radiographic examination/rank_0_000000_fr0.0_cr1.0535edit.png","{'Atelectasis': 0, 'Cardiomegaly': 0, 'Consolidation': 0, 'Edema': 0, 'Enlarged Cardiomediastinum': 0, 'Fracture': 0, 'Lung Lesion': 0, 'Lung Opacity': 0, 'No Finding': 1, 'Pleural Effusion': 0, 'Pleural Other': 0, 'Pneumonia': 0, 'Pneumothorax': 0, 'Support Devices': 1}"
"/home/michel/data/Text2Image/mimicxr_train_100/_val_e46_generate_text_top0.85r,edit/No acute cardiopulmonary process. Unremarkable chest radiographic examination/rank_0_000000_fr0.0_cr1.0536edit.png","{'Atelectasis': 0, 'Cardiomegaly': 0, 'Consolidation': 0, 'Edema': 0, 'Enlarged Cardiomediastinum': 0, 'Fracture': 0, 'Lung Lesion': 0, 'Lung Opacity': 0, 'No Finding': 1, 'Pleural Effusion': 0, 'Pleural Other': 0, 'Pneumonia': 0, 'Pneumothorax': 0, 'Support Devices': 0}"
"/home/michel/data/Text2Image/mimicxr_train_100/_val_e46_generate_text_top0.85r,edit/No acute cardiopulmonary process. Unremarkable chest radiographic examination/rank_0_000000_fr0.0_cr1.0537edit.png","{'Atelectasis': 0, 'Cardiomegaly': 0, 'Consolidation': 0, 'Edema': 0, 'Enlarged Cardiomediastinum': 0, 'Fracture': 0, 'Lung Lesion': 0, 'Lung Opacity': 0, 'No Finding': 1, 'Pleural Effusion': 0, 'Pleural Other': 0, 'Pneumonia': 0, 'Pneumothorax': 0, 'Support Devices': 0}"
"/home/michel/data/Text2Image/mimicxr_train_100/_val_e46_generate_text_top0.85r,edit/No acute cardiopulmonary process. Unremarkable chest radiographic examination/rank_0_000000_fr0.0_cr1.0538edit.png","{'Atelectasis': 0, 'Cardiomegaly': 0, 'Consolidation': 0, 'Edema': 0, 'Enlarged Cardiomediastinum': 0, 'Fracture': 0, 'Lung Lesion': 0, 'Lung Opacity': 0, 'No Finding': 1, 'Pleural Effusion': 0, 'Pleural Other': 0, 'Pneumonia': 0, 'Pneumothorax': 0, 'Support Devices': 0}"
"/home/michel/data/Text2Image/mimicxr_train_100/_val_e46_generate_text_top0.85r,edit/No acute cardiopulmonary process. Unremarkable chest radiographic examination/rank_0_000000_fr0.0_cr1.0539edit.png","{'Atelectasis': 0, 'Cardiomegaly': 0, 'Consolidation': 0, 'Edema': 0, 'Enlarged Cardiomediastinum': 0, 'Fracture': 0, 'Lung Lesion': 0, 'Lung Opacity': 0, 'No Finding': 1, 'Pleural Effusion': 0, 'Pleural Other': 0, 'Pneumonia': 0, 'Pneumothorax': 0, 'Support Devices': 0}"
"/home/michel/data/Text2Image/mimicxr_train_100/_val_e46_generate_text_top0.85r,edit/No acute cardiopulmonary process. Unremarkable chest radiographic examination/rank_0_000000_fr0.0_cr1.0540edit.png","{'Atelectasis': 0, 'Cardiomegaly': 0, 'Consolidation': 0, 'Edema': 0, 'Enlarged Cardiomediastinum': 0, 'Fracture': 0, 'Lung Lesion': 0, 'Lung Opacity': 0, 'No Finding': 1, 'Pleural Effusion': 0, 'Pleural Other': 0, 'Pneumonia': 0, 'Pneumothorax': 0, 'Support Devices': 0}"
"/home/michel/data/Text2Image/mimicxr_train_100/_val_e46_generate_text_top0.85r,edit/No acute cardiopulmonary process. Unremarkable chest radiographic examination/rank_0_000000_fr0.0_cr1.0541edit.png","{'Atelectasis': 0, 'Cardiomegaly': 0, 'Consolidation': 0, 'Edema': 0, 'Enlarged Cardiomediastinum': 0, 'Fracture': 0, 'Lung Lesion': 0, 'Lung Opacity': 0, 'No Finding': 1, 'Pleural Effusion': 0, 'Pleural Other': 0, 'Pneumonia': 0, 'Pneumothorax': 0, 'Support Devices': 1}"
"/home/michel/data/Text2Image/mimicxr_train_100/_val_e46_generate_text_top0.85r,edit/No acute cardiopulmonary process. Unremarkable chest radiographic examination/rank_0_000000_fr0.0_cr1.0542edit.png","{'Atelectasis': 0, 'Cardiomegaly': 0, 'Consolidation': 0, 'Edema': 0, 'Enlarged Cardiomediastinum': 0, 'Fracture': 0, 'Lung Lesion': 0, 'Lung Opacity': 0, 'No Finding': 1, 'Pleural Effusion': 0, 'Pleural Other': 0, 'Pneumonia': 0, 'Pneumothorax': 0, 'Support Devices': 0}"
"/home/michel/data/Text2Image/mimicxr_train_100/_val_e46_generate_text_top0.85r,edit/No acute cardiopulmonary process. Unremarkable chest radiographic examination/rank_0_000000_fr0.0_cr1.0543edit.png","{'Atelectasis': 0, 'Cardiomegaly': 0, 'Consolidation': 0, 'Edema': 0, 'Enlarged Cardiomediastinum': 0, 'Fracture': 0, 'Lung Lesion': 0, 'Lung Opacity': 0, 'No Finding': 1, 'Pleural Effusion': 0, 'Pleural Other': 0, 'Pneumonia': 0, 'Pneumothorax': 0, 'Support Devices': 0}"
"/home/michel/data/Text2Image/mimicxr_train_100/_val_e46_generate_text_top0.85r,edit/No acute cardiopulmonary process. Unremarkable chest radiographic examination/rank_0_000000_fr0.0_cr1.0544edit.png","{'Atelectasis': 0, 'Cardiomegaly': 0, 'Consolidation': 0, 'Edema': 0, 'Enlarged Cardiomediastinum': 0, 'Fracture': 0, 'Lung Lesion': 0, 'Lung Opacity': 0, 'No Finding': 1, 'Pleural Effusion': 0, 'Pleural Other': 0, 'Pneumonia': 0, 'Pneumothorax': 0, 'Support Devices': 0}"
"/home/michel/data/Text2Image/mimicxr_train_100/_val_e46_generate_text_top0.85r,edit/No acute cardiopulmonary process. Unremarkable chest radiographic examination/rank_0_000000_fr0.0_cr1.0545edit.png","{'Atelectasis': 0, 'Cardiomegaly': 0, 'Consolidation': 0, 'Edema': 0, 'Enlarged Cardiomediastinum': 0, 'Fracture': 0, 'Lung Lesion': 0, 'Lung Opacity': 0, 'No Finding': 1, 'Pleural Effusion': 0, 'Pleural Other': 0, 'Pneumonia': 0, 'Pneumothorax': 0, 'Support Devices': 1}"
"/home/michel/data/Text2Image/mimicxr_train_100/_val_e46_generate_text_top0.85r,edit/No acute cardiopulmonary process. Unremarkable chest radiographic examination/rank_0_000000_fr0.0_cr1.0546edit.png","{'Atelectasis': 0, 'Cardiomegaly': 0, 'Consolidation': 0, 'Edema': 0, 'Enlarged Cardiomediastinum': 0, 'Fracture': 0, 'Lung Lesion': 0, 'Lung Opacity': 0, 'No Finding': 1, 'Pleural Effusion': 0, 'Pleural Other': 0, 'Pneumonia': 0, 'Pneumothorax': 0, 'Support Devices': 1}"
"/home/michel/data/Text2Image/mimicxr_train_100/_val_e46_generate_text_top0.85r,edit/No acute cardiopulmonary process. Unremarkable chest radiographic examination/rank_0_000000_fr0.0_cr1.0547edit.png","{'Atelectasis': 0, 'Cardiomegaly': 0, 'Consolidation': 0, 'Edema': 0, 'Enlarged Cardiomediastinum': 0, 'Fracture': 0, 'Lung Lesion': 0, 'Lung Opacity': 0, 'No Finding': 1, 'Pleural Effusion': 0, 'Pleural Other': 0, 'Pneumonia': 0, 'Pneumothorax': 0, 'Support Devices': 0}"
"/home/michel/data/Text2Image/mimicxr_train_100/_val_e46_generate_text_top0.85r,edit/No acute cardiopulmonary process. Unremarkable chest radiographic examination/rank_0_000000_fr0.0_cr1.0548edit.png","{'Atelectasis': 0, 'Cardiomegaly': 0, 'Consolidation': 0, 'Edema': 0, 'Enlarged Cardiomediastinum': 0, 'Fracture': 0, 'Lung Lesion': 0, 'Lung Opacity': 0, 'No Finding': 1, 'Pleural Effusion': 0, 'Pleural Other': 0, 'Pneumonia': 0, 'Pneumothorax': 0, 'Support Devices': 0}"
"/home/michel/data/Text2Image/mimicxr_train_100/_val_e46_generate_text_top0.85r,edit/No acute cardiopulmonary process. Unremarkable chest radiographic examination/rank_0_000000_fr0.0_cr1.0549edit.png","{'Atelectasis': 0, 'Cardiomegaly': 0, 'Consolidation': 0, 'Edema': 0, 'Enlarged Cardiomediastinum': 0, 'Fracture': 0, 'Lung Lesion': 0, 'Lung Opacity': 0, 'No Finding': 1, 'Pleural Effusion': 0, 'Pleural Other': 0, 'Pneumonia': 0, 'Pneumothorax': 0, 'Support Devices': 0}"
"/home/michel/data/Text2Image/mimicxr_train_100/_val_e46_generate_text_top0.85r,edit/No acute cardiopulmonary process. Unremarkable chest radiographic examination/rank_0_000000_fr0.0_cr1.0550edit.png","{'Atelectasis': 0, 'Cardiomegaly': 0, 'Consolidation': 0, 'Edema': 0, 'Enlarged Cardiomediastinum': 0, 'Fracture': 0, 'Lung Lesion': 0, 'Lung Opacity': 0, 'No Finding': 1, 'Pleural Effusion': 0, 'Pleural Other': 0, 'Pneumonia': 0, 'Pneumothorax': 0, 'Support Devices': 0}"
"/home/michel/data/Text2Image/mimicxr_train_100/_val_e46_generate_text_top0.85r,edit/No acute cardiopulmonary process. Unremarkable chest radiographic examination/rank_0_000000_fr0.0_cr1.0551edit.png","{'Atelectasis': 0, 'Cardiomegaly': 0, 'Consolidation': 0, 'Edema': 0, 'Enlarged Cardiomediastinum': 0, 'Fracture': 0, 'Lung Lesion': 0, 'Lung Opacity': 0, 'No Finding': 1, 'Pleural Effusion': 0, 'Pleural Other': 0, 'Pneumonia': 0, 'Pneumothorax': 0, 'Support Devices': 0}"
"/home/michel/data/Text2Image/mimicxr_train_100/_val_e46_generate_text_top0.85r,edit/No acute cardiopulmonary process. Unremarkable chest radiographic examination/rank_0_000000_fr0.0_cr1.0552edit.png","{'Atelectasis': 0, 'Cardiomegaly': 0, 'Consolidation': 0, 'Edema': 0, 'Enlarged Cardiomediastinum': 0, 'Fracture': 0, 'Lung Lesion': 0, 'Lung Opacity': 0, 'No Finding': 1, 'Pleural Effusion': 0, 'Pleural Other': 0, 'Pneumonia': 0, 'Pneumothorax': 0, 'Support Devices': 0}"
"/home/michel/data/Text2Image/mimicxr_train_100/_val_e46_generate_text_top0.85r,edit/No acute cardiopulmonary process. Unremarkable chest radiographic examination/rank_0_000000_fr0.0_cr1.0553edit.png","{'Atelectasis': 0, 'Cardiomegaly': 0, 'Consolidation': 0, 'Edema': 0, 'Enlarged Cardiomediastinum': 0, 'Fracture': 0, 'Lung Lesion': 0, 'Lung Opacity': 0, 'No Finding': 1, 'Pleural Effusion': 0, 'Pleural Other': 0, 'Pneumonia': 0, 'Pneumothorax': 0, 'Support Devices': 0}"
"/home/michel/data/Text2Image/mimicxr_train_100/_val_e46_generate_text_top0.85r,edit/No acute cardiopulmonary process. Unremarkable chest radiographic examination/rank_0_000000_fr0.0_cr1.0554edit.png","{'Atelectasis': 0, 'Cardiomegaly': 0, 'Consolidation': 0, 'Edema': 0, 'Enlarged Cardiomediastinum': 0, 'Fracture': 0, 'Lung Lesion': 0, 'Lung Opacity': 0, 'No Finding': 1, 'Pleural Effusion': 0, 'Pleural Other': 0, 'Pneumonia': 0, 'Pneumothorax': 0, 'Support Devices': 0}"
"/home/michel/data/Text2Image/mimicxr_train_100/_val_e46_generate_text_top0.85r,edit/No acute cardiopulmonary process. Unremarkable chest radiographic examination/rank_0_000000_fr0.0_cr1.0555edit.png","{'Atelectasis': 0, 'Cardiomegaly': 0, 'Consolidation': 0, 'Edema': 0, 'Enlarged Cardiomediastinum': 0, 'Fracture': 0, 'Lung Lesion': 0, 'Lung Opacity': 0, 'No Finding': 1, 'Pleural Effusion': 0, 'Pleural Other': 0, 'Pneumonia': 0, 'Pneumothorax': 0, 'Support Devices': 0}"
"/home/michel/data/Text2Image/mimicxr_train_100/_val_e46_generate_text_top0.85r,edit/No acute cardiopulmonary process. Unremarkable chest radiographic examination/rank_0_000000_fr0.0_cr1.0556edit.png","{'Atelectasis': 0, 'Cardiomegaly': 0, 'Consolidation': 0, 'Edema': 0, 'Enlarged Cardiomediastinum': 0, 'Fracture': 0, 'Lung Lesion': 0, 'Lung Opacity': 0, 'No Finding': 1, 'Pleural Effusion': 0, 'Pleural Other': 0, 'Pneumonia': 0, 'Pneumothorax': 0, 'Support Devices': 0}"
"/home/michel/data/Text2Image/mimicxr_train_100/_val_e46_generate_text_top0.85r,edit/No acute cardiopulmonary process. Unremarkable chest radiographic examination/rank_0_000000_fr0.0_cr1.0557edit.png","{'Atelectasis': 0, 'Cardiomegaly': 0, 'Consolidation': 0, 'Edema': 0, 'Enlarged Cardiomediastinum': 0, 'Fracture': 0, 'Lung Lesion': 0, 'Lung Opacity': 0, 'No Finding': 1, 'Pleural Effusion': 0, 'Pleural Other': 0, 'Pneumonia': 0, 'Pneumothorax': 0, 'Support Devices': 0}"
"/home/michel/data/Text2Image/mimicxr_train_100/_val_e46_generate_text_top0.85r,edit/No acute cardiopulmonary process. Unremarkable chest radiographic examination/rank_0_000000_fr0.0_cr1.0558edit.png","{'Atelectasis': 0, 'Cardiomegaly': 0, 'Consolidation': 0, 'Edema': 0, 'Enlarged Cardiomediastinum': 0, 'Fracture': 0, 'Lung Lesion': 0, 'Lung Opacity': 0, 'No Finding': 1, 'Pleural Effusion': 0, 'Pleural Other': 0, 'Pneumonia': 0, 'Pneumothorax': 0, 'Support Devices': 0}"
"/home/michel/data/Text2Image/mimicxr_train_100/_val_e46_generate_text_top0.85r,edit/No acute cardiopulmonary process. Unremarkable chest radiographic examination/rank_0_000000_fr0.0_cr1.0559edit.png","{'Atelectasis': 0, 'Cardiomegaly': 0, 'Consolidation': 0, 'Edema': 0, 'Enlarged Cardiomediastinum': 0, 'Fracture': 0, 'Lung Lesion': 0, 'Lung Opacity': 0, 'No Finding': 1, 'Pleural Effusion': 0, 'Pleural Other': 0, 'Pneumonia': 0, 'Pneumothorax': 0, 'Support Devices': 0}"
"/home/michel/data/Text2Image/mimicxr_train_100/_val_e46_generate_text_top0.85r,edit/No acute cardiopulmonary process. Unremarkable chest radiographic examination/rank_0_000000_fr0.0_cr1.0560edit.png","{'Atelectasis': 0, 'Cardiomegaly': 0, 'Consolidation': 0, 'Edema': 0, 'Enlarged Cardiomediastinum': 0, 'Fracture': 0, 'Lung Lesion': 0, 'Lung Opacity': 0, 'No Finding': 1, 'Pleural Effusion': 0, 'Pleural Other': 0, 'Pneumonia': 0, 'Pneumothorax': 0, 'Support Devices': 0}"
"/home/michel/data/Text2Image/mimicxr_train_100/_val_e46_generate_text_top0.85r,edit/No acute cardiopulmonary process. Unremarkable chest radiographic examination/rank_0_000000_fr0.0_cr1.0561edit.png","{'Atelectasis': 0, 'Cardiomegaly': 0, 'Consolidation': 0, 'Edema': 0, 'Enlarged Cardiomediastinum': 0, 'Fracture': 0, 'Lung Lesion': 0, 'Lung Opacity': 0, 'No Finding': 1, 'Pleural Effusion': 0, 'Pleural Other': 0, 'Pneumonia': 0, 'Pneumothorax': 0, 'Support Devices': 0}"
"/home/michel/data/Text2Image/mimicxr_train_100/_val_e46_generate_text_top0.85r,edit/No acute cardiopulmonary process. Unremarkable chest radiographic examination/rank_0_000000_fr0.0_cr1.0562edit.png","{'Atelectasis': 0, 'Cardiomegaly': 0, 'Consolidation': 0, 'Edema': 0, 'Enlarged Cardiomediastinum': 0, 'Fracture': 0, 'Lung Lesion': 0, 'Lung Opacity': 0, 'No Finding': 1, 'Pleural Effusion': 0, 'Pleural Other': 0, 'Pneumonia': 0, 'Pneumothorax': 0, 'Support Devices': 0}"
"/home/michel/data/Text2Image/mimicxr_train_100/_val_e46_generate_text_top0.85r,edit/No acute cardiopulmonary process. Unremarkable chest radiographic examination/rank_0_000000_fr0.0_cr1.0563edit.png","{'Atelectasis': 0, 'Cardiomegaly': 0, 'Consolidation': 0, 'Edema': 0, 'Enlarged Cardiomediastinum': 0, 'Fracture': 0, 'Lung Lesion': 0, 'Lung Opacity': 0, 'No Finding': 1, 'Pleural Effusion': 0, 'Pleural Other': 0, 'Pneumonia': 0, 'Pneumothorax': 0, 'Support Devices': 0}"
"/home/michel/data/Text2Image/mimicxr_train_100/_val_e46_generate_text_top0.85r,edit/No acute cardiopulmonary process. Unremarkable chest radiographic examination/rank_0_000000_fr0.0_cr1.0564edit.png","{'Atelectasis': 0, 'Cardiomegaly': 0, 'Consolidation': 0, 'Edema': 0, 'Enlarged Cardiomediastinum': 0, 'Fracture': 0, 'Lung Lesion': 0, 'Lung Opacity': 0, 'No Finding': 1, 'Pleural Effusion': 0, 'Pleural Other': 0, 'Pneumonia': 0, 'Pneumothorax': 0, 'Support Devices': 0}"
"/home/michel/data/Text2Image/mimicxr_train_100/_val_e46_generate_text_top0.85r,edit/No acute cardiopulmonary process. Unremarkable chest radiographic examination/rank_0_000000_fr0.0_cr1.0565edit.png","{'Atelectasis': 0, 'Cardiomegaly': 0, 'Consolidation': 0, 'Edema': 0, 'Enlarged Cardiomediastinum': 0, 'Fracture': 0, 'Lung Lesion': 0, 'Lung Opacity': 0, 'No Finding': 1, 'Pleural Effusion': 0, 'Pleural Other': 0, 'Pneumonia': 0, 'Pneumothorax': 0, 'Support Devices': 0}"
"/home/michel/data/Text2Image/mimicxr_train_100/_val_e46_generate_text_top0.85r,edit/No acute cardiopulmonary process. Unremarkable chest radiographic examination/rank_0_000000_fr0.0_cr1.0566edit.png","{'Atelectasis': 0, 'Cardiomegaly': 0, 'Consolidation': 0, 'Edema': 0, 'Enlarged Cardiomediastinum': 0, 'Fracture': 0, 'Lung Lesion': 0, 'Lung Opacity': 0, 'No Finding': 1, 'Pleural Effusion': 0, 'Pleural Other': 0, 'Pneumonia': 0, 'Pneumothorax': 0, 'Support Devices': 0}"
"/home/michel/data/Text2Image/mimicxr_train_100/_val_e46_generate_text_top0.85r,edit/No acute cardiopulmonary process. Unremarkable chest radiographic examination/rank_0_000000_fr0.0_cr1.0567edit.png","{'Atelectasis': 0, 'Cardiomegaly': 0, 'Consolidation': 0, 'Edema': 0, 'Enlarged Cardiomediastinum': 0, 'Fracture': 0, 'Lung Lesion': 0, 'Lung Opacity': 0, 'No Finding': 1, 'Pleural Effusion': 0, 'Pleural Other': 0, 'Pneumonia': 0, 'Pneumothorax': 0, 'Support Devices': 0}"
"/home/michel/data/Text2Image/mimicxr_train_100/_val_e46_generate_text_top0.85r,edit/No acute cardiopulmonary process. Unremarkable chest radiographic examination/rank_0_000000_fr0.0_cr1.0568edit.png","{'Atelectasis': 0, 'Cardiomegaly': 0, 'Consolidation': 0, 'Edema': 0, 'Enlarged Cardiomediastinum': 0, 'Fracture': 0, 'Lung Lesion': 0, 'Lung Opacity': 0, 'No Finding': 1, 'Pleural Effusion': 0, 'Pleural Other': 0, 'Pneumonia': 0, 'Pneumothorax': 0, 'Support Devices': 0}"
"/home/michel/data/Text2Image/mimicxr_train_100/_val_e46_generate_text_top0.85r,edit/No acute cardiopulmonary process. Unremarkable chest radiographic examination/rank_0_000000_fr0.0_cr1.0569edit.png","{'Atelectasis': 0, 'Cardiomegaly': 0, 'Consolidation': 0, 'Edema': 0, 'Enlarged Cardiomediastinum': 0, 'Fracture': 0, 'Lung Lesion': 0, 'Lung Opacity': 0, 'No Finding': 1, 'Pleural Effusion': 0, 'Pleural Other': 0, 'Pneumonia': 0, 'Pneumothorax': 0, 'Support Devices': 0}"
"/home/michel/data/Text2Image/mimicxr_train_100/_val_e46_generate_text_top0.85r,edit/No acute cardiopulmonary process. Unremarkable chest radiographic examination/rank_0_000000_fr0.0_cr1.0570edit.png","{'Atelectasis': 0, 'Cardiomegaly': 0, 'Consolidation': 0, 'Edema': 0, 'Enlarged Cardiomediastinum': 0, 'Fracture': 0, 'Lung Lesion': 0, 'Lung Opacity': 0, 'No Finding': 1, 'Pleural Effusion': 0, 'Pleural Other': 0, 'Pneumonia': 0, 'Pneumothorax': 0, 'Support Devices': 0}"
"/home/michel/data/Text2Image/mimicxr_train_100/_val_e46_generate_text_top0.85r,edit/No acute cardiopulmonary process. Unremarkable chest radiographic examination/rank_0_000000_fr0.0_cr1.0571edit.png","{'Atelectasis': 0, 'Cardiomegaly': 0, 'Consolidation': 0, 'Edema': 0, 'Enlarged Cardiomediastinum': 0, 'Fracture': 0, 'Lung Lesion': 0, 'Lung Opacity': 0, 'No Finding': 1, 'Pleural Effusion': 0, 'Pleural Other': 0, 'Pneumonia': 0, 'Pneumothorax': 0, 'Support Devices': 0}"
"/home/michel/data/Text2Image/mimicxr_train_100/_val_e46_generate_text_top0.85r,edit/No acute cardiopulmonary process. Unremarkable chest radiographic examination/rank_0_000000_fr0.0_cr1.0572edit.png","{'Atelectasis': 0, 'Cardiomegaly': 0, 'Consolidation': 0, 'Edema': 0, 'Enlarged Cardiomediastinum': 0, 'Fracture': 0, 'Lung Lesion': 0, 'Lung Opacity': 0, 'No Finding': 1, 'Pleural Effusion': 0, 'Pleural Other': 0, 'Pneumonia': 0, 'Pneumothorax': 0, 'Support Devices': 0}"
"/home/michel/data/Text2Image/mimicxr_train_100/_val_e46_generate_text_top0.85r,edit/No acute cardiopulmonary process. Unremarkable chest radiographic examination/rank_0_000000_fr0.0_cr1.0573edit.png","{'Atelectasis': 0, 'Cardiomegaly': 0, 'Consolidation': 0, 'Edema': 0, 'Enlarged Cardiomediastinum': 0, 'Fracture': 0, 'Lung Lesion': 0, 'Lung Opacity': 0, 'No Finding': 1, 'Pleural Effusion': 0, 'Pleural Other': 0, 'Pneumonia': 0, 'Pneumothorax': 0, 'Support Devices': 0}"
"/home/michel/data/Text2Image/mimicxr_train_100/_val_e46_generate_text_top0.85r,edit/No acute cardiopulmonary process. Unremarkable chest radiographic examination/rank_0_000000_fr0.0_cr1.0574edit.png","{'Atelectasis': 0, 'Cardiomegaly': 0, 'Consolidation': 0, 'Edema': 0, 'Enlarged Cardiomediastinum': 0, 'Fracture': 0, 'Lung Lesion': 0, 'Lung Opacity': 0, 'No Finding': 1, 'Pleural Effusion': 0, 'Pleural Other': 0, 'Pneumonia': 0, 'Pneumothorax': 0, 'Support Devices': 0}"
"/home/michel/data/Text2Image/mimicxr_train_100/_val_e46_generate_text_top0.85r,edit/No acute cardiopulmonary process. Unremarkable chest radiographic examination/rank_0_000000_fr0.0_cr1.0575edit.png","{'Atelectasis': 0, 'Cardiomegaly': 0, 'Consolidation': 0, 'Edema': 0, 'Enlarged Cardiomediastinum': 0, 'Fracture': 0, 'Lung Lesion': 0, 'Lung Opacity': 0, 'No Finding': 1, 'Pleural Effusion': 0, 'Pleural Other': 0, 'Pneumonia': 0, 'Pneumothorax': 0, 'Support Devices': 0}"
"/home/michel/data/Text2Image/mimicxr_train_100/_val_e46_generate_text_top0.85r,edit/No acute cardiopulmonary process. Unremarkable chest radiographic examination/rank_0_000000_fr0.0_cr1.0576edit.png","{'Atelectasis': 0, 'Cardiomegaly': 0, 'Consolidation': 0, 'Edema': 0, 'Enlarged Cardiomediastinum': 0, 'Fracture': 0, 'Lung Lesion': 0, 'Lung Opacity': 0, 'No Finding': 1, 'Pleural Effusion': 0, 'Pleural Other': 0, 'Pneumonia': 0, 'Pneumothorax': 0, 'Support Devices': 0}"
"/home/michel/data/Text2Image/mimicxr_train_100/_val_e46_generate_text_top0.85r,edit/No acute cardiopulmonary process. Unremarkable chest radiographic examination/rank_0_000000_fr0.0_cr1.0577edit.png","{'Atelectasis': 0, 'Cardiomegaly': 0, 'Consolidation': 0, 'Edema': 0, 'Enlarged Cardiomediastinum': 0, 'Fracture': 0, 'Lung Lesion': 0, 'Lung Opacity': 0, 'No Finding': 1, 'Pleural Effusion': 0, 'Pleural Other': 0, 'Pneumonia': 0, 'Pneumothorax': 0, 'Support Devices': 0}"
"/home/michel/data/Text2Image/mimicxr_train_100/_val_e46_generate_text_top0.85r,edit/No acute cardiopulmonary process. Unremarkable chest radiographic examination/rank_0_000000_fr0.0_cr1.0578edit.png","{'Atelectasis': 0, 'Cardiomegaly': 0, 'Consolidation': 0, 'Edema': 0, 'Enlarged Cardiomediastinum': 0, 'Fracture': 0, 'Lung Lesion': 0, 'Lung Opacity': 0, 'No Finding': 1, 'Pleural Effusion': 0, 'Pleural Other': 0, 'Pneumonia': 0, 'Pneumothorax': 0, 'Support Devices': 0}"
"/home/michel/data/Text2Image/mimicxr_train_100/_val_e46_generate_text_top0.85r,edit/No acute cardiopulmonary process. Unremarkable chest radiographic examination/rank_0_000000_fr0.0_cr1.0579edit.png","{'Atelectasis': 0, 'Cardiomegaly': 0, 'Consolidation': 0, 'Edema': 0, 'Enlarged Cardiomediastinum': 0, 'Fracture': 0, 'Lung Lesion': 0, 'Lung Opacity': 0, 'No Finding': 1, 'Pleural Effusion': 0, 'Pleural Other': 0, 'Pneumonia': 0, 'Pneumothorax': 0, 'Support Devices': 0}"
"/home/michel/data/Text2Image/mimicxr_train_100/_val_e46_generate_text_top0.85r,edit/No acute cardiopulmonary process. Unremarkable chest radiographic examination/rank_0_000000_fr0.0_cr1.0580edit.png","{'Atelectasis': 0, 'Cardiomegaly': 0, 'Consolidation': 0, 'Edema': 0, 'Enlarged Cardiomediastinum': 0, 'Fracture': 0, 'Lung Lesion': 0, 'Lung Opacity': 0, 'No Finding': 1, 'Pleural Effusion': 0, 'Pleural Other': 0, 'Pneumonia': 0, 'Pneumothorax': 0, 'Support Devices': 0}"
"/home/michel/data/Text2Image/mimicxr_train_100/_val_e46_generate_text_top0.85r,edit/No acute cardiopulmonary process. Unremarkable chest radiographic examination/rank_0_000000_fr0.0_cr1.0581edit.png","{'Atelectasis': 0, 'Cardiomegaly': 0, 'Consolidation': 0, 'Edema': 0, 'Enlarged Cardiomediastinum': 0, 'Fracture': 0, 'Lung Lesion': 0, 'Lung Opacity': 0, 'No Finding': 1, 'Pleural Effusion': 0, 'Pleural Other': 0, 'Pneumonia': 0, 'Pneumothorax': 0, 'Support Devices': 0}"
"/home/michel/data/Text2Image/mimicxr_train_100/_val_e46_generate_text_top0.85r,edit/No acute cardiopulmonary process. Unremarkable chest radiographic examination/rank_0_000000_fr0.0_cr1.0582edit.png","{'Atelectasis': 0, 'Cardiomegaly': 0, 'Consolidation': 0, 'Edema': 0, 'Enlarged Cardiomediastinum': 0, 'Fracture': 0, 'Lung Lesion': 0, 'Lung Opacity': 0, 'No Finding': 1, 'Pleural Effusion': 0, 'Pleural Other': 0, 'Pneumonia': 0, 'Pneumothorax': 0, 'Support Devices': 0}"
"/home/michel/data/Text2Image/mimicxr_train_100/_val_e46_generate_text_top0.85r,edit/No acute cardiopulmonary process. Unremarkable chest radiographic examination/rank_0_000000_fr0.0_cr1.0583edit.png","{'Atelectasis': 0, 'Cardiomegaly': 0, 'Consolidation': 0, 'Edema': 0, 'Enlarged Cardiomediastinum': 0, 'Fracture': 0, 'Lung Lesion': 0, 'Lung Opacity': 0, 'No Finding': 1, 'Pleural Effusion': 0, 'Pleural Other': 0, 'Pneumonia': 0, 'Pneumothorax': 0, 'Support Devices': 0}"
"/home/michel/data/Text2Image/mimicxr_train_100/_val_e46_generate_text_top0.85r,edit/No acute cardiopulmonary process. Unremarkable chest radiographic examination/rank_0_000000_fr0.0_cr1.0584edit.png","{'Atelectasis': 0, 'Cardiomegaly': 0, 'Consolidation': 0, 'Edema': 0, 'Enlarged Cardiomediastinum': 0, 'Fracture': 0, 'Lung Lesion': 0, 'Lung Opacity': 0, 'No Finding': 1, 'Pleural Effusion': 0, 'Pleural Other': 0, 'Pneumonia': 0, 'Pneumothorax': 0, 'Support Devices': 0}"
"/home/michel/data/Text2Image/mimicxr_train_100/_val_e46_generate_text_top0.85r,edit/No acute cardiopulmonary process. Unremarkable chest radiographic examination/rank_0_000000_fr0.0_cr1.0585edit.png","{'Atelectasis': 0, 'Cardiomegaly': 0, 'Consolidation': 0, 'Edema': 0, 'Enlarged Cardiomediastinum': 0, 'Fracture': 0, 'Lung Lesion': 0, 'Lung Opacity': 0, 'No Finding': 1, 'Pleural Effusion': 0, 'Pleural Other': 0, 'Pneumonia': 0, 'Pneumothorax': 0, 'Support Devices': 0}"
"/home/michel/data/Text2Image/mimicxr_train_100/_val_e46_generate_text_top0.85r,edit/No acute cardiopulmonary process. Unremarkable chest radiographic examination/rank_0_000000_fr0.0_cr1.0586edit.png","{'Atelectasis': 0, 'Cardiomegaly': 0, 'Consolidation': 0, 'Edema': 0, 'Enlarged Cardiomediastinum': 0, 'Fracture': 0, 'Lung Lesion': 0, 'Lung Opacity': 0, 'No Finding': 1, 'Pleural Effusion': 0, 'Pleural Other': 0, 'Pneumonia': 0, 'Pneumothorax': 0, 'Support Devices': 0}"
"/home/michel/data/Text2Image/mimicxr_train_100/_val_e46_generate_text_top0.85r,edit/No acute cardiopulmonary process. Unremarkable chest radiographic examination/rank_0_000000_fr0.0_cr1.0587edit.png","{'Atelectasis': 0, 'Cardiomegaly': 0, 'Consolidation': 0, 'Edema': 0, 'Enlarged Cardiomediastinum': 0, 'Fracture': 0, 'Lung Lesion': 0, 'Lung Opacity': 0, 'No Finding': 1, 'Pleural Effusion': 0, 'Pleural Other': 0, 'Pneumonia': 0, 'Pneumothorax': 0, 'Support Devices': 0}"
"/home/michel/data/Text2Image/mimicxr_train_100/_val_e46_generate_text_top0.85r,edit/No acute cardiopulmonary process. Unremarkable chest radiographic examination/rank_0_000000_fr0.0_cr1.0588edit.png","{'Atelectasis': 0, 'Cardiomegaly': 0, 'Consolidation': 0, 'Edema': 0, 'Enlarged Cardiomediastinum': 0, 'Fracture': 0, 'Lung Lesion': 0, 'Lung Opacity': 0, 'No Finding': 1, 'Pleural Effusion': 0, 'Pleural Other': 0, 'Pneumonia': 0, 'Pneumothorax': 0, 'Support Devices': 0}"
"/home/michel/data/Text2Image/mimicxr_train_100/_val_e46_generate_text_top0.85r,edit/No acute cardiopulmonary process. Unremarkable chest radiographic examination/rank_0_000000_fr0.0_cr1.0589edit.png","{'Atelectasis': 0, 'Cardiomegaly': 0, 'Consolidation': 0, 'Edema': 0, 'Enlarged Cardiomediastinum': 0, 'Fracture': 0, 'Lung Lesion': 0, 'Lung Opacity': 0, 'No Finding': 1, 'Pleural Effusion': 0, 'Pleural Other': 0, 'Pneumonia': 0, 'Pneumothorax': 0, 'Support Devices': 0}"
"/home/michel/data/Text2Image/mimicxr_train_100/_val_e46_generate_text_top0.85r,edit/No acute cardiopulmonary process. Unremarkable chest radiographic examination/rank_0_000000_fr0.0_cr1.0590edit.png","{'Atelectasis': 0, 'Cardiomegaly': 0, 'Consolidation': 0, 'Edema': 0, 'Enlarged Cardiomediastinum': 0, 'Fracture': 0, 'Lung Lesion': 0, 'Lung Opacity': 0, 'No Finding': 1, 'Pleural Effusion': 0, 'Pleural Other': 0, 'Pneumonia': 0, 'Pneumothorax': 0, 'Support Devices': 0}"
"/home/michel/data/Text2Image/mimicxr_train_100/_val_e46_generate_text_top0.85r,edit/No acute cardiopulmonary process. Unremarkable chest radiographic examination/rank_0_000000_fr0.0_cr1.0591edit.png","{'Atelectasis': 0, 'Cardiomegaly': 0, 'Consolidation': 0, 'Edema': 0, 'Enlarged Cardiomediastinum': 0, 'Fracture': 0, 'Lung Lesion': 0, 'Lung Opacity': 0, 'No Finding': 1, 'Pleural Effusion': 0, 'Pleural Other': 0, 'Pneumonia': 0, 'Pneumothorax': 0, 'Support Devices': 0}"
"/home/michel/data/Text2Image/mimicxr_train_100/_val_e46_generate_text_top0.85r,edit/No acute cardiopulmonary process. Unremarkable chest radiographic examination/rank_0_000000_fr0.0_cr1.0592edit.png","{'Atelectasis': 0, 'Cardiomegaly': 0, 'Consolidation': 0, 'Edema': 0, 'Enlarged Cardiomediastinum': 0, 'Fracture': 0, 'Lung Lesion': 0, 'Lung Opacity': 0, 'No Finding': 1, 'Pleural Effusion': 0, 'Pleural Other': 0, 'Pneumonia': 0, 'Pneumothorax': 0, 'Support Devices': 0}"
"/home/michel/data/Text2Image/mimicxr_train_100/_val_e46_generate_text_top0.85r,edit/No acute cardiopulmonary process. Unremarkable chest radiographic examination/rank_0_000000_fr0.0_cr1.0593edit.png","{'Atelectasis': 0, 'Cardiomegaly': 0, 'Consolidation': 0, 'Edema': 0, 'Enlarged Cardiomediastinum': 0, 'Fracture': 0, 'Lung Lesion': 0, 'Lung Opacity': 0, 'No Finding': 1, 'Pleural Effusion': 0, 'Pleural Other': 0, 'Pneumonia': 0, 'Pneumothorax': 0, 'Support Devices': 0}"
"/home/michel/data/Text2Image/mimicxr_train_100/_val_e46_generate_text_top0.85r,edit/No acute cardiopulmonary process. Unremarkable chest radiographic examination/rank_0_000000_fr0.0_cr1.0594edit.png","{'Atelectasis': 0, 'Cardiomegaly': 0, 'Consolidation': 0, 'Edema': 0, 'Enlarged Cardiomediastinum': 0, 'Fracture': 0, 'Lung Lesion': 0, 'Lung Opacity': 0, 'No Finding': 1, 'Pleural Effusion': 0, 'Pleural Other': 0, 'Pneumonia': 0, 'Pneumothorax': 0, 'Support Devices': 0}"
"/home/michel/data/Text2Image/mimicxr_train_100/_val_e46_generate_text_top0.85r,edit/No acute cardiopulmonary process. Unremarkable chest radiographic examination/rank_0_000000_fr0.0_cr1.0595edit.png","{'Atelectasis': 0, 'Cardiomegaly': 0, 'Consolidation': 0, 'Edema': 0, 'Enlarged Cardiomediastinum': 0, 'Fracture': 0, 'Lung Lesion': 0, 'Lung Opacity': 0, 'No Finding': 1, 'Pleural Effusion': 0, 'Pleural Other': 0, 'Pneumonia': 0, 'Pneumothorax': 0, 'Support Devices': 0}"
"/home/michel/data/Text2Image/mimicxr_train_100/_val_e46_generate_text_top0.85r,edit/No acute cardiopulmonary process. Unremarkable chest radiographic examination/rank_0_000000_fr0.0_cr1.0596edit.png","{'Atelectasis': 0, 'Cardiomegaly': 0, 'Consolidation': 0, 'Edema': 0, 'Enlarged Cardiomediastinum': 0, 'Fracture': 0, 'Lung Lesion': 0, 'Lung Opacity': 0, 'No Finding': 1, 'Pleural Effusion': 0, 'Pleural Other': 0, 'Pneumonia': 0, 'Pneumothorax': 0, 'Support Devices': 0}"
"/home/michel/data/Text2Image/mimicxr_train_100/_val_e46_generate_text_top0.85r,edit/No acute cardiopulmonary process. Unremarkable chest radiographic examination/rank_0_000000_fr0.0_cr1.0597edit.png","{'Atelectasis': 0, 'Cardiomegaly': 0, 'Consolidation': 0, 'Edema': 0, 'Enlarged Cardiomediastinum': 0, 'Fracture': 0, 'Lung Lesion': 0, 'Lung Opacity': 0, 'No Finding': 1, 'Pleural Effusion': 0, 'Pleural Other': 0, 'Pneumonia': 0, 'Pneumothorax': 0, 'Support Devices': 1}"
"/home/michel/data/Text2Image/mimicxr_train_100/_val_e46_generate_text_top0.85r,edit/No acute cardiopulmonary process. Unremarkable chest radiographic examination/rank_0_000000_fr0.0_cr1.0598edit.png","{'Atelectasis': 0, 'Cardiomegaly': 0, 'Consolidation': 0, 'Edema': 0, 'Enlarged Cardiomediastinum': 0, 'Fracture': 0, 'Lung Lesion': 0, 'Lung Opacity': 0, 'No Finding': 1, 'Pleural Effusion': 0, 'Pleural Other': 0, 'Pneumonia': 0, 'Pneumothorax': 0, 'Support Devices': 0}"
"/home/michel/data/Text2Image/mimicxr_train_100/_val_e46_generate_text_top0.85r,edit/No acute cardiopulmonary process. Unremarkable chest radiographic examination/rank_0_000000_fr0.0_cr1.0599edit.png","{'Atelectasis': 0, 'Cardiomegaly': 0, 'Consolidation': 0, 'Edema': 0, 'Enlarged Cardiomediastinum': 0, 'Fracture': 0, 'Lung Lesion': 0, 'Lung Opacity': 0, 'No Finding': 1, 'Pleural Effusion': 0, 'Pleural Other': 0, 'Pneumonia': 0, 'Pneumothorax': 0, 'Support Devices': 1}"
"/home/michel/data/Text2Image/mimicxr_train_100/_val_e46_generate_text_top0.85r,edit/No acute cardiopulmonary process. Unremarkable chest radiographic examination/rank_0_000000_fr0.0_cr1.0600edit.png","{'Atelectasis': 0, 'Cardiomegaly': 0, 'Consolidation': 0, 'Edema': 0, 'Enlarged Cardiomediastinum': 0, 'Fracture': 0, 'Lung Lesion': 0, 'Lung Opacity': 0, 'No Finding': 1, 'Pleural Effusion': 0, 'Pleural Other': 0, 'Pneumonia': 0, 'Pneumothorax': 0, 'Support Devices': 0}"
"/home/michel/data/Text2Image/mimicxr_train_100/_val_e46_generate_text_top0.85r,edit/No acute cardiopulmonary process. Unremarkable chest radiographic examination/rank_0_000000_fr0.0_cr1.0601edit.png","{'Atelectasis': 0, 'Cardiomegaly': 0, 'Consolidation': 0, 'Edema': 0, 'Enlarged Cardiomediastinum': 0, 'Fracture': 0, 'Lung Lesion': 0, 'Lung Opacity': 0, 'No Finding': 1, 'Pleural Effusion': 0, 'Pleural Other': 0, 'Pneumonia': 0, 'Pneumothorax': 0, 'Support Devices': 0}"
"/home/michel/data/Text2Image/mimicxr_train_100/_val_e46_generate_text_top0.85r,edit/No acute cardiopulmonary process. Unremarkable chest radiographic examination/rank_0_000000_fr0.0_cr1.0602edit.png","{'Atelectasis': 0, 'Cardiomegaly': 0, 'Consolidation': 0, 'Edema': 0, 'Enlarged Cardiomediastinum': 0, 'Fracture': 0, 'Lung Lesion': 0, 'Lung Opacity': 0, 'No Finding': 1, 'Pleural Effusion': 0, 'Pleural Other': 0, 'Pneumonia': 0, 'Pneumothorax': 0, 'Support Devices': -1}"
"/home/michel/data/Text2Image/mimicxr_train_100/_val_e46_generate_text_top0.85r,edit/No acute cardiopulmonary process. Unremarkable chest radiographic examination/rank_0_000000_fr0.0_cr1.0603edit.png","{'Atelectasis': 0, 'Cardiomegaly': 0, 'Consolidation': 0, 'Edema': 0, 'Enlarged Cardiomediastinum': 0, 'Fracture': 0, 'Lung Lesion': 0, 'Lung Opacity': 0, 'No Finding': 1, 'Pleural Effusion': 0, 'Pleural Other': 0, 'Pneumonia': 0, 'Pneumothorax': 0, 'Support Devices': 0}"
"/home/michel/data/Text2Image/mimicxr_train_100/_val_e46_generate_text_top0.85r,edit/No acute cardiopulmonary process. Unremarkable chest radiographic examination/rank_0_000000_fr0.0_cr1.0604edit.png","{'Atelectasis': 0, 'Cardiomegaly': 0, 'Consolidation': 0, 'Edema': 0, 'Enlarged Cardiomediastinum': 0, 'Fracture': 0, 'Lung Lesion': 0, 'Lung Opacity': 0, 'No Finding': 1, 'Pleural Effusion': 0, 'Pleural Other': 0, 'Pneumonia': 0, 'Pneumothorax': 0, 'Support Devices': 0}"
"/home/michel/data/Text2Image/mimicxr_train_100/_val_e46_generate_text_top0.85r,edit/No acute cardiopulmonary process. Unremarkable chest radiographic examination/rank_0_000000_fr0.0_cr1.0605edit.png","{'Atelectasis': 0, 'Cardiomegaly': 0, 'Consolidation': 0, 'Edema': 0, 'Enlarged Cardiomediastinum': 0, 'Fracture': 0, 'Lung Lesion': 0, 'Lung Opacity': 0, 'No Finding': 1, 'Pleural Effusion': 0, 'Pleural Other': 0, 'Pneumonia': 0, 'Pneumothorax': 0, 'Support Devices': 0}"
"/home/michel/data/Text2Image/mimicxr_train_100/_val_e46_generate_text_top0.85r,edit/No acute cardiopulmonary process. Unremarkable chest radiographic examination/rank_0_000000_fr0.0_cr1.0606edit.png","{'Atelectasis': 0, 'Cardiomegaly': 0, 'Consolidation': 0, 'Edema': 0, 'Enlarged Cardiomediastinum': 0, 'Fracture': 0, 'Lung Lesion': 0, 'Lung Opacity': 0, 'No Finding': 1, 'Pleural Effusion': 0, 'Pleural Other': 0, 'Pneumonia': 0, 'Pneumothorax': 0, 'Support Devices': 0}"
"/home/michel/data/Text2Image/mimicxr_train_100/_val_e46_generate_text_top0.85r,edit/No acute cardiopulmonary process. Unremarkable chest radiographic examination/rank_0_000000_fr0.0_cr1.0607edit.png","{'Atelectasis': 0, 'Cardiomegaly': 0, 'Consolidation': 0, 'Edema': 0, 'Enlarged Cardiomediastinum': 0, 'Fracture': 0, 'Lung Lesion': 0, 'Lung Opacity': 0, 'No Finding': 1, 'Pleural Effusion': 0, 'Pleural Other': 0, 'Pneumonia': 0, 'Pneumothorax': 0, 'Support Devices': 0}"
"/home/michel/data/Text2Image/mimicxr_train_100/_val_e46_generate_text_top0.85r,edit/No acute cardiopulmonary process. Unremarkable chest radiographic examination/rank_0_000000_fr0.0_cr1.0608edit.png","{'Atelectasis': 0, 'Cardiomegaly': 0, 'Consolidation': 0, 'Edema': 0, 'Enlarged Cardiomediastinum': 0, 'Fracture': 0, 'Lung Lesion': 0, 'Lung Opacity': 0, 'No Finding': 1, 'Pleural Effusion': 0, 'Pleural Other': 0, 'Pneumonia': 0, 'Pneumothorax': 0, 'Support Devices': 0}"
"/home/michel/data/Text2Image/mimicxr_train_100/_val_e46_generate_text_top0.85r,edit/No acute cardiopulmonary process. Unremarkable chest radiographic examination/rank_0_000000_fr0.0_cr1.0609edit.png","{'Atelectasis': 0, 'Cardiomegaly': 0, 'Consolidation': 0, 'Edema': 0, 'Enlarged Cardiomediastinum': 0, 'Fracture': 0, 'Lung Lesion': 0, 'Lung Opacity': 0, 'No Finding': 1, 'Pleural Effusion': 0, 'Pleural Other': 0, 'Pneumonia': 0, 'Pneumothorax': 0, 'Support Devices': 0}"
"/home/michel/data/Text2Image/mimicxr_train_100/_val_e46_generate_text_top0.85r,edit/No acute cardiopulmonary process. Unremarkable chest radiographic examination/rank_0_000000_fr0.0_cr1.0610edit.png","{'Atelectasis': 0, 'Cardiomegaly': 0, 'Consolidation': 0, 'Edema': 0, 'Enlarged Cardiomediastinum': 0, 'Fracture': 0, 'Lung Lesion': 0, 'Lung Opacity': 0, 'No Finding': 1, 'Pleural Effusion': 0, 'Pleural Other': 0, 'Pneumonia': 0, 'Pneumothorax': 0, 'Support Devices': 0}"
"/home/michel/data/Text2Image/mimicxr_train_100/_val_e46_generate_text_top0.85r,edit/No acute cardiopulmonary process. Unremarkable chest radiographic examination/rank_0_000000_fr0.0_cr1.0611edit.png","{'Atelectasis': 0, 'Cardiomegaly': 0, 'Consolidation': 0, 'Edema': 0, 'Enlarged Cardiomediastinum': 0, 'Fracture': 0, 'Lung Lesion': 0, 'Lung Opacity': 0, 'No Finding': 1, 'Pleural Effusion': 0, 'Pleural Other': 0, 'Pneumonia': 0, 'Pneumothorax': 0, 'Support Devices': 0}"
"/home/michel/data/Text2Image/mimicxr_train_100/_val_e46_generate_text_top0.85r,edit/No acute cardiopulmonary process. Unremarkable chest radiographic examination/rank_0_000000_fr0.0_cr1.0612edit.png","{'Atelectasis': 0, 'Cardiomegaly': 0, 'Consolidation': 0, 'Edema': 0, 'Enlarged Cardiomediastinum': 0, 'Fracture': 0, 'Lung Lesion': 0, 'Lung Opacity': 0, 'No Finding': 1, 'Pleural Effusion': 0, 'Pleural Other': 0, 'Pneumonia': 0, 'Pneumothorax': 0, 'Support Devices': 0}"
"/home/michel/data/Text2Image/mimicxr_train_100/_val_e46_generate_text_top0.85r,edit/No acute cardiopulmonary process. Unremarkable chest radiographic examination/rank_0_000000_fr0.0_cr1.0613edit.png","{'Atelectasis': 0, 'Cardiomegaly': 0, 'Consolidation': 0, 'Edema': 0, 'Enlarged Cardiomediastinum': 0, 'Fracture': 0, 'Lung Lesion': 0, 'Lung Opacity': 0, 'No Finding': 1, 'Pleural Effusion': 0, 'Pleural Other': 0, 'Pneumonia': 0, 'Pneumothorax': 0, 'Support Devices': 0}"
"/home/michel/data/Text2Image/mimicxr_train_100/_val_e46_generate_text_top0.85r,edit/No acute cardiopulmonary process. Unremarkable chest radiographic examination/rank_0_000000_fr0.0_cr1.0614edit.png","{'Atelectasis': 0, 'Cardiomegaly': 0, 'Consolidation': 0, 'Edema': 0, 'Enlarged Cardiomediastinum': 0, 'Fracture': 0, 'Lung Lesion': 0, 'Lung Opacity': 0, 'No Finding': 1, 'Pleural Effusion': 0, 'Pleural Other': 0, 'Pneumonia': 0, 'Pneumothorax': 0, 'Support Devices': 0}"
"/home/michel/data/Text2Image/mimicxr_train_100/_val_e46_generate_text_top0.85r,edit/No acute cardiopulmonary process. Unremarkable chest radiographic examination/rank_0_000000_fr0.0_cr1.0615edit.png","{'Atelectasis': 0, 'Cardiomegaly': 0, 'Consolidation': 0, 'Edema': 0, 'Enlarged Cardiomediastinum': 0, 'Fracture': 0, 'Lung Lesion': 0, 'Lung Opacity': 0, 'No Finding': 1, 'Pleural Effusion': 0, 'Pleural Other': 0, 'Pneumonia': 0, 'Pneumothorax': 0, 'Support Devices': 1}"
"/home/michel/data/Text2Image/mimicxr_train_100/_val_e46_generate_text_top0.85r,edit/No acute cardiopulmonary process. Unremarkable chest radiographic examination/rank_0_000000_fr0.0_cr1.0616edit.png","{'Atelectasis': 0, 'Cardiomegaly': 0, 'Consolidation': 0, 'Edema': 0, 'Enlarged Cardiomediastinum': 0, 'Fracture': 0, 'Lung Lesion': 0, 'Lung Opacity': 0, 'No Finding': 1, 'Pleural Effusion': 0, 'Pleural Other': 0, 'Pneumonia': 0, 'Pneumothorax': 0, 'Support Devices': 0}"
"/home/michel/data/Text2Image/mimicxr_train_100/_val_e46_generate_text_top0.85r,edit/No acute cardiopulmonary process. Unremarkable chest radiographic examination/rank_0_000000_fr0.0_cr1.0617edit.png","{'Atelectasis': 0, 'Cardiomegaly': 0, 'Consolidation': 0, 'Edema': 0, 'Enlarged Cardiomediastinum': 0, 'Fracture': 0, 'Lung Lesion': 0, 'Lung Opacity': 0, 'No Finding': 1, 'Pleural Effusion': 0, 'Pleural Other': 0, 'Pneumonia': 0, 'Pneumothorax': 0, 'Support Devices': 0}"
"/home/michel/data/Text2Image/mimicxr_train_100/_val_e46_generate_text_top0.85r,edit/No acute cardiopulmonary process. Unremarkable chest radiographic examination/rank_0_000000_fr0.0_cr1.0618edit.png","{'Atelectasis': 0, 'Cardiomegaly': 0, 'Consolidation': 0, 'Edema': 0, 'Enlarged Cardiomediastinum': 0, 'Fracture': 0, 'Lung Lesion': 0, 'Lung Opacity': 0, 'No Finding': 1, 'Pleural Effusion': 0, 'Pleural Other': 0, 'Pneumonia': 0, 'Pneumothorax': 0, 'Support Devices': 0}"
"/home/michel/data/Text2Image/mimicxr_train_100/_val_e46_generate_text_top0.85r,edit/No acute cardiopulmonary process. Unremarkable chest radiographic examination/rank_0_000000_fr0.0_cr1.0619edit.png","{'Atelectasis': 0, 'Cardiomegaly': 0, 'Consolidation': 0, 'Edema': 0, 'Enlarged Cardiomediastinum': 0, 'Fracture': 0, 'Lung Lesion': 0, 'Lung Opacity': 0, 'No Finding': 1, 'Pleural Effusion': 0, 'Pleural Other': 0, 'Pneumonia': 0, 'Pneumothorax': 0, 'Support Devices': 0}"
"/home/michel/data/Text2Image/mimicxr_train_100/_val_e46_generate_text_top0.85r,edit/No acute cardiopulmonary process. Unremarkable chest radiographic examination/rank_0_000000_fr0.0_cr1.0620edit.png","{'Atelectasis': 0, 'Cardiomegaly': 0, 'Consolidation': 0, 'Edema': 0, 'Enlarged Cardiomediastinum': 0, 'Fracture': 0, 'Lung Lesion': 0, 'Lung Opacity': 0, 'No Finding': 1, 'Pleural Effusion': 0, 'Pleural Other': 0, 'Pneumonia': 0, 'Pneumothorax': 0, 'Support Devices': 0}"
"/home/michel/data/Text2Image/mimicxr_train_100/_val_e46_generate_text_top0.85r,edit/No acute cardiopulmonary process. Unremarkable chest radiographic examination/rank_0_000000_fr0.0_cr1.0621edit.png","{'Atelectasis': 0, 'Cardiomegaly': 0, 'Consolidation': 0, 'Edema': 0, 'Enlarged Cardiomediastinum': 0, 'Fracture': 0, 'Lung Lesion': 0, 'Lung Opacity': 0, 'No Finding': 1, 'Pleural Effusion': 0, 'Pleural Other': 0, 'Pneumonia': 0, 'Pneumothorax': 0, 'Support Devices': 0}"
"/home/michel/data/Text2Image/mimicxr_train_100/_val_e46_generate_text_top0.85r,edit/No acute cardiopulmonary process. Unremarkable chest radiographic examination/rank_0_000000_fr0.0_cr1.0622edit.png","{'Atelectasis': 0, 'Cardiomegaly': 0, 'Consolidation': 0, 'Edema': 0, 'Enlarged Cardiomediastinum': 0, 'Fracture': 0, 'Lung Lesion': 0, 'Lung Opacity': 0, 'No Finding': 1, 'Pleural Effusion': 0, 'Pleural Other': 0, 'Pneumonia': 0, 'Pneumothorax': 0, 'Support Devices': 0}"
"/home/michel/data/Text2Image/mimicxr_train_100/_val_e46_generate_text_top0.85r,edit/No acute cardiopulmonary process. Unremarkable chest radiographic examination/rank_0_000000_fr0.0_cr1.0623edit.png","{'Atelectasis': 0, 'Cardiomegaly': 0, 'Consolidation': 0, 'Edema': 0, 'Enlarged Cardiomediastinum': 0, 'Fracture': 0, 'Lung Lesion': 0, 'Lung Opacity': 0, 'No Finding': 1, 'Pleural Effusion': 0, 'Pleural Other': 0, 'Pneumonia': 0, 'Pneumothorax': 0, 'Support Devices': 0}"
"/home/michel/data/Text2Image/mimicxr_train_100/_val_e46_generate_text_top0.85r,edit/No acute cardiopulmonary process. Unremarkable chest radiographic examination/rank_0_000000_fr0.0_cr1.0624edit.png","{'Atelectasis': 0, 'Cardiomegaly': 0, 'Consolidation': 0, 'Edema': 0, 'Enlarged Cardiomediastinum': 0, 'Fracture': 0, 'Lung Lesion': 0, 'Lung Opacity': 0, 'No Finding': 1, 'Pleural Effusion': 0, 'Pleural Other': 0, 'Pneumonia': 0, 'Pneumothorax': 0, 'Support Devices': 0}"
"/home/michel/data/Text2Image/mimicxr_train_100/_val_e46_generate_text_top0.85r,edit/No acute cardiopulmonary process. Unremarkable chest radiographic examination/rank_0_000000_fr0.0_cr1.0625edit.png","{'Atelectasis': 0, 'Cardiomegaly': 0, 'Consolidation': 0, 'Edema': 0, 'Enlarged Cardiomediastinum': 0, 'Fracture': 0, 'Lung Lesion': 0, 'Lung Opacity': 0, 'No Finding': 1, 'Pleural Effusion': 0, 'Pleural Other': 0, 'Pneumonia': 0, 'Pneumothorax': 0, 'Support Devices': 0}"
"/home/michel/data/Text2Image/mimicxr_train_100/_val_e46_generate_text_top0.85r,edit/No acute cardiopulmonary process. Unremarkable chest radiographic examination/rank_0_000000_fr0.0_cr1.0626edit.png","{'Atelectasis': 0, 'Cardiomegaly': 0, 'Consolidation': 0, 'Edema': 0, 'Enlarged Cardiomediastinum': 0, 'Fracture': 0, 'Lung Lesion': 0, 'Lung Opacity': 0, 'No Finding': 1, 'Pleural Effusion': 0, 'Pleural Other': 0, 'Pneumonia': 0, 'Pneumothorax': 0, 'Support Devices': 1}"
"/home/michel/data/Text2Image/mimicxr_train_100/_val_e46_generate_text_top0.85r,edit/No acute cardiopulmonary process. Unremarkable chest radiographic examination/rank_0_000000_fr0.0_cr1.0627edit.png","{'Atelectasis': 0, 'Cardiomegaly': 0, 'Consolidation': 0, 'Edema': 0, 'Enlarged Cardiomediastinum': 0, 'Fracture': 0, 'Lung Lesion': 0, 'Lung Opacity': 0, 'No Finding': 1, 'Pleural Effusion': 0, 'Pleural Other': 0, 'Pneumonia': 0, 'Pneumothorax': 0, 'Support Devices': 0}"
"/home/michel/data/Text2Image/mimicxr_train_100/_val_e46_generate_text_top0.85r,edit/No acute cardiopulmonary process. Unremarkable chest radiographic examination/rank_0_000000_fr0.0_cr1.0628edit.png","{'Atelectasis': 0, 'Cardiomegaly': 0, 'Consolidation': 0, 'Edema': 0, 'Enlarged Cardiomediastinum': 0, 'Fracture': 0, 'Lung Lesion': 0, 'Lung Opacity': 0, 'No Finding': 1, 'Pleural Effusion': 0, 'Pleural Other': 0, 'Pneumonia': 0, 'Pneumothorax': 0, 'Support Devices': 0}"
"/home/michel/data/Text2Image/mimicxr_train_100/_val_e46_generate_text_top0.85r,edit/No acute cardiopulmonary process. Unremarkable chest radiographic examination/rank_0_000000_fr0.0_cr1.0629edit.png","{'Atelectasis': 0, 'Cardiomegaly': 0, 'Consolidation': 0, 'Edema': 0, 'Enlarged Cardiomediastinum': 0, 'Fracture': 0, 'Lung Lesion': 0, 'Lung Opacity': 0, 'No Finding': 1, 'Pleural Effusion': 0, 'Pleural Other': 0, 'Pneumonia': 0, 'Pneumothorax': 0, 'Support Devices': 0}"
"/home/michel/data/Text2Image/mimicxr_train_100/_val_e46_generate_text_top0.85r,edit/No acute cardiopulmonary process. Unremarkable chest radiographic examination/rank_0_000000_fr0.0_cr1.0630edit.png","{'Atelectasis': 0, 'Cardiomegaly': 0, 'Consolidation': 0, 'Edema': 0, 'Enlarged Cardiomediastinum': 0, 'Fracture': 0, 'Lung Lesion': 0, 'Lung Opacity': 0, 'No Finding': 1, 'Pleural Effusion': 0, 'Pleural Other': 0, 'Pneumonia': 0, 'Pneumothorax': 0, 'Support Devices': 0}"
"/home/michel/data/Text2Image/mimicxr_train_100/_val_e46_generate_text_top0.85r,edit/No acute cardiopulmonary process. Unremarkable chest radiographic examination/rank_0_000000_fr0.0_cr1.0631edit.png","{'Atelectasis': 0, 'Cardiomegaly': 0, 'Consolidation': 0, 'Edema': 0, 'Enlarged Cardiomediastinum': 0, 'Fracture': 0, 'Lung Lesion': 0, 'Lung Opacity': 0, 'No Finding': 1, 'Pleural Effusion': 0, 'Pleural Other': 0, 'Pneumonia': 0, 'Pneumothorax': 0, 'Support Devices': 0}"
"/home/michel/data/Text2Image/mimicxr_train_100/_val_e46_generate_text_top0.85r,edit/No acute cardiopulmonary process. Unremarkable chest radiographic examination/rank_0_000000_fr0.0_cr1.0632edit.png","{'Atelectasis': 0, 'Cardiomegaly': 0, 'Consolidation': 0, 'Edema': 0, 'Enlarged Cardiomediastinum': 0, 'Fracture': 0, 'Lung Lesion': 0, 'Lung Opacity': 0, 'No Finding': 1, 'Pleural Effusion': 0, 'Pleural Other': 0, 'Pneumonia': 0, 'Pneumothorax': 0, 'Support Devices': 1}"
"/home/michel/data/Text2Image/mimicxr_train_100/_val_e46_generate_text_top0.85r,edit/No acute cardiopulmonary process. Unremarkable chest radiographic examination/rank_0_000000_fr0.0_cr1.0633edit.png","{'Atelectasis': 0, 'Cardiomegaly': 0, 'Consolidation': 0, 'Edema': 0, 'Enlarged Cardiomediastinum': 0, 'Fracture': 0, 'Lung Lesion': 0, 'Lung Opacity': 0, 'No Finding': 1, 'Pleural Effusion': 0, 'Pleural Other': 0, 'Pneumonia': 0, 'Pneumothorax': 0, 'Support Devices': 0}"
"/home/michel/data/Text2Image/mimicxr_train_100/_val_e46_generate_text_top0.85r,edit/No acute cardiopulmonary process. Unremarkable chest radiographic examination/rank_0_000000_fr0.0_cr1.0634edit.png","{'Atelectasis': 0, 'Cardiomegaly': 0, 'Consolidation': 0, 'Edema': 0, 'Enlarged Cardiomediastinum': 0, 'Fracture': 0, 'Lung Lesion': 0, 'Lung Opacity': 0, 'No Finding': 1, 'Pleural Effusion': 0, 'Pleural Other': 0, 'Pneumonia': 0, 'Pneumothorax': 0, 'Support Devices': 0}"
"/home/michel/data/Text2Image/mimicxr_train_100/_val_e46_generate_text_top0.85r,edit/No acute cardiopulmonary process. Unremarkable chest radiographic examination/rank_0_000000_fr0.0_cr1.0635edit.png","{'Atelectasis': 0, 'Cardiomegaly': 0, 'Consolidation': 0, 'Edema': 0, 'Enlarged Cardiomediastinum': 0, 'Fracture': 0, 'Lung Lesion': 0, 'Lung Opacity': 0, 'No Finding': 1, 'Pleural Effusion': 0, 'Pleural Other': 0, 'Pneumonia': 0, 'Pneumothorax': 0, 'Support Devices': 0}"
"/home/michel/data/Text2Image/mimicxr_train_100/_val_e46_generate_text_top0.85r,edit/No acute cardiopulmonary process. Unremarkable chest radiographic examination/rank_0_000000_fr0.0_cr1.0636edit.png","{'Atelectasis': 0, 'Cardiomegaly': 0, 'Consolidation': 0, 'Edema': 0, 'Enlarged Cardiomediastinum': 0, 'Fracture': 0, 'Lung Lesion': 0, 'Lung Opacity': 0, 'No Finding': 1, 'Pleural Effusion': 0, 'Pleural Other': 0, 'Pneumonia': 0, 'Pneumothorax': 0, 'Support Devices': 1}"
"/home/michel/data/Text2Image/mimicxr_train_100/_val_e46_generate_text_top0.85r,edit/No acute cardiopulmonary process. Unremarkable chest radiographic examination/rank_0_000000_fr0.0_cr1.0637edit.png","{'Atelectasis': 0, 'Cardiomegaly': 0, 'Consolidation': 0, 'Edema': 0, 'Enlarged Cardiomediastinum': 0, 'Fracture': 0, 'Lung Lesion': 0, 'Lung Opacity': 0, 'No Finding': 1, 'Pleural Effusion': 0, 'Pleural Other': 0, 'Pneumonia': 0, 'Pneumothorax': 0, 'Support Devices': 0}"
"/home/michel/data/Text2Image/mimicxr_train_100/_val_e46_generate_text_top0.85r,edit/No acute cardiopulmonary process. Unremarkable chest radiographic examination/rank_0_000000_fr0.0_cr1.0638edit.png","{'Atelectasis': 0, 'Cardiomegaly': 0, 'Consolidation': 0, 'Edema': 0, 'Enlarged Cardiomediastinum': 0, 'Fracture': 0, 'Lung Lesion': 0, 'Lung Opacity': 0, 'No Finding': 1, 'Pleural Effusion': 0, 'Pleural Other': 0, 'Pneumonia': 0, 'Pneumothorax': 0, 'Support Devices': 1}"
"/home/michel/data/Text2Image/mimicxr_train_100/_val_e46_generate_text_top0.85r,edit/No acute cardiopulmonary process. Unremarkable chest radiographic examination/rank_0_000000_fr0.0_cr1.0639edit.png","{'Atelectasis': 0, 'Cardiomegaly': 0, 'Consolidation': 0, 'Edema': 0, 'Enlarged Cardiomediastinum': 0, 'Fracture': 0, 'Lung Lesion': 0, 'Lung Opacity': 0, 'No Finding': 1, 'Pleural Effusion': 0, 'Pleural Other': 0, 'Pneumonia': 0, 'Pneumothorax': 0, 'Support Devices': 0}"
"/home/michel/data/Text2Image/mimicxr_train_100/_val_e46_generate_text_top0.85r,edit/No acute cardiopulmonary process. Unremarkable chest radiographic examination/rank_0_000000_fr0.0_cr1.0640edit.png","{'Atelectasis': 0, 'Cardiomegaly': 0, 'Consolidation': 0, 'Edema': 0, 'Enlarged Cardiomediastinum': 0, 'Fracture': 0, 'Lung Lesion': 0, 'Lung Opacity': 0, 'No Finding': 1, 'Pleural Effusion': 0, 'Pleural Other': 0, 'Pneumonia': 0, 'Pneumothorax': 0, 'Support Devices': 0}"
"/home/michel/data/Text2Image/mimicxr_train_100/_val_e46_generate_text_top0.85r,edit/No acute cardiopulmonary process. Unremarkable chest radiographic examination/rank_0_000000_fr0.0_cr1.0641edit.png","{'Atelectasis': 0, 'Cardiomegaly': 0, 'Consolidation': 0, 'Edema': 0, 'Enlarged Cardiomediastinum': 0, 'Fracture': 0, 'Lung Lesion': 0, 'Lung Opacity': 0, 'No Finding': 1, 'Pleural Effusion': 0, 'Pleural Other': 0, 'Pneumonia': 0, 'Pneumothorax': 0, 'Support Devices': 0}"
"/home/michel/data/Text2Image/mimicxr_train_100/_val_e46_generate_text_top0.85r,edit/No acute cardiopulmonary process. Unremarkable chest radiographic examination/rank_0_000000_fr0.0_cr1.0642edit.png","{'Atelectasis': 0, 'Cardiomegaly': 0, 'Consolidation': 0, 'Edema': 0, 'Enlarged Cardiomediastinum': 0, 'Fracture': 0, 'Lung Lesion': 0, 'Lung Opacity': 0, 'No Finding': 1, 'Pleural Effusion': 0, 'Pleural Other': 0, 'Pneumonia': 0, 'Pneumothorax': 0, 'Support Devices': 0}"
"/home/michel/data/Text2Image/mimicxr_train_100/_val_e46_generate_text_top0.85r,edit/No acute cardiopulmonary process. Unremarkable chest radiographic examination/rank_0_000000_fr0.0_cr1.0643edit.png","{'Atelectasis': 0, 'Cardiomegaly': 0, 'Consolidation': 0, 'Edema': 0, 'Enlarged Cardiomediastinum': 0, 'Fracture': 0, 'Lung Lesion': 0, 'Lung Opacity': 0, 'No Finding': 1, 'Pleural Effusion': 0, 'Pleural Other': 0, 'Pneumonia': 0, 'Pneumothorax': 0, 'Support Devices': 1}"
"/home/michel/data/Text2Image/mimicxr_train_100/_val_e46_generate_text_top0.85r,edit/No acute cardiopulmonary process. Unremarkable chest radiographic examination/rank_0_000000_fr0.0_cr1.0644edit.png","{'Atelectasis': 0, 'Cardiomegaly': 0, 'Consolidation': 0, 'Edema': 0, 'Enlarged Cardiomediastinum': 0, 'Fracture': 0, 'Lung Lesion': 0, 'Lung Opacity': 0, 'No Finding': 1, 'Pleural Effusion': 0, 'Pleural Other': 0, 'Pneumonia': 0, 'Pneumothorax': 0, 'Support Devices': 1}"
"/home/michel/data/Text2Image/mimicxr_train_100/_val_e46_generate_text_top0.85r,edit/No acute cardiopulmonary process. Unremarkable chest radiographic examination/rank_0_000000_fr0.0_cr1.0645edit.png","{'Atelectasis': 0, 'Cardiomegaly': 0, 'Consolidation': 0, 'Edema': 0, 'Enlarged Cardiomediastinum': 0, 'Fracture': 0, 'Lung Lesion': 0, 'Lung Opacity': 0, 'No Finding': 1, 'Pleural Effusion': 0, 'Pleural Other': 0, 'Pneumonia': 0, 'Pneumothorax': 0, 'Support Devices': 1}"
"/home/michel/data/Text2Image/mimicxr_train_100/_val_e46_generate_text_top0.85r,edit/No acute cardiopulmonary process. Unremarkable chest radiographic examination/rank_0_000000_fr0.0_cr1.0646edit.png","{'Atelectasis': 0, 'Cardiomegaly': 0, 'Consolidation': 0, 'Edema': 0, 'Enlarged Cardiomediastinum': 0, 'Fracture': 0, 'Lung Lesion': 0, 'Lung Opacity': 0, 'No Finding': 1, 'Pleural Effusion': 0, 'Pleural Other': 0, 'Pneumonia': 0, 'Pneumothorax': 0, 'Support Devices': 1}"
"/home/michel/data/Text2Image/mimicxr_train_100/_val_e46_generate_text_top0.85r,edit/No acute cardiopulmonary process. Unremarkable chest radiographic examination/rank_0_000000_fr0.0_cr1.0647edit.png","{'Atelectasis': 0, 'Cardiomegaly': 0, 'Consolidation': 0, 'Edema': 0, 'Enlarged Cardiomediastinum': 0, 'Fracture': 0, 'Lung Lesion': 0, 'Lung Opacity': 0, 'No Finding': 1, 'Pleural Effusion': 0, 'Pleural Other': 0, 'Pneumonia': 0, 'Pneumothorax': 0, 'Support Devices': 0}"
"/home/michel/data/Text2Image/mimicxr_train_100/_val_e46_generate_text_top0.85r,edit/No acute cardiopulmonary process. Unremarkable chest radiographic examination/rank_0_000000_fr0.0_cr1.0648edit.png","{'Atelectasis': 0, 'Cardiomegaly': 0, 'Consolidation': 0, 'Edema': 0, 'Enlarged Cardiomediastinum': 0, 'Fracture': 0, 'Lung Lesion': 0, 'Lung Opacity': 0, 'No Finding': 1, 'Pleural Effusion': 0, 'Pleural Other': 0, 'Pneumonia': 0, 'Pneumothorax': 0, 'Support Devices': 0}"
"/home/michel/data/Text2Image/mimicxr_train_100/_val_e46_generate_text_top0.85r,edit/No acute cardiopulmonary process. Unremarkable chest radiographic examination/rank_0_000000_fr0.0_cr1.0649edit.png","{'Atelectasis': 0, 'Cardiomegaly': 0, 'Consolidation': 0, 'Edema': 0, 'Enlarged Cardiomediastinum': 0, 'Fracture': 0, 'Lung Lesion': 0, 'Lung Opacity': 0, 'No Finding': 1, 'Pleural Effusion': 0, 'Pleural Other': 0, 'Pneumonia': 0, 'Pneumothorax': 0, 'Support Devices': 0}"
"/home/michel/data/Text2Image/mimicxr_train_100/_val_e46_generate_text_top0.85r,edit/No acute cardiopulmonary process. Unremarkable chest radiographic examination/rank_0_000000_fr0.0_cr1.0650edit.png","{'Atelectasis': 0, 'Cardiomegaly': 0, 'Consolidation': 0, 'Edema': 0, 'Enlarged Cardiomediastinum': 0, 'Fracture': 0, 'Lung Lesion': 0, 'Lung Opacity': 0, 'No Finding': 1, 'Pleural Effusion': 0, 'Pleural Other': 0, 'Pneumonia': 0, 'Pneumothorax': 0, 'Support Devices': 0}"
"/home/michel/data/Text2Image/mimicxr_train_100/_val_e46_generate_text_top0.85r,edit/No acute cardiopulmonary process. Unremarkable chest radiographic examination/rank_0_000000_fr0.0_cr1.0651edit.png","{'Atelectasis': 0, 'Cardiomegaly': 0, 'Consolidation': 0, 'Edema': 0, 'Enlarged Cardiomediastinum': 0, 'Fracture': 0, 'Lung Lesion': 0, 'Lung Opacity': 0, 'No Finding': 1, 'Pleural Effusion': 0, 'Pleural Other': 0, 'Pneumonia': 0, 'Pneumothorax': 0, 'Support Devices': 0}"
"/home/michel/data/Text2Image/mimicxr_train_100/_val_e46_generate_text_top0.85r,edit/No acute cardiopulmonary process. Unremarkable chest radiographic examination/rank_0_000000_fr0.0_cr1.0652edit.png","{'Atelectasis': 0, 'Cardiomegaly': 0, 'Consolidation': 0, 'Edema': 0, 'Enlarged Cardiomediastinum': 0, 'Fracture': 0, 'Lung Lesion': 0, 'Lung Opacity': 0, 'No Finding': 1, 'Pleural Effusion': 0, 'Pleural Other': 0, 'Pneumonia': 0, 'Pneumothorax': 0, 'Support Devices': 1}"
"/home/michel/data/Text2Image/mimicxr_train_100/_val_e46_generate_text_top0.85r,edit/No acute cardiopulmonary process. Unremarkable chest radiographic examination/rank_0_000000_fr0.0_cr1.0653edit.png","{'Atelectasis': 0, 'Cardiomegaly': 0, 'Consolidation': 0, 'Edema': 0, 'Enlarged Cardiomediastinum': 0, 'Fracture': 0, 'Lung Lesion': 0, 'Lung Opacity': 0, 'No Finding': 1, 'Pleural Effusion': 0, 'Pleural Other': 0, 'Pneumonia': 0, 'Pneumothorax': 0, 'Support Devices': 1}"
"/home/michel/data/Text2Image/mimicxr_train_100/_val_e46_generate_text_top0.85r,edit/No acute cardiopulmonary process. Unremarkable chest radiographic examination/rank_0_000000_fr0.0_cr1.0654edit.png","{'Atelectasis': 0, 'Cardiomegaly': 0, 'Consolidation': 0, 'Edema': 0, 'Enlarged Cardiomediastinum': 0, 'Fracture': 0, 'Lung Lesion': 0, 'Lung Opacity': 0, 'No Finding': 1, 'Pleural Effusion': 0, 'Pleural Other': 0, 'Pneumonia': 0, 'Pneumothorax': 0, 'Support Devices': 0}"
"/home/michel/data/Text2Image/mimicxr_train_100/_val_e46_generate_text_top0.85r,edit/No acute cardiopulmonary process. Unremarkable chest radiographic examination/rank_0_000000_fr0.0_cr1.0655edit.png","{'Atelectasis': 0, 'Cardiomegaly': 0, 'Consolidation': 0, 'Edema': 0, 'Enlarged Cardiomediastinum': 0, 'Fracture': 0, 'Lung Lesion': 0, 'Lung Opacity': 0, 'No Finding': 1, 'Pleural Effusion': 0, 'Pleural Other': 0, 'Pneumonia': 0, 'Pneumothorax': 0, 'Support Devices': 1}"
"/home/michel/data/Text2Image/mimicxr_train_100/_val_e46_generate_text_top0.85r,edit/No acute cardiopulmonary process. Unremarkable chest radiographic examination/rank_0_000000_fr0.0_cr1.0656edit.png","{'Atelectasis': 0, 'Cardiomegaly': 0, 'Consolidation': 0, 'Edema': 0, 'Enlarged Cardiomediastinum': 0, 'Fracture': 0, 'Lung Lesion': 0, 'Lung Opacity': 0, 'No Finding': 1, 'Pleural Effusion': 0, 'Pleural Other': 0, 'Pneumonia': 0, 'Pneumothorax': 0, 'Support Devices': 0}"
"/home/michel/data/Text2Image/mimicxr_train_100/_val_e46_generate_text_top0.85r,edit/No acute cardiopulmonary process. Unremarkable chest radiographic examination/rank_0_000000_fr0.0_cr1.0657edit.png","{'Atelectasis': 0, 'Cardiomegaly': 0, 'Consolidation': 0, 'Edema': 0, 'Enlarged Cardiomediastinum': 0, 'Fracture': 0, 'Lung Lesion': 0, 'Lung Opacity': 0, 'No Finding': 1, 'Pleural Effusion': 0, 'Pleural Other': 0, 'Pneumonia': 0, 'Pneumothorax': 0, 'Support Devices': 0}"
"/home/michel/data/Text2Image/mimicxr_train_100/_val_e46_generate_text_top0.85r,edit/No acute cardiopulmonary process. Unremarkable chest radiographic examination/rank_0_000000_fr0.0_cr1.0658edit.png","{'Atelectasis': 0, 'Cardiomegaly': 0, 'Consolidation': 0, 'Edema': 0, 'Enlarged Cardiomediastinum': 0, 'Fracture': 0, 'Lung Lesion': 0, 'Lung Opacity': 0, 'No Finding': 1, 'Pleural Effusion': 0, 'Pleural Other': 0, 'Pneumonia': 0, 'Pneumothorax': 0, 'Support Devices': 0}"
"/home/michel/data/Text2Image/mimicxr_train_100/_val_e46_generate_text_top0.85r,edit/No acute cardiopulmonary process. Unremarkable chest radiographic examination/rank_0_000000_fr0.0_cr1.0659edit.png","{'Atelectasis': 0, 'Cardiomegaly': 0, 'Consolidation': 0, 'Edema': 0, 'Enlarged Cardiomediastinum': 0, 'Fracture': 0, 'Lung Lesion': 0, 'Lung Opacity': 0, 'No Finding': 1, 'Pleural Effusion': 0, 'Pleural Other': 0, 'Pneumonia': 0, 'Pneumothorax': 0, 'Support Devices': 1}"
"/home/michel/data/Text2Image/mimicxr_train_100/_val_e46_generate_text_top0.85r,edit/No acute cardiopulmonary process. Unremarkable chest radiographic examination/rank_0_000000_fr0.0_cr1.0660edit.png","{'Atelectasis': 0, 'Cardiomegaly': 0, 'Consolidation': 0, 'Edema': 0, 'Enlarged Cardiomediastinum': 0, 'Fracture': 0, 'Lung Lesion': 0, 'Lung Opacity': 0, 'No Finding': 1, 'Pleural Effusion': 0, 'Pleural Other': 0, 'Pneumonia': 0, 'Pneumothorax': 0, 'Support Devices': 1}"
"/home/michel/data/Text2Image/mimicxr_train_100/_val_e46_generate_text_top0.85r,edit/No acute cardiopulmonary process. Unremarkable chest radiographic examination/rank_0_000000_fr0.0_cr1.0661edit.png","{'Atelectasis': 0, 'Cardiomegaly': 0, 'Consolidation': 0, 'Edema': 0, 'Enlarged Cardiomediastinum': 0, 'Fracture': 0, 'Lung Lesion': 0, 'Lung Opacity': 0, 'No Finding': 1, 'Pleural Effusion': 0, 'Pleural Other': 0, 'Pneumonia': 0, 'Pneumothorax': 0, 'Support Devices': 0}"
"/home/michel/data/Text2Image/mimicxr_train_100/_val_e46_generate_text_top0.85r,edit/No acute cardiopulmonary process. Unremarkable chest radiographic examination/rank_0_000000_fr0.0_cr1.0662edit.png","{'Atelectasis': 0, 'Cardiomegaly': 0, 'Consolidation': 0, 'Edema': 0, 'Enlarged Cardiomediastinum': 0, 'Fracture': 0, 'Lung Lesion': 0, 'Lung Opacity': 0, 'No Finding': 1, 'Pleural Effusion': 0, 'Pleural Other': 0, 'Pneumonia': 0, 'Pneumothorax': 0, 'Support Devices': 1}"
"/home/michel/data/Text2Image/mimicxr_train_100/_val_e46_generate_text_top0.85r,edit/No acute cardiopulmonary process. Unremarkable chest radiographic examination/rank_0_000000_fr0.0_cr1.0663edit.png","{'Atelectasis': 0, 'Cardiomegaly': 0, 'Consolidation': 0, 'Edema': 0, 'Enlarged Cardiomediastinum': 0, 'Fracture': 0, 'Lung Lesion': 0, 'Lung Opacity': 0, 'No Finding': 1, 'Pleural Effusion': 0, 'Pleural Other': 0, 'Pneumonia': 0, 'Pneumothorax': 0, 'Support Devices': 1}"
"/home/michel/data/Text2Image/mimicxr_train_100/_val_e46_generate_text_top0.85r,edit/No acute cardiopulmonary process. Unremarkable chest radiographic examination/rank_0_000000_fr0.0_cr1.0664edit.png","{'Atelectasis': 0, 'Cardiomegaly': 0, 'Consolidation': 0, 'Edema': 0, 'Enlarged Cardiomediastinum': 0, 'Fracture': 0, 'Lung Lesion': 0, 'Lung Opacity': 0, 'No Finding': 1, 'Pleural Effusion': 0, 'Pleural Other': 0, 'Pneumonia': 0, 'Pneumothorax': 0, 'Support Devices': 0}"
"/home/michel/data/Text2Image/mimicxr_train_100/_val_e46_generate_text_top0.85r,edit/No acute cardiopulmonary process. Unremarkable chest radiographic examination/rank_0_000000_fr0.0_cr1.0665edit.png","{'Atelectasis': 0, 'Cardiomegaly': 0, 'Consolidation': 0, 'Edema': 0, 'Enlarged Cardiomediastinum': 0, 'Fracture': 0, 'Lung Lesion': 0, 'Lung Opacity': 0, 'No Finding': 1, 'Pleural Effusion': 0, 'Pleural Other': 0, 'Pneumonia': 0, 'Pneumothorax': 0, 'Support Devices': 0}"
"/home/michel/data/Text2Image/mimicxr_train_100/_val_e46_generate_text_top0.85r,edit/No acute cardiopulmonary process. Unremarkable chest radiographic examination/rank_0_000000_fr0.0_cr1.0666edit.png","{'Atelectasis': 0, 'Cardiomegaly': 0, 'Consolidation': 0, 'Edema': 0, 'Enlarged Cardiomediastinum': 0, 'Fracture': 0, 'Lung Lesion': 0, 'Lung Opacity': 0, 'No Finding': 1, 'Pleural Effusion': 0, 'Pleural Other': 0, 'Pneumonia': 0, 'Pneumothorax': 0, 'Support Devices': 0}"
"/home/michel/data/Text2Image/mimicxr_train_100/_val_e46_generate_text_top0.85r,edit/No acute cardiopulmonary process. Unremarkable chest radiographic examination/rank_0_000000_fr0.0_cr1.0667edit.png","{'Atelectasis': 0, 'Cardiomegaly': 0, 'Consolidation': 0, 'Edema': 0, 'Enlarged Cardiomediastinum': 0, 'Fracture': 0, 'Lung Lesion': 0, 'Lung Opacity': 0, 'No Finding': 1, 'Pleural Effusion': 0, 'Pleural Other': 0, 'Pneumonia': 0, 'Pneumothorax': 0, 'Support Devices': 0}"
"/home/michel/data/Text2Image/mimicxr_train_100/_val_e46_generate_text_top0.85r,edit/No acute cardiopulmonary process. Unremarkable chest radiographic examination/rank_0_000000_fr0.0_cr1.0668edit.png","{'Atelectasis': 0, 'Cardiomegaly': 0, 'Consolidation': 0, 'Edema': 0, 'Enlarged Cardiomediastinum': 0, 'Fracture': 0, 'Lung Lesion': 0, 'Lung Opacity': 0, 'No Finding': 1, 'Pleural Effusion': 0, 'Pleural Other': 0, 'Pneumonia': 0, 'Pneumothorax': 0, 'Support Devices': 0}"
"/home/michel/data/Text2Image/mimicxr_train_100/_val_e46_generate_text_top0.85r,edit/No acute cardiopulmonary process. Unremarkable chest radiographic examination/rank_0_000000_fr0.0_cr1.0669edit.png","{'Atelectasis': 0, 'Cardiomegaly': 0, 'Consolidation': 0, 'Edema': 0, 'Enlarged Cardiomediastinum': 0, 'Fracture': 0, 'Lung Lesion': 0, 'Lung Opacity': 0, 'No Finding': 1, 'Pleural Effusion': 0, 'Pleural Other': 0, 'Pneumonia': 0, 'Pneumothorax': 0, 'Support Devices': 0}"
"/home/michel/data/Text2Image/mimicxr_train_100/_val_e46_generate_text_top0.85r,edit/No acute cardiopulmonary process. Unremarkable chest radiographic examination/rank_0_000000_fr0.0_cr1.0670edit.png","{'Atelectasis': 0, 'Cardiomegaly': 0, 'Consolidation': 0, 'Edema': 0, 'Enlarged Cardiomediastinum': 0, 'Fracture': 0, 'Lung Lesion': 0, 'Lung Opacity': 0, 'No Finding': 1, 'Pleural Effusion': 0, 'Pleural Other': 0, 'Pneumonia': 0, 'Pneumothorax': 0, 'Support Devices': 0}"
"/home/michel/data/Text2Image/mimicxr_train_100/_val_e46_generate_text_top0.85r,edit/No acute cardiopulmonary process. Unremarkable chest radiographic examination/rank_0_000000_fr0.0_cr1.0671edit.png","{'Atelectasis': 0, 'Cardiomegaly': 0, 'Consolidation': 0, 'Edema': 0, 'Enlarged Cardiomediastinum': 0, 'Fracture': 0, 'Lung Lesion': 0, 'Lung Opacity': 0, 'No Finding': 1, 'Pleural Effusion': 0, 'Pleural Other': 0, 'Pneumonia': 0, 'Pneumothorax': 0, 'Support Devices': 0}"
"/home/michel/data/Text2Image/mimicxr_train_100/_val_e46_generate_text_top0.85r,edit/No acute cardiopulmonary process. Unremarkable chest radiographic examination/rank_0_000000_fr0.0_cr1.0672edit.png","{'Atelectasis': 0, 'Cardiomegaly': 0, 'Consolidation': 0, 'Edema': 0, 'Enlarged Cardiomediastinum': 0, 'Fracture': 0, 'Lung Lesion': 0, 'Lung Opacity': 0, 'No Finding': 1, 'Pleural Effusion': 0, 'Pleural Other': 0, 'Pneumonia': 0, 'Pneumothorax': 0, 'Support Devices': 0}"
"/home/michel/data/Text2Image/mimicxr_train_100/_val_e46_generate_text_top0.85r,edit/No acute cardiopulmonary process. Unremarkable chest radiographic examination/rank_0_000000_fr0.0_cr1.0673edit.png","{'Atelectasis': 0, 'Cardiomegaly': 0, 'Consolidation': 0, 'Edema': 0, 'Enlarged Cardiomediastinum': 0, 'Fracture': 0, 'Lung Lesion': 0, 'Lung Opacity': 0, 'No Finding': 1, 'Pleural Effusion': 0, 'Pleural Other': 0, 'Pneumonia': 0, 'Pneumothorax': 0, 'Support Devices': 0}"
"/home/michel/data/Text2Image/mimicxr_train_100/_val_e46_generate_text_top0.85r,edit/No acute cardiopulmonary process. Unremarkable chest radiographic examination/rank_0_000000_fr0.0_cr1.0674edit.png","{'Atelectasis': 0, 'Cardiomegaly': 0, 'Consolidation': 0, 'Edema': 0, 'Enlarged Cardiomediastinum': 0, 'Fracture': 0, 'Lung Lesion': 0, 'Lung Opacity': 0, 'No Finding': 1, 'Pleural Effusion': 0, 'Pleural Other': 0, 'Pneumonia': 0, 'Pneumothorax': 0, 'Support Devices': 0}"
"/home/michel/data/Text2Image/mimicxr_train_100/_val_e46_generate_text_top0.85r,edit/No acute cardiopulmonary process. Unremarkable chest radiographic examination/rank_0_000000_fr0.0_cr1.0675edit.png","{'Atelectasis': 0, 'Cardiomegaly': 0, 'Consolidation': 0, 'Edema': 0, 'Enlarged Cardiomediastinum': 0, 'Fracture': 0, 'Lung Lesion': 0, 'Lung Opacity': 0, 'No Finding': 1, 'Pleural Effusion': 0, 'Pleural Other': 0, 'Pneumonia': 0, 'Pneumothorax': 0, 'Support Devices': 0}"
"/home/michel/data/Text2Image/mimicxr_train_100/_val_e46_generate_text_top0.85r,edit/No acute cardiopulmonary process. Unremarkable chest radiographic examination/rank_0_000000_fr0.0_cr1.0676edit.png","{'Atelectasis': 0, 'Cardiomegaly': 0, 'Consolidation': 0, 'Edema': 0, 'Enlarged Cardiomediastinum': 0, 'Fracture': 0, 'Lung Lesion': 0, 'Lung Opacity': 0, 'No Finding': 1, 'Pleural Effusion': 0, 'Pleural Other': 0, 'Pneumonia': 0, 'Pneumothorax': 0, 'Support Devices': 0}"
"/home/michel/data/Text2Image/mimicxr_train_100/_val_e46_generate_text_top0.85r,edit/No acute cardiopulmonary process. Unremarkable chest radiographic examination/rank_0_000000_fr0.0_cr1.0677edit.png","{'Atelectasis': 0, 'Cardiomegaly': 0, 'Consolidation': 0, 'Edema': 0, 'Enlarged Cardiomediastinum': 0, 'Fracture': 0, 'Lung Lesion': 0, 'Lung Opacity': 0, 'No Finding': 1, 'Pleural Effusion': 0, 'Pleural Other': 0, 'Pneumonia': 0, 'Pneumothorax': 0, 'Support Devices': 0}"
"/home/michel/data/Text2Image/mimicxr_train_100/_val_e46_generate_text_top0.85r,edit/No acute cardiopulmonary process. Unremarkable chest radiographic examination/rank_0_000000_fr0.0_cr1.0678edit.png","{'Atelectasis': 0, 'Cardiomegaly': 0, 'Consolidation': 0, 'Edema': 0, 'Enlarged Cardiomediastinum': 0, 'Fracture': 0, 'Lung Lesion': 0, 'Lung Opacity': 0, 'No Finding': 1, 'Pleural Effusion': 0, 'Pleural Other': 0, 'Pneumonia': 0, 'Pneumothorax': 0, 'Support Devices': 0}"
"/home/michel/data/Text2Image/mimicxr_train_100/_val_e46_generate_text_top0.85r,edit/No acute cardiopulmonary process. Unremarkable chest radiographic examination/rank_0_000000_fr0.0_cr1.0679edit.png","{'Atelectasis': 0, 'Cardiomegaly': 0, 'Consolidation': 0, 'Edema': 0, 'Enlarged Cardiomediastinum': 0, 'Fracture': 0, 'Lung Lesion': 0, 'Lung Opacity': 0, 'No Finding': 1, 'Pleural Effusion': 0, 'Pleural Other': 0, 'Pneumonia': 0, 'Pneumothorax': 0, 'Support Devices': 0}"
"/home/michel/data/Text2Image/mimicxr_train_100/_val_e46_generate_text_top0.85r,edit/No acute cardiopulmonary process. Unremarkable chest radiographic examination/rank_0_000000_fr0.0_cr1.0680edit.png","{'Atelectasis': 0, 'Cardiomegaly': 0, 'Consolidation': 0, 'Edema': 0, 'Enlarged Cardiomediastinum': 0, 'Fracture': 0, 'Lung Lesion': 0, 'Lung Opacity': 0, 'No Finding': 1, 'Pleural Effusion': 0, 'Pleural Other': 0, 'Pneumonia': 0, 'Pneumothorax': 0, 'Support Devices': 1}"
"/home/michel/data/Text2Image/mimicxr_train_100/_val_e46_generate_text_top0.85r,edit/No acute cardiopulmonary process. Unremarkable chest radiographic examination/rank_0_000000_fr0.0_cr1.0681edit.png","{'Atelectasis': 0, 'Cardiomegaly': 0, 'Consolidation': 0, 'Edema': 0, 'Enlarged Cardiomediastinum': 0, 'Fracture': 0, 'Lung Lesion': 0, 'Lung Opacity': 0, 'No Finding': 1, 'Pleural Effusion': 0, 'Pleural Other': 0, 'Pneumonia': 0, 'Pneumothorax': 0, 'Support Devices': 0}"
"/home/michel/data/Text2Image/mimicxr_train_100/_val_e46_generate_text_top0.85r,edit/No acute cardiopulmonary process. Unremarkable chest radiographic examination/rank_0_000000_fr0.0_cr1.0682edit.png","{'Atelectasis': 0, 'Cardiomegaly': 0, 'Consolidation': 0, 'Edema': 0, 'Enlarged Cardiomediastinum': 0, 'Fracture': 0, 'Lung Lesion': 0, 'Lung Opacity': 0, 'No Finding': 1, 'Pleural Effusion': 0, 'Pleural Other': 0, 'Pneumonia': 0, 'Pneumothorax': 0, 'Support Devices': 0}"
"/home/michel/data/Text2Image/mimicxr_train_100/_val_e46_generate_text_top0.85r,edit/No acute cardiopulmonary process. Unremarkable chest radiographic examination/rank_0_000000_fr0.0_cr1.0683edit.png","{'Atelectasis': 0, 'Cardiomegaly': 0, 'Consolidation': 0, 'Edema': 0, 'Enlarged Cardiomediastinum': 0, 'Fracture': 0, 'Lung Lesion': 0, 'Lung Opacity': 0, 'No Finding': 1, 'Pleural Effusion': 0, 'Pleural Other': 0, 'Pneumonia': 0, 'Pneumothorax': 0, 'Support Devices': 0}"
"/home/michel/data/Text2Image/mimicxr_train_100/_val_e46_generate_text_top0.85r,edit/No acute cardiopulmonary process. Unremarkable chest radiographic examination/rank_0_000000_fr0.0_cr1.0684edit.png","{'Atelectasis': 0, 'Cardiomegaly': 0, 'Consolidation': 0, 'Edema': 0, 'Enlarged Cardiomediastinum': 0, 'Fracture': 0, 'Lung Lesion': 0, 'Lung Opacity': 0, 'No Finding': 1, 'Pleural Effusion': 0, 'Pleural Other': 0, 'Pneumonia': 0, 'Pneumothorax': 0, 'Support Devices': 0}"
"/home/michel/data/Text2Image/mimicxr_train_100/_val_e46_generate_text_top0.85r,edit/No acute cardiopulmonary process. Unremarkable chest radiographic examination/rank_0_000000_fr0.0_cr1.0685edit.png","{'Atelectasis': 0, 'Cardiomegaly': 0, 'Consolidation': 0, 'Edema': 0, 'Enlarged Cardiomediastinum': 0, 'Fracture': 0, 'Lung Lesion': 0, 'Lung Opacity': 0, 'No Finding': 1, 'Pleural Effusion': 0, 'Pleural Other': 0, 'Pneumonia': 0, 'Pneumothorax': 0, 'Support Devices': 0}"
"/home/michel/data/Text2Image/mimicxr_train_100/_val_e46_generate_text_top0.85r,edit/No acute cardiopulmonary process. Unremarkable chest radiographic examination/rank_0_000000_fr0.0_cr1.0686edit.png","{'Atelectasis': 0, 'Cardiomegaly': 0, 'Consolidation': 0, 'Edema': 0, 'Enlarged Cardiomediastinum': 0, 'Fracture': 0, 'Lung Lesion': 0, 'Lung Opacity': 0, 'No Finding': 1, 'Pleural Effusion': 0, 'Pleural Other': 0, 'Pneumonia': 0, 'Pneumothorax': 0, 'Support Devices': 0}"
"/home/michel/data/Text2Image/mimicxr_train_100/_val_e46_generate_text_top0.85r,edit/No acute cardiopulmonary process. Unremarkable chest radiographic examination/rank_0_000000_fr0.0_cr1.0687edit.png","{'Atelectasis': 0, 'Cardiomegaly': 0, 'Consolidation': 0, 'Edema': 0, 'Enlarged Cardiomediastinum': 0, 'Fracture': 0, 'Lung Lesion': 0, 'Lung Opacity': 0, 'No Finding': 1, 'Pleural Effusion': 0, 'Pleural Other': 0, 'Pneumonia': 0, 'Pneumothorax': 0, 'Support Devices': 0}"
"/home/michel/data/Text2Image/mimicxr_train_100/_val_e46_generate_text_top0.85r,edit/No acute cardiopulmonary process. Unremarkable chest radiographic examination/rank_0_000000_fr0.0_cr1.0688edit.png","{'Atelectasis': 0, 'Cardiomegaly': 0, 'Consolidation': 0, 'Edema': 0, 'Enlarged Cardiomediastinum': 0, 'Fracture': 0, 'Lung Lesion': 0, 'Lung Opacity': 0, 'No Finding': 1, 'Pleural Effusion': 0, 'Pleural Other': 0, 'Pneumonia': 0, 'Pneumothorax': 0, 'Support Devices': 0}"
"/home/michel/data/Text2Image/mimicxr_train_100/_val_e46_generate_text_top0.85r,edit/No acute cardiopulmonary process. Unremarkable chest radiographic examination/rank_0_000000_fr0.0_cr1.0689edit.png","{'Atelectasis': 0, 'Cardiomegaly': 0, 'Consolidation': 0, 'Edema': 0, 'Enlarged Cardiomediastinum': 0, 'Fracture': 0, 'Lung Lesion': 0, 'Lung Opacity': 0, 'No Finding': 1, 'Pleural Effusion': 0, 'Pleural Other': 0, 'Pneumonia': 0, 'Pneumothorax': 0, 'Support Devices': 0}"
"/home/michel/data/Text2Image/mimicxr_train_100/_val_e46_generate_text_top0.85r,edit/No acute cardiopulmonary process. Unremarkable chest radiographic examination/rank_0_000000_fr0.0_cr1.0690edit.png","{'Atelectasis': 0, 'Cardiomegaly': 0, 'Consolidation': 0, 'Edema': 0, 'Enlarged Cardiomediastinum': 0, 'Fracture': 0, 'Lung Lesion': 0, 'Lung Opacity': 0, 'No Finding': 1, 'Pleural Effusion': 0, 'Pleural Other': 0, 'Pneumonia': 0, 'Pneumothorax': 0, 'Support Devices': 0}"
"/home/michel/data/Text2Image/mimicxr_train_100/_val_e46_generate_text_top0.85r,edit/No acute cardiopulmonary process. Unremarkable chest radiographic examination/rank_0_000000_fr0.0_cr1.0691edit.png","{'Atelectasis': 0, 'Cardiomegaly': 0, 'Consolidation': 0, 'Edema': 0, 'Enlarged Cardiomediastinum': 0, 'Fracture': 0, 'Lung Lesion': 0, 'Lung Opacity': 0, 'No Finding': 1, 'Pleural Effusion': 0, 'Pleural Other': 0, 'Pneumonia': 0, 'Pneumothorax': 0, 'Support Devices': 0}"
"/home/michel/data/Text2Image/mimicxr_train_100/_val_e46_generate_text_top0.85r,edit/No acute cardiopulmonary process. Unremarkable chest radiographic examination/rank_0_000000_fr0.0_cr1.0692edit.png","{'Atelectasis': 0, 'Cardiomegaly': 0, 'Consolidation': 0, 'Edema': 0, 'Enlarged Cardiomediastinum': 0, 'Fracture': 0, 'Lung Lesion': 0, 'Lung Opacity': 0, 'No Finding': 1, 'Pleural Effusion': 0, 'Pleural Other': 0, 'Pneumonia': 0, 'Pneumothorax': 0, 'Support Devices': 1}"
"/home/michel/data/Text2Image/mimicxr_train_100/_val_e46_generate_text_top0.85r,edit/No acute cardiopulmonary process. Unremarkable chest radiographic examination/rank_0_000000_fr0.0_cr1.0693edit.png","{'Atelectasis': 0, 'Cardiomegaly': 0, 'Consolidation': 0, 'Edema': 0, 'Enlarged Cardiomediastinum': 0, 'Fracture': 0, 'Lung Lesion': 0, 'Lung Opacity': 0, 'No Finding': 1, 'Pleural Effusion': 0, 'Pleural Other': 0, 'Pneumonia': 0, 'Pneumothorax': 0, 'Support Devices': 0}"
"/home/michel/data/Text2Image/mimicxr_train_100/_val_e46_generate_text_top0.85r,edit/No acute cardiopulmonary process. Unremarkable chest radiographic examination/rank_0_000000_fr0.0_cr1.0694edit.png","{'Atelectasis': 0, 'Cardiomegaly': 0, 'Consolidation': 0, 'Edema': 0, 'Enlarged Cardiomediastinum': 0, 'Fracture': 0, 'Lung Lesion': 0, 'Lung Opacity': 0, 'No Finding': 1, 'Pleural Effusion': 0, 'Pleural Other': 0, 'Pneumonia': 0, 'Pneumothorax': 0, 'Support Devices': 0}"
"/home/michel/data/Text2Image/mimicxr_train_100/_val_e46_generate_text_top0.85r,edit/No acute cardiopulmonary process. Unremarkable chest radiographic examination/rank_0_000000_fr0.0_cr1.0695edit.png","{'Atelectasis': 0, 'Cardiomegaly': 0, 'Consolidation': 0, 'Edema': 0, 'Enlarged Cardiomediastinum': 0, 'Fracture': 0, 'Lung Lesion': 0, 'Lung Opacity': 0, 'No Finding': 1, 'Pleural Effusion': 0, 'Pleural Other': 0, 'Pneumonia': 0, 'Pneumothorax': 0, 'Support Devices': 0}"
"/home/michel/data/Text2Image/mimicxr_train_100/_val_e46_generate_text_top0.85r,edit/No acute cardiopulmonary process. Unremarkable chest radiographic examination/rank_0_000000_fr0.0_cr1.0696edit.png","{'Atelectasis': 0, 'Cardiomegaly': 0, 'Consolidation': 0, 'Edema': 0, 'Enlarged Cardiomediastinum': 0, 'Fracture': 0, 'Lung Lesion': 0, 'Lung Opacity': 0, 'No Finding': 1, 'Pleural Effusion': 0, 'Pleural Other': 0, 'Pneumonia': 0, 'Pneumothorax': 0, 'Support Devices': 0}"
"/home/michel/data/Text2Image/mimicxr_train_100/_val_e46_generate_text_top0.85r,edit/No acute cardiopulmonary process. Unremarkable chest radiographic examination/rank_0_000000_fr0.0_cr1.0697edit.png","{'Atelectasis': 0, 'Cardiomegaly': 0, 'Consolidation': 0, 'Edema': 0, 'Enlarged Cardiomediastinum': 0, 'Fracture': 0, 'Lung Lesion': 0, 'Lung Opacity': 0, 'No Finding': 1, 'Pleural Effusion': 0, 'Pleural Other': 0, 'Pneumonia': 0, 'Pneumothorax': 0, 'Support Devices': 0}"
"/home/michel/data/Text2Image/mimicxr_train_100/_val_e46_generate_text_top0.85r,edit/No acute cardiopulmonary process. Unremarkable chest radiographic examination/rank_0_000000_fr0.0_cr1.0698edit.png","{'Atelectasis': 0, 'Cardiomegaly': 0, 'Consolidation': 0, 'Edema': 0, 'Enlarged Cardiomediastinum': 0, 'Fracture': 0, 'Lung Lesion': 0, 'Lung Opacity': 0, 'No Finding': 1, 'Pleural Effusion': 0, 'Pleural Other': 0, 'Pneumonia': 0, 'Pneumothorax': 0, 'Support Devices': 0}"
"/home/michel/data/Text2Image/mimicxr_train_100/_val_e46_generate_text_top0.85r,edit/No acute cardiopulmonary process. Unremarkable chest radiographic examination/rank_0_000000_fr0.0_cr1.0699edit.png","{'Atelectasis': 0, 'Cardiomegaly': 0, 'Consolidation': 0, 'Edema': 0, 'Enlarged Cardiomediastinum': 0, 'Fracture': 0, 'Lung Lesion': 0, 'Lung Opacity': 0, 'No Finding': 1, 'Pleural Effusion': 0, 'Pleural Other': 0, 'Pneumonia': 0, 'Pneumothorax': 0, 'Support Devices': 0}"
