paths,chexpert_labels
"/home/michel/data/Text2Image/mimicxr_train_100/_val_e46_generate_text_top0.85r,edit/No acute cardiopulmonary process. Unremarkable chest radiographic examination/rank_0_000000_fr0.0_cr1.00orig.jpg","{'Atelectasis': 0, 'Cardiomegaly': 0, 'Consolidation': 0, 'Edema': 0, 'Enlarged Cardiomediastinum': 0, 'Fracture': 0, 'Lung Lesion': 0, 'Lung Opacity': 0, 'No Finding': 1, 'Pleural Effusion': 0, 'Pleural Other': 0, 'Pneumonia': 0, 'Pneumothorax': 0, 'Support Devices': 0}"
"/home/michel/data/Text2Image/mimicxr_train_100/_val_e46_generate_text_top0.85r,edit/No acute cardiopulmonary process. Unremarkable chest radiographic examination/rank_0_000000_fr0.0_cr1.01orig.jpg","{'Atelectasis': 0, 'Cardiomegaly': 0, 'Consolidation': 0, 'Edema': 0, 'Enlarged Cardiomediastinum': 0, 'Fracture': 0, 'Lung Lesion': 0, 'Lung Opacity': 0, 'No Finding': 1, 'Pleural Effusion': 0, 'Pleural Other': 0, 'Pneumonia': 0, 'Pneumothorax': 0, 'Support Devices': 0}"
"/home/michel/data/Text2Image/mimicxr_train_100/_val_e46_generate_text_top0.85r,edit/No acute cardiopulmonary process. Unremarkable chest radiographic examination/rank_0_000000_fr0.0_cr1.02orig.jpg","{'Atelectasis': 0, 'Cardiomegaly': 0, 'Consolidation': 0, 'Edema': 0, 'Enlarged Cardiomediastinum': 0, 'Fracture': 0, 'Lung Lesion': 0, 'Lung Opacity': 0, 'No Finding': 1, 'Pleural Effusion': 0, 'Pleural Other': 0, 'Pneumonia': 0, 'Pneumothorax': 0, 'Support Devices': 0}"
"/home/michel/data/Text2Image/mimicxr_train_100/_val_e46_generate_text_top0.85r,edit/No acute cardiopulmonary process. Unremarkable chest radiographic examination/rank_0_000000_fr0.0_cr1.03orig.jpg","{'Atelectasis': 0, 'Cardiomegaly': 0, 'Consolidation': 0, 'Edema': 0, 'Enlarged Cardiomediastinum': 0, 'Fracture': 0, 'Lung Lesion': 0, 'Lung Opacity': 0, 'No Finding': 1, 'Pleural Effusion': 0, 'Pleural Other': 0, 'Pneumonia': 0, 'Pneumothorax': 0, 'Support Devices': 0}"
"/home/michel/data/Text2Image/mimicxr_train_100/_val_e46_generate_text_top0.85r,edit/No acute cardiopulmonary process. Unremarkable chest radiographic examination/rank_0_000000_fr0.0_cr1.04orig.jpg","{'Atelectasis': 0, 'Cardiomegaly': 0, 'Consolidation': 0, 'Edema': 0, 'Enlarged Cardiomediastinum': 0, 'Fracture': 0, 'Lung Lesion': 0, 'Lung Opacity': 0, 'No Finding': 1, 'Pleural Effusion': 0, 'Pleural Other': 0, 'Pneumonia': 0, 'Pneumothorax': 0, 'Support Devices': 1}"
"/home/michel/data/Text2Image/mimicxr_train_100/_val_e46_generate_text_top0.85r,edit/No acute cardiopulmonary process. Unremarkable chest radiographic examination/rank_0_000000_fr0.0_cr1.05orig.jpg","{'Atelectasis': 0, 'Cardiomegaly': 0, 'Consolidation': 0, 'Edema': 0, 'Enlarged Cardiomediastinum': 0, 'Fracture': 0, 'Lung Lesion': 0, 'Lung Opacity': 0, 'No Finding': 1, 'Pleural Effusion': 0, 'Pleural Other': 0, 'Pneumonia': 0, 'Pneumothorax': 0, 'Support Devices': 1}"
"/home/michel/data/Text2Image/mimicxr_train_100/_val_e46_generate_text_top0.85r,edit/No acute cardiopulmonary process. Unremarkable chest radiographic examination/rank_0_000000_fr0.0_cr1.06orig.jpg","{'Atelectasis': 0, 'Cardiomegaly': 0, 'Consolidation': 0, 'Edema': 0, 'Enlarged Cardiomediastinum': 0, 'Fracture': 0, 'Lung Lesion': 0, 'Lung Opacity': 0, 'No Finding': 1, 'Pleural Effusion': 0, 'Pleural Other': 0, 'Pneumonia': 0, 'Pneumothorax': 0, 'Support Devices': 1}"
"/home/michel/data/Text2Image/mimicxr_train_100/_val_e46_generate_text_top0.85r,edit/No acute cardiopulmonary process. Unremarkable chest radiographic examination/rank_0_000000_fr0.0_cr1.07orig.jpg","{'Atelectasis': 0, 'Cardiomegaly': 0, 'Consolidation': 0, 'Edema': 0, 'Enlarged Cardiomediastinum': 0, 'Fracture': 0, 'Lung Lesion': 0, 'Lung Opacity': 0, 'No Finding': 1, 'Pleural Effusion': 0, 'Pleural Other': 0, 'Pneumonia': 0, 'Pneumothorax': 0, 'Support Devices': 0}"
"/home/michel/data/Text2Image/mimicxr_train_100/_val_e46_generate_text_top0.85r,edit/No acute cardiopulmonary process. Unremarkable chest radiographic examination/rank_0_000000_fr0.0_cr1.08orig.jpg","{'Atelectasis': 0, 'Cardiomegaly': 0, 'Consolidation': 0, 'Edema': 0, 'Enlarged Cardiomediastinum': 0, 'Fracture': 0, 'Lung Lesion': 0, 'Lung Opacity': 0, 'No Finding': 1, 'Pleural Effusion': 0, 'Pleural Other': 0, 'Pneumonia': 0, 'Pneumothorax': 0, 'Support Devices': 0}"
"/home/michel/data/Text2Image/mimicxr_train_100/_val_e46_generate_text_top0.85r,edit/No acute cardiopulmonary process. Unremarkable chest radiographic examination/rank_0_000000_fr0.0_cr1.09orig.jpg","{'Atelectasis': 0, 'Cardiomegaly': 0, 'Consolidation': 0, 'Edema': 0, 'Enlarged Cardiomediastinum': 0, 'Fracture': 0, 'Lung Lesion': 0, 'Lung Opacity': 0, 'No Finding': 1, 'Pleural Effusion': 0, 'Pleural Other': 0, 'Pneumonia': 0, 'Pneumothorax': 0, 'Support Devices': 0}"
"/home/michel/data/Text2Image/mimicxr_train_100/_val_e46_generate_text_top0.85r,edit/No acute cardiopulmonary process. Unremarkable chest radiographic examination/rank_0_000000_fr0.0_cr1.010orig.jpg","{'Atelectasis': 0, 'Cardiomegaly': 0, 'Consolidation': 0, 'Edema': 0, 'Enlarged Cardiomediastinum': 0, 'Fracture': 0, 'Lung Lesion': 0, 'Lung Opacity': 0, 'No Finding': 1, 'Pleural Effusion': 0, 'Pleural Other': 0, 'Pneumonia': 0, 'Pneumothorax': 0, 'Support Devices': 0}"
"/home/michel/data/Text2Image/mimicxr_train_100/_val_e46_generate_text_top0.85r,edit/No acute cardiopulmonary process. Unremarkable chest radiographic examination/rank_0_000000_fr0.0_cr1.011orig.jpg","{'Atelectasis': 0, 'Cardiomegaly': 0, 'Consolidation': 0, 'Edema': 0, 'Enlarged Cardiomediastinum': 0, 'Fracture': 0, 'Lung Lesion': 0, 'Lung Opacity': 0, 'No Finding': 1, 'Pleural Effusion': 0, 'Pleural Other': 0, 'Pneumonia': 0, 'Pneumothorax': 0, 'Support Devices': 0}"
"/home/michel/data/Text2Image/mimicxr_train_100/_val_e46_generate_text_top0.85r,edit/No acute cardiopulmonary process. Unremarkable chest radiographic examination/rank_0_000000_fr0.0_cr1.012orig.jpg","{'Atelectasis': 0, 'Cardiomegaly': 0, 'Consolidation': 0, 'Edema': 0, 'Enlarged Cardiomediastinum': 0, 'Fracture': 0, 'Lung Lesion': 0, 'Lung Opacity': 0, 'No Finding': 1, 'Pleural Effusion': 0, 'Pleural Other': 0, 'Pneumonia': 0, 'Pneumothorax': 0, 'Support Devices': 1}"
"/home/michel/data/Text2Image/mimicxr_train_100/_val_e46_generate_text_top0.85r,edit/No acute cardiopulmonary process. Unremarkable chest radiographic examination/rank_0_000000_fr0.0_cr1.013orig.jpg","{'Atelectasis': 0, 'Cardiomegaly': 0, 'Consolidation': 0, 'Edema': 0, 'Enlarged Cardiomediastinum': 0, 'Fracture': 0, 'Lung Lesion': 0, 'Lung Opacity': 0, 'No Finding': 1, 'Pleural Effusion': 0, 'Pleural Other': 0, 'Pneumonia': 0, 'Pneumothorax': 0, 'Support Devices': 0}"
"/home/michel/data/Text2Image/mimicxr_train_100/_val_e46_generate_text_top0.85r,edit/No acute cardiopulmonary process. Unremarkable chest radiographic examination/rank_0_000000_fr0.0_cr1.014orig.jpg","{'Atelectasis': 0, 'Cardiomegaly': 0, 'Consolidation': 0, 'Edema': 0, 'Enlarged Cardiomediastinum': 0, 'Fracture': 0, 'Lung Lesion': 0, 'Lung Opacity': 0, 'No Finding': 1, 'Pleural Effusion': 0, 'Pleural Other': 0, 'Pneumonia': 0, 'Pneumothorax': 0, 'Support Devices': 1}"
"/home/michel/data/Text2Image/mimicxr_train_100/_val_e46_generate_text_top0.85r,edit/No acute cardiopulmonary process. Unremarkable chest radiographic examination/rank_0_000000_fr0.0_cr1.015orig.jpg","{'Atelectasis': 0, 'Cardiomegaly': 0, 'Consolidation': 0, 'Edema': 0, 'Enlarged Cardiomediastinum': 0, 'Fracture': 0, 'Lung Lesion': 0, 'Lung Opacity': 0, 'No Finding': 1, 'Pleural Effusion': 0, 'Pleural Other': 0, 'Pneumonia': 0, 'Pneumothorax': 0, 'Support Devices': 0}"
"/home/michel/data/Text2Image/mimicxr_train_100/_val_e46_generate_text_top0.85r,edit/No acute cardiopulmonary process. Unremarkable chest radiographic examination/rank_0_000000_fr0.0_cr1.016orig.jpg","{'Atelectasis': 0, 'Cardiomegaly': 0, 'Consolidation': 0, 'Edema': 0, 'Enlarged Cardiomediastinum': 0, 'Fracture': 0, 'Lung Lesion': 0, 'Lung Opacity': 0, 'No Finding': 1, 'Pleural Effusion': 0, 'Pleural Other': 0, 'Pneumonia': 0, 'Pneumothorax': 0, 'Support Devices': 0}"
"/home/michel/data/Text2Image/mimicxr_train_100/_val_e46_generate_text_top0.85r,edit/No acute cardiopulmonary process. Unremarkable chest radiographic examination/rank_0_000000_fr0.0_cr1.017orig.jpg","{'Atelectasis': 0, 'Cardiomegaly': 0, 'Consolidation': 0, 'Edema': 0, 'Enlarged Cardiomediastinum': 0, 'Fracture': 0, 'Lung Lesion': 0, 'Lung Opacity': 0, 'No Finding': 1, 'Pleural Effusion': 0, 'Pleural Other': 0, 'Pneumonia': 0, 'Pneumothorax': 0, 'Support Devices': 0}"
"/home/michel/data/Text2Image/mimicxr_train_100/_val_e46_generate_text_top0.85r,edit/No acute cardiopulmonary process. Unremarkable chest radiographic examination/rank_0_000000_fr0.0_cr1.018orig.jpg","{'Atelectasis': 0, 'Cardiomegaly': 0, 'Consolidation': 0, 'Edema': 0, 'Enlarged Cardiomediastinum': 0, 'Fracture': 0, 'Lung Lesion': 0, 'Lung Opacity': 0, 'No Finding': 1, 'Pleural Effusion': 0, 'Pleural Other': 0, 'Pneumonia': 0, 'Pneumothorax': 0, 'Support Devices': 0}"
"/home/michel/data/Text2Image/mimicxr_train_100/_val_e46_generate_text_top0.85r,edit/No acute cardiopulmonary process. Unremarkable chest radiographic examination/rank_0_000000_fr0.0_cr1.019orig.jpg","{'Atelectasis': 0, 'Cardiomegaly': 0, 'Consolidation': 0, 'Edema': 0, 'Enlarged Cardiomediastinum': 0, 'Fracture': 0, 'Lung Lesion': 0, 'Lung Opacity': 0, 'No Finding': 1, 'Pleural Effusion': 0, 'Pleural Other': 0, 'Pneumonia': 0, 'Pneumothorax': 0, 'Support Devices': 0}"
"/home/michel/data/Text2Image/mimicxr_train_100/_val_e46_generate_text_top0.85r,edit/No acute cardiopulmonary process. Unremarkable chest radiographic examination/rank_0_000000_fr0.0_cr1.020orig.jpg","{'Atelectasis': 0, 'Cardiomegaly': 0, 'Consolidation': 0, 'Edema': 0, 'Enlarged Cardiomediastinum': 0, 'Fracture': 0, 'Lung Lesion': 0, 'Lung Opacity': 0, 'No Finding': 1, 'Pleural Effusion': 0, 'Pleural Other': 0, 'Pneumonia': 0, 'Pneumothorax': 0, 'Support Devices': 0}"
"/home/michel/data/Text2Image/mimicxr_train_100/_val_e46_generate_text_top0.85r,edit/No acute cardiopulmonary process. Unremarkable chest radiographic examination/rank_0_000000_fr0.0_cr1.021orig.jpg","{'Atelectasis': 0, 'Cardiomegaly': 0, 'Consolidation': 0, 'Edema': 0, 'Enlarged Cardiomediastinum': 0, 'Fracture': 0, 'Lung Lesion': 0, 'Lung Opacity': 0, 'No Finding': 1, 'Pleural Effusion': 0, 'Pleural Other': 0, 'Pneumonia': 0, 'Pneumothorax': 0, 'Support Devices': 0}"
"/home/michel/data/Text2Image/mimicxr_train_100/_val_e46_generate_text_top0.85r,edit/No acute cardiopulmonary process. Unremarkable chest radiographic examination/rank_0_000000_fr0.0_cr1.022orig.jpg","{'Atelectasis': 0, 'Cardiomegaly': 0, 'Consolidation': 0, 'Edema': 0, 'Enlarged Cardiomediastinum': 0, 'Fracture': 0, 'Lung Lesion': 0, 'Lung Opacity': 0, 'No Finding': 1, 'Pleural Effusion': 0, 'Pleural Other': 0, 'Pneumonia': 0, 'Pneumothorax': 0, 'Support Devices': 0}"
"/home/michel/data/Text2Image/mimicxr_train_100/_val_e46_generate_text_top0.85r,edit/No acute cardiopulmonary process. Unremarkable chest radiographic examination/rank_0_000000_fr0.0_cr1.023orig.jpg","{'Atelectasis': 0, 'Cardiomegaly': 0, 'Consolidation': 0, 'Edema': 0, 'Enlarged Cardiomediastinum': 0, 'Fracture': 0, 'Lung Lesion': 0, 'Lung Opacity': 0, 'No Finding': 1, 'Pleural Effusion': 0, 'Pleural Other': 0, 'Pneumonia': 0, 'Pneumothorax': 0, 'Support Devices': 0}"
"/home/michel/data/Text2Image/mimicxr_train_100/_val_e46_generate_text_top0.85r,edit/No acute cardiopulmonary process. Unremarkable chest radiographic examination/rank_0_000000_fr0.0_cr1.024orig.jpg","{'Atelectasis': 0, 'Cardiomegaly': 0, 'Consolidation': 0, 'Edema': 0, 'Enlarged Cardiomediastinum': 0, 'Fracture': 0, 'Lung Lesion': 0, 'Lung Opacity': 0, 'No Finding': 1, 'Pleural Effusion': 0, 'Pleural Other': 0, 'Pneumonia': 0, 'Pneumothorax': 0, 'Support Devices': 0}"
"/home/michel/data/Text2Image/mimicxr_train_100/_val_e46_generate_text_top0.85r,edit/No acute cardiopulmonary process. Unremarkable chest radiographic examination/rank_0_000000_fr0.0_cr1.025orig.jpg","{'Atelectasis': 0, 'Cardiomegaly': 0, 'Consolidation': 0, 'Edema': 0, 'Enlarged Cardiomediastinum': 0, 'Fracture': 0, 'Lung Lesion': 0, 'Lung Opacity': 0, 'No Finding': 1, 'Pleural Effusion': 0, 'Pleural Other': 0, 'Pneumonia': 0, 'Pneumothorax': 0, 'Support Devices': 0}"
"/home/michel/data/Text2Image/mimicxr_train_100/_val_e46_generate_text_top0.85r,edit/No acute cardiopulmonary process. Unremarkable chest radiographic examination/rank_0_000000_fr0.0_cr1.026orig.jpg","{'Atelectasis': 0, 'Cardiomegaly': 0, 'Consolidation': 0, 'Edema': 0, 'Enlarged Cardiomediastinum': 0, 'Fracture': 0, 'Lung Lesion': 0, 'Lung Opacity': 0, 'No Finding': 1, 'Pleural Effusion': 0, 'Pleural Other': 0, 'Pneumonia': 0, 'Pneumothorax': 0, 'Support Devices': 0}"
"/home/michel/data/Text2Image/mimicxr_train_100/_val_e46_generate_text_top0.85r,edit/No acute cardiopulmonary process. Unremarkable chest radiographic examination/rank_0_000000_fr0.0_cr1.027orig.jpg","{'Atelectasis': 0, 'Cardiomegaly': 0, 'Consolidation': 0, 'Edema': 0, 'Enlarged Cardiomediastinum': 0, 'Fracture': 0, 'Lung Lesion': 0, 'Lung Opacity': 0, 'No Finding': 1, 'Pleural Effusion': 0, 'Pleural Other': 0, 'Pneumonia': 0, 'Pneumothorax': 0, 'Support Devices': 0}"
"/home/michel/data/Text2Image/mimicxr_train_100/_val_e46_generate_text_top0.85r,edit/No acute cardiopulmonary process. Unremarkable chest radiographic examination/rank_0_000000_fr0.0_cr1.028orig.jpg","{'Atelectasis': 0, 'Cardiomegaly': 0, 'Consolidation': 0, 'Edema': 0, 'Enlarged Cardiomediastinum': 0, 'Fracture': 0, 'Lung Lesion': 0, 'Lung Opacity': 0, 'No Finding': 1, 'Pleural Effusion': 0, 'Pleural Other': 0, 'Pneumonia': 0, 'Pneumothorax': 0, 'Support Devices': 0}"
"/home/michel/data/Text2Image/mimicxr_train_100/_val_e46_generate_text_top0.85r,edit/No acute cardiopulmonary process. Unremarkable chest radiographic examination/rank_0_000000_fr0.0_cr1.029orig.jpg","{'Atelectasis': 0, 'Cardiomegaly': 0, 'Consolidation': 0, 'Edema': 0, 'Enlarged Cardiomediastinum': 0, 'Fracture': 0, 'Lung Lesion': 0, 'Lung Opacity': 0, 'No Finding': 1, 'Pleural Effusion': 0, 'Pleural Other': 0, 'Pneumonia': 0, 'Pneumothorax': 0, 'Support Devices': 0}"
"/home/michel/data/Text2Image/mimicxr_train_100/_val_e46_generate_text_top0.85r,edit/No acute cardiopulmonary process. Unremarkable chest radiographic examination/rank_0_000000_fr0.0_cr1.030orig.jpg","{'Atelectasis': 0, 'Cardiomegaly': 0, 'Consolidation': 0, 'Edema': 0, 'Enlarged Cardiomediastinum': 0, 'Fracture': 0, 'Lung Lesion': 0, 'Lung Opacity': 0, 'No Finding': 1, 'Pleural Effusion': 0, 'Pleural Other': 0, 'Pneumonia': 0, 'Pneumothorax': 0, 'Support Devices': 0}"
"/home/michel/data/Text2Image/mimicxr_train_100/_val_e46_generate_text_top0.85r,edit/No acute cardiopulmonary process. Unremarkable chest radiographic examination/rank_0_000000_fr0.0_cr1.031orig.jpg","{'Atelectasis': 0, 'Cardiomegaly': 0, 'Consolidation': 0, 'Edema': 0, 'Enlarged Cardiomediastinum': 0, 'Fracture': 0, 'Lung Lesion': 0, 'Lung Opacity': 0, 'No Finding': 1, 'Pleural Effusion': 0, 'Pleural Other': 0, 'Pneumonia': 0, 'Pneumothorax': 0, 'Support Devices': 0}"
"/home/michel/data/Text2Image/mimicxr_train_100/_val_e46_generate_text_top0.85r,edit/No acute cardiopulmonary process. Unremarkable chest radiographic examination/rank_0_000000_fr0.0_cr1.032orig.jpg","{'Atelectasis': 0, 'Cardiomegaly': 0, 'Consolidation': 0, 'Edema': 0, 'Enlarged Cardiomediastinum': 0, 'Fracture': 0, 'Lung Lesion': 0, 'Lung Opacity': 0, 'No Finding': 1, 'Pleural Effusion': 0, 'Pleural Other': 0, 'Pneumonia': 0, 'Pneumothorax': 0, 'Support Devices': 0}"
"/home/michel/data/Text2Image/mimicxr_train_100/_val_e46_generate_text_top0.85r,edit/No acute cardiopulmonary process. Unremarkable chest radiographic examination/rank_0_000000_fr0.0_cr1.033orig.jpg","{'Atelectasis': 0, 'Cardiomegaly': 0, 'Consolidation': 0, 'Edema': 0, 'Enlarged Cardiomediastinum': 0, 'Fracture': 0, 'Lung Lesion': 0, 'Lung Opacity': 0, 'No Finding': 1, 'Pleural Effusion': 0, 'Pleural Other': 0, 'Pneumonia': 0, 'Pneumothorax': 0, 'Support Devices': 0}"
"/home/michel/data/Text2Image/mimicxr_train_100/_val_e46_generate_text_top0.85r,edit/No acute cardiopulmonary process. Unremarkable chest radiographic examination/rank_0_000000_fr0.0_cr1.034orig.jpg","{'Atelectasis': 0, 'Cardiomegaly': 0, 'Consolidation': 0, 'Edema': 0, 'Enlarged Cardiomediastinum': 0, 'Fracture': 0, 'Lung Lesion': 0, 'Lung Opacity': 0, 'No Finding': 1, 'Pleural Effusion': 0, 'Pleural Other': 0, 'Pneumonia': 0, 'Pneumothorax': 0, 'Support Devices': 0}"
"/home/michel/data/Text2Image/mimicxr_train_100/_val_e46_generate_text_top0.85r,edit/No acute cardiopulmonary process. Unremarkable chest radiographic examination/rank_0_000000_fr0.0_cr1.035orig.jpg","{'Atelectasis': 0, 'Cardiomegaly': 0, 'Consolidation': 0, 'Edema': 0, 'Enlarged Cardiomediastinum': 0, 'Fracture': 0, 'Lung Lesion': 0, 'Lung Opacity': 0, 'No Finding': 1, 'Pleural Effusion': 0, 'Pleural Other': 0, 'Pneumonia': 0, 'Pneumothorax': 0, 'Support Devices': 0}"
"/home/michel/data/Text2Image/mimicxr_train_100/_val_e46_generate_text_top0.85r,edit/No acute cardiopulmonary process. Unremarkable chest radiographic examination/rank_0_000000_fr0.0_cr1.036orig.jpg","{'Atelectasis': 0, 'Cardiomegaly': 0, 'Consolidation': 0, 'Edema': 0, 'Enlarged Cardiomediastinum': 0, 'Fracture': 0, 'Lung Lesion': 0, 'Lung Opacity': 0, 'No Finding': 1, 'Pleural Effusion': 0, 'Pleural Other': 0, 'Pneumonia': 0, 'Pneumothorax': 0, 'Support Devices': 0}"
"/home/michel/data/Text2Image/mimicxr_train_100/_val_e46_generate_text_top0.85r,edit/No acute cardiopulmonary process. Unremarkable chest radiographic examination/rank_0_000000_fr0.0_cr1.037orig.jpg","{'Atelectasis': 0, 'Cardiomegaly': 0, 'Consolidation': 0, 'Edema': 0, 'Enlarged Cardiomediastinum': 0, 'Fracture': 0, 'Lung Lesion': 0, 'Lung Opacity': 0, 'No Finding': 1, 'Pleural Effusion': 0, 'Pleural Other': 0, 'Pneumonia': 0, 'Pneumothorax': 0, 'Support Devices': 0}"
"/home/michel/data/Text2Image/mimicxr_train_100/_val_e46_generate_text_top0.85r,edit/No acute cardiopulmonary process. Unremarkable chest radiographic examination/rank_0_000000_fr0.0_cr1.038orig.jpg","{'Atelectasis': 0, 'Cardiomegaly': 0, 'Consolidation': 0, 'Edema': 0, 'Enlarged Cardiomediastinum': 0, 'Fracture': 0, 'Lung Lesion': 0, 'Lung Opacity': 0, 'No Finding': 1, 'Pleural Effusion': 0, 'Pleural Other': 0, 'Pneumonia': 0, 'Pneumothorax': 0, 'Support Devices': 0}"
"/home/michel/data/Text2Image/mimicxr_train_100/_val_e46_generate_text_top0.85r,edit/No acute cardiopulmonary process. Unremarkable chest radiographic examination/rank_0_000000_fr0.0_cr1.039orig.jpg","{'Atelectasis': 0, 'Cardiomegaly': 0, 'Consolidation': 0, 'Edema': 0, 'Enlarged Cardiomediastinum': 0, 'Fracture': 0, 'Lung Lesion': 0, 'Lung Opacity': 0, 'No Finding': 1, 'Pleural Effusion': 0, 'Pleural Other': 0, 'Pneumonia': 0, 'Pneumothorax': 0, 'Support Devices': 0}"
"/home/michel/data/Text2Image/mimicxr_train_100/_val_e46_generate_text_top0.85r,edit/No acute cardiopulmonary process. Unremarkable chest radiographic examination/rank_0_000000_fr0.0_cr1.040orig.jpg","{'Atelectasis': 0, 'Cardiomegaly': 0, 'Consolidation': 0, 'Edema': 0, 'Enlarged Cardiomediastinum': 0, 'Fracture': 0, 'Lung Lesion': 0, 'Lung Opacity': 0, 'No Finding': 1, 'Pleural Effusion': 0, 'Pleural Other': 0, 'Pneumonia': 0, 'Pneumothorax': 0, 'Support Devices': 0}"
"/home/michel/data/Text2Image/mimicxr_train_100/_val_e46_generate_text_top0.85r,edit/No acute cardiopulmonary process. Unremarkable chest radiographic examination/rank_0_000000_fr0.0_cr1.041orig.jpg","{'Atelectasis': 0, 'Cardiomegaly': 0, 'Consolidation': 0, 'Edema': 0, 'Enlarged Cardiomediastinum': 0, 'Fracture': 0, 'Lung Lesion': 0, 'Lung Opacity': 0, 'No Finding': 1, 'Pleural Effusion': 0, 'Pleural Other': 0, 'Pneumonia': 0, 'Pneumothorax': 0, 'Support Devices': 0}"
"/home/michel/data/Text2Image/mimicxr_train_100/_val_e46_generate_text_top0.85r,edit/No acute cardiopulmonary process. Unremarkable chest radiographic examination/rank_0_000000_fr0.0_cr1.042orig.jpg","{'Atelectasis': 0, 'Cardiomegaly': 0, 'Consolidation': 0, 'Edema': 0, 'Enlarged Cardiomediastinum': 0, 'Fracture': 0, 'Lung Lesion': 0, 'Lung Opacity': 0, 'No Finding': 1, 'Pleural Effusion': 0, 'Pleural Other': 0, 'Pneumonia': 0, 'Pneumothorax': 0, 'Support Devices': 0}"
"/home/michel/data/Text2Image/mimicxr_train_100/_val_e46_generate_text_top0.85r,edit/No acute cardiopulmonary process. Unremarkable chest radiographic examination/rank_0_000000_fr0.0_cr1.043orig.jpg","{'Atelectasis': 0, 'Cardiomegaly': 0, 'Consolidation': 0, 'Edema': 0, 'Enlarged Cardiomediastinum': 0, 'Fracture': 0, 'Lung Lesion': 0, 'Lung Opacity': 0, 'No Finding': 1, 'Pleural Effusion': 0, 'Pleural Other': 0, 'Pneumonia': 0, 'Pneumothorax': 0, 'Support Devices': 0}"
"/home/michel/data/Text2Image/mimicxr_train_100/_val_e46_generate_text_top0.85r,edit/No acute cardiopulmonary process. Unremarkable chest radiographic examination/rank_0_000000_fr0.0_cr1.044orig.jpg","{'Atelectasis': 0, 'Cardiomegaly': 0, 'Consolidation': 0, 'Edema': 0, 'Enlarged Cardiomediastinum': 0, 'Fracture': 0, 'Lung Lesion': 0, 'Lung Opacity': 0, 'No Finding': 1, 'Pleural Effusion': 0, 'Pleural Other': 0, 'Pneumonia': 0, 'Pneumothorax': 0, 'Support Devices': 0}"
"/home/michel/data/Text2Image/mimicxr_train_100/_val_e46_generate_text_top0.85r,edit/No acute cardiopulmonary process. Unremarkable chest radiographic examination/rank_0_000000_fr0.0_cr1.045orig.jpg","{'Atelectasis': 0, 'Cardiomegaly': 0, 'Consolidation': 0, 'Edema': 0, 'Enlarged Cardiomediastinum': 0, 'Fracture': 0, 'Lung Lesion': 0, 'Lung Opacity': 0, 'No Finding': 1, 'Pleural Effusion': 0, 'Pleural Other': 0, 'Pneumonia': 0, 'Pneumothorax': 0, 'Support Devices': 0}"
"/home/michel/data/Text2Image/mimicxr_train_100/_val_e46_generate_text_top0.85r,edit/No acute cardiopulmonary process. Unremarkable chest radiographic examination/rank_0_000000_fr0.0_cr1.046orig.jpg","{'Atelectasis': 0, 'Cardiomegaly': 0, 'Consolidation': 0, 'Edema': 0, 'Enlarged Cardiomediastinum': 0, 'Fracture': 0, 'Lung Lesion': 0, 'Lung Opacity': 0, 'No Finding': 1, 'Pleural Effusion': 0, 'Pleural Other': 0, 'Pneumonia': 0, 'Pneumothorax': 0, 'Support Devices': 0}"
"/home/michel/data/Text2Image/mimicxr_train_100/_val_e46_generate_text_top0.85r,edit/No acute cardiopulmonary process. Unremarkable chest radiographic examination/rank_0_000000_fr0.0_cr1.047orig.jpg","{'Atelectasis': 0, 'Cardiomegaly': 0, 'Consolidation': 0, 'Edema': 0, 'Enlarged Cardiomediastinum': 0, 'Fracture': 0, 'Lung Lesion': 0, 'Lung Opacity': 0, 'No Finding': 1, 'Pleural Effusion': 0, 'Pleural Other': 0, 'Pneumonia': 0, 'Pneumothorax': 0, 'Support Devices': 1}"
"/home/michel/data/Text2Image/mimicxr_train_100/_val_e46_generate_text_top0.85r,edit/No acute cardiopulmonary process. Unremarkable chest radiographic examination/rank_0_000000_fr0.0_cr1.048orig.jpg","{'Atelectasis': 0, 'Cardiomegaly': 0, 'Consolidation': 0, 'Edema': 0, 'Enlarged Cardiomediastinum': 0, 'Fracture': 0, 'Lung Lesion': 0, 'Lung Opacity': 0, 'No Finding': 1, 'Pleural Effusion': 0, 'Pleural Other': 0, 'Pneumonia': 0, 'Pneumothorax': 0, 'Support Devices': 0}"
"/home/michel/data/Text2Image/mimicxr_train_100/_val_e46_generate_text_top0.85r,edit/No acute cardiopulmonary process. Unremarkable chest radiographic examination/rank_0_000000_fr0.0_cr1.049orig.jpg","{'Atelectasis': 0, 'Cardiomegaly': 0, 'Consolidation': 0, 'Edema': 0, 'Enlarged Cardiomediastinum': 0, 'Fracture': 0, 'Lung Lesion': 0, 'Lung Opacity': 0, 'No Finding': 1, 'Pleural Effusion': 0, 'Pleural Other': 0, 'Pneumonia': 0, 'Pneumothorax': 0, 'Support Devices': 0}"
"/home/michel/data/Text2Image/mimicxr_train_100/_val_e46_generate_text_top0.85r,edit/No acute cardiopulmonary process. Unremarkable chest radiographic examination/rank_0_000000_fr0.0_cr1.050orig.jpg","{'Atelectasis': 0, 'Cardiomegaly': 0, 'Consolidation': 0, 'Edema': 0, 'Enlarged Cardiomediastinum': 0, 'Fracture': 0, 'Lung Lesion': 0, 'Lung Opacity': 0, 'No Finding': 1, 'Pleural Effusion': 0, 'Pleural Other': 0, 'Pneumonia': 0, 'Pneumothorax': 0, 'Support Devices': 0}"
"/home/michel/data/Text2Image/mimicxr_train_100/_val_e46_generate_text_top0.85r,edit/No acute cardiopulmonary process. Unremarkable chest radiographic examination/rank_0_000000_fr0.0_cr1.051orig.jpg","{'Atelectasis': 0, 'Cardiomegaly': 0, 'Consolidation': 0, 'Edema': 0, 'Enlarged Cardiomediastinum': 0, 'Fracture': 0, 'Lung Lesion': 0, 'Lung Opacity': 0, 'No Finding': 1, 'Pleural Effusion': 0, 'Pleural Other': 0, 'Pneumonia': 0, 'Pneumothorax': 0, 'Support Devices': 0}"
"/home/michel/data/Text2Image/mimicxr_train_100/_val_e46_generate_text_top0.85r,edit/No acute cardiopulmonary process. Unremarkable chest radiographic examination/rank_0_000000_fr0.0_cr1.052orig.jpg","{'Atelectasis': 0, 'Cardiomegaly': 0, 'Consolidation': 0, 'Edema': 0, 'Enlarged Cardiomediastinum': 0, 'Fracture': 0, 'Lung Lesion': 0, 'Lung Opacity': 0, 'No Finding': 1, 'Pleural Effusion': 0, 'Pleural Other': 0, 'Pneumonia': 0, 'Pneumothorax': 0, 'Support Devices': 0}"
"/home/michel/data/Text2Image/mimicxr_train_100/_val_e46_generate_text_top0.85r,edit/No acute cardiopulmonary process. Unremarkable chest radiographic examination/rank_0_000000_fr0.0_cr1.053orig.jpg","{'Atelectasis': 0, 'Cardiomegaly': 0, 'Consolidation': 0, 'Edema': 0, 'Enlarged Cardiomediastinum': 0, 'Fracture': 0, 'Lung Lesion': 0, 'Lung Opacity': 0, 'No Finding': 1, 'Pleural Effusion': 0, 'Pleural Other': 0, 'Pneumonia': 0, 'Pneumothorax': 0, 'Support Devices': 0}"
"/home/michel/data/Text2Image/mimicxr_train_100/_val_e46_generate_text_top0.85r,edit/No acute cardiopulmonary process. Unremarkable chest radiographic examination/rank_0_000000_fr0.0_cr1.054orig.jpg","{'Atelectasis': 0, 'Cardiomegaly': 0, 'Consolidation': 0, 'Edema': 0, 'Enlarged Cardiomediastinum': 0, 'Fracture': 0, 'Lung Lesion': 0, 'Lung Opacity': 0, 'No Finding': 1, 'Pleural Effusion': 0, 'Pleural Other': 0, 'Pneumonia': 0, 'Pneumothorax': 0, 'Support Devices': 0}"
"/home/michel/data/Text2Image/mimicxr_train_100/_val_e46_generate_text_top0.85r,edit/No acute cardiopulmonary process. Unremarkable chest radiographic examination/rank_0_000000_fr0.0_cr1.055orig.jpg","{'Atelectasis': 0, 'Cardiomegaly': 0, 'Consolidation': 0, 'Edema': 0, 'Enlarged Cardiomediastinum': 0, 'Fracture': 0, 'Lung Lesion': 0, 'Lung Opacity': 0, 'No Finding': 1, 'Pleural Effusion': 0, 'Pleural Other': 0, 'Pneumonia': 0, 'Pneumothorax': 0, 'Support Devices': 1}"
"/home/michel/data/Text2Image/mimicxr_train_100/_val_e46_generate_text_top0.85r,edit/No acute cardiopulmonary process. Unremarkable chest radiographic examination/rank_0_000000_fr0.0_cr1.056orig.jpg","{'Atelectasis': 0, 'Cardiomegaly': 0, 'Consolidation': 0, 'Edema': 0, 'Enlarged Cardiomediastinum': 0, 'Fracture': 0, 'Lung Lesion': 0, 'Lung Opacity': 0, 'No Finding': 1, 'Pleural Effusion': 0, 'Pleural Other': 0, 'Pneumonia': 0, 'Pneumothorax': 0, 'Support Devices': 1}"
"/home/michel/data/Text2Image/mimicxr_train_100/_val_e46_generate_text_top0.85r,edit/No acute cardiopulmonary process. Unremarkable chest radiographic examination/rank_0_000000_fr0.0_cr1.057orig.jpg","{'Atelectasis': 0, 'Cardiomegaly': 0, 'Consolidation': 0, 'Edema': 0, 'Enlarged Cardiomediastinum': 0, 'Fracture': 0, 'Lung Lesion': 0, 'Lung Opacity': 0, 'No Finding': 1, 'Pleural Effusion': 0, 'Pleural Other': 0, 'Pneumonia': 0, 'Pneumothorax': 0, 'Support Devices': 1}"
"/home/michel/data/Text2Image/mimicxr_train_100/_val_e46_generate_text_top0.85r,edit/No acute cardiopulmonary process. Unremarkable chest radiographic examination/rank_0_000000_fr0.0_cr1.058orig.jpg","{'Atelectasis': 0, 'Cardiomegaly': 0, 'Consolidation': 0, 'Edema': 0, 'Enlarged Cardiomediastinum': 0, 'Fracture': 0, 'Lung Lesion': 0, 'Lung Opacity': 0, 'No Finding': 1, 'Pleural Effusion': 0, 'Pleural Other': 0, 'Pneumonia': 0, 'Pneumothorax': 0, 'Support Devices': 0}"
"/home/michel/data/Text2Image/mimicxr_train_100/_val_e46_generate_text_top0.85r,edit/No acute cardiopulmonary process. Unremarkable chest radiographic examination/rank_0_000000_fr0.0_cr1.059orig.jpg","{'Atelectasis': 0, 'Cardiomegaly': 0, 'Consolidation': 0, 'Edema': 0, 'Enlarged Cardiomediastinum': 0, 'Fracture': 0, 'Lung Lesion': 0, 'Lung Opacity': 0, 'No Finding': 1, 'Pleural Effusion': 0, 'Pleural Other': 0, 'Pneumonia': 0, 'Pneumothorax': 0, 'Support Devices': 0}"
"/home/michel/data/Text2Image/mimicxr_train_100/_val_e46_generate_text_top0.85r,edit/No acute cardiopulmonary process. Unremarkable chest radiographic examination/rank_0_000000_fr0.0_cr1.060orig.jpg","{'Atelectasis': 0, 'Cardiomegaly': 0, 'Consolidation': 0, 'Edema': 0, 'Enlarged Cardiomediastinum': 0, 'Fracture': 0, 'Lung Lesion': 0, 'Lung Opacity': 0, 'No Finding': 1, 'Pleural Effusion': 0, 'Pleural Other': 0, 'Pneumonia': 0, 'Pneumothorax': 0, 'Support Devices': 0}"
"/home/michel/data/Text2Image/mimicxr_train_100/_val_e46_generate_text_top0.85r,edit/No acute cardiopulmonary process. Unremarkable chest radiographic examination/rank_0_000000_fr0.0_cr1.061orig.jpg","{'Atelectasis': 0, 'Cardiomegaly': 0, 'Consolidation': 0, 'Edema': 0, 'Enlarged Cardiomediastinum': 0, 'Fracture': 0, 'Lung Lesion': 0, 'Lung Opacity': 0, 'No Finding': 1, 'Pleural Effusion': 0, 'Pleural Other': 0, 'Pneumonia': 0, 'Pneumothorax': 0, 'Support Devices': 0}"
"/home/michel/data/Text2Image/mimicxr_train_100/_val_e46_generate_text_top0.85r,edit/No acute cardiopulmonary process. Unremarkable chest radiographic examination/rank_0_000000_fr0.0_cr1.062orig.jpg","{'Atelectasis': 0, 'Cardiomegaly': 0, 'Consolidation': 0, 'Edema': 0, 'Enlarged Cardiomediastinum': 0, 'Fracture': 0, 'Lung Lesion': 0, 'Lung Opacity': 0, 'No Finding': 1, 'Pleural Effusion': 0, 'Pleural Other': 0, 'Pneumonia': 0, 'Pneumothorax': 0, 'Support Devices': 0}"
"/home/michel/data/Text2Image/mimicxr_train_100/_val_e46_generate_text_top0.85r,edit/No acute cardiopulmonary process. Unremarkable chest radiographic examination/rank_0_000000_fr0.0_cr1.063orig.jpg","{'Atelectasis': 0, 'Cardiomegaly': 0, 'Consolidation': 0, 'Edema': 0, 'Enlarged Cardiomediastinum': 0, 'Fracture': 0, 'Lung Lesion': 0, 'Lung Opacity': 0, 'No Finding': 1, 'Pleural Effusion': 0, 'Pleural Other': 0, 'Pneumonia': 0, 'Pneumothorax': 0, 'Support Devices': 1}"
"/home/michel/data/Text2Image/mimicxr_train_100/_val_e46_generate_text_top0.85r,edit/No acute cardiopulmonary process. Unremarkable chest radiographic examination/rank_0_000000_fr0.0_cr1.064orig.jpg","{'Atelectasis': 0, 'Cardiomegaly': 0, 'Consolidation': 0, 'Edema': 0, 'Enlarged Cardiomediastinum': 0, 'Fracture': 0, 'Lung Lesion': 0, 'Lung Opacity': 0, 'No Finding': 1, 'Pleural Effusion': 0, 'Pleural Other': 0, 'Pneumonia': 0, 'Pneumothorax': 0, 'Support Devices': 0}"
"/home/michel/data/Text2Image/mimicxr_train_100/_val_e46_generate_text_top0.85r,edit/No acute cardiopulmonary process. Unremarkable chest radiographic examination/rank_0_000000_fr0.0_cr1.065orig.jpg","{'Atelectasis': 0, 'Cardiomegaly': 0, 'Consolidation': 0, 'Edema': 0, 'Enlarged Cardiomediastinum': 0, 'Fracture': 0, 'Lung Lesion': 0, 'Lung Opacity': 0, 'No Finding': 1, 'Pleural Effusion': 0, 'Pleural Other': 0, 'Pneumonia': 0, 'Pneumothorax': 0, 'Support Devices': 0}"
"/home/michel/data/Text2Image/mimicxr_train_100/_val_e46_generate_text_top0.85r,edit/No acute cardiopulmonary process. Unremarkable chest radiographic examination/rank_0_000000_fr0.0_cr1.066orig.jpg","{'Atelectasis': 0, 'Cardiomegaly': 0, 'Consolidation': 0, 'Edema': 0, 'Enlarged Cardiomediastinum': 0, 'Fracture': 0, 'Lung Lesion': 0, 'Lung Opacity': 0, 'No Finding': 1, 'Pleural Effusion': 0, 'Pleural Other': 0, 'Pneumonia': 0, 'Pneumothorax': 0, 'Support Devices': 0}"
"/home/michel/data/Text2Image/mimicxr_train_100/_val_e46_generate_text_top0.85r,edit/No acute cardiopulmonary process. Unremarkable chest radiographic examination/rank_0_000000_fr0.0_cr1.067orig.jpg","{'Atelectasis': 0, 'Cardiomegaly': 0, 'Consolidation': 0, 'Edema': 0, 'Enlarged Cardiomediastinum': 0, 'Fracture': 0, 'Lung Lesion': 0, 'Lung Opacity': 0, 'No Finding': 1, 'Pleural Effusion': 0, 'Pleural Other': 0, 'Pneumonia': 0, 'Pneumothorax': 0, 'Support Devices': 0}"
"/home/michel/data/Text2Image/mimicxr_train_100/_val_e46_generate_text_top0.85r,edit/No acute cardiopulmonary process. Unremarkable chest radiographic examination/rank_0_000000_fr0.0_cr1.068orig.jpg","{'Atelectasis': 0, 'Cardiomegaly': 0, 'Consolidation': 0, 'Edema': 0, 'Enlarged Cardiomediastinum': 0, 'Fracture': 0, 'Lung Lesion': 0, 'Lung Opacity': 0, 'No Finding': 1, 'Pleural Effusion': 0, 'Pleural Other': 0, 'Pneumonia': 0, 'Pneumothorax': 0, 'Support Devices': 0}"
"/home/michel/data/Text2Image/mimicxr_train_100/_val_e46_generate_text_top0.85r,edit/No acute cardiopulmonary process. Unremarkable chest radiographic examination/rank_0_000000_fr0.0_cr1.069orig.jpg","{'Atelectasis': 0, 'Cardiomegaly': 0, 'Consolidation': 0, 'Edema': 0, 'Enlarged Cardiomediastinum': 0, 'Fracture': 0, 'Lung Lesion': 0, 'Lung Opacity': 0, 'No Finding': 1, 'Pleural Effusion': 0, 'Pleural Other': 0, 'Pneumonia': 0, 'Pneumothorax': 0, 'Support Devices': 0}"
"/home/michel/data/Text2Image/mimicxr_train_100/_val_e46_generate_text_top0.85r,edit/No acute cardiopulmonary process. Unremarkable chest radiographic examination/rank_0_000000_fr0.0_cr1.070orig.jpg","{'Atelectasis': 0, 'Cardiomegaly': 0, 'Consolidation': 0, 'Edema': 0, 'Enlarged Cardiomediastinum': 0, 'Fracture': 0, 'Lung Lesion': 0, 'Lung Opacity': 0, 'No Finding': 1, 'Pleural Effusion': 0, 'Pleural Other': 0, 'Pneumonia': 0, 'Pneumothorax': 0, 'Support Devices': 0}"
"/home/michel/data/Text2Image/mimicxr_train_100/_val_e46_generate_text_top0.85r,edit/No acute cardiopulmonary process. Unremarkable chest radiographic examination/rank_0_000000_fr0.0_cr1.071orig.jpg","{'Atelectasis': 0, 'Cardiomegaly': 0, 'Consolidation': 0, 'Edema': 0, 'Enlarged Cardiomediastinum': 0, 'Fracture': 0, 'Lung Lesion': 0, 'Lung Opacity': 0, 'No Finding': 1, 'Pleural Effusion': 0, 'Pleural Other': 0, 'Pneumonia': 0, 'Pneumothorax': 0, 'Support Devices': 0}"
"/home/michel/data/Text2Image/mimicxr_train_100/_val_e46_generate_text_top0.85r,edit/No acute cardiopulmonary process. Unremarkable chest radiographic examination/rank_0_000000_fr0.0_cr1.072orig.jpg","{'Atelectasis': 0, 'Cardiomegaly': 0, 'Consolidation': 0, 'Edema': 0, 'Enlarged Cardiomediastinum': 0, 'Fracture': 0, 'Lung Lesion': 0, 'Lung Opacity': 0, 'No Finding': 1, 'Pleural Effusion': 0, 'Pleural Other': 0, 'Pneumonia': 0, 'Pneumothorax': 0, 'Support Devices': 0}"
"/home/michel/data/Text2Image/mimicxr_train_100/_val_e46_generate_text_top0.85r,edit/No acute cardiopulmonary process. Unremarkable chest radiographic examination/rank_0_000000_fr0.0_cr1.073orig.jpg","{'Atelectasis': 0, 'Cardiomegaly': 0, 'Consolidation': 0, 'Edema': 0, 'Enlarged Cardiomediastinum': 0, 'Fracture': 0, 'Lung Lesion': 0, 'Lung Opacity': 0, 'No Finding': 1, 'Pleural Effusion': 0, 'Pleural Other': 0, 'Pneumonia': 0, 'Pneumothorax': 0, 'Support Devices': 0}"
"/home/michel/data/Text2Image/mimicxr_train_100/_val_e46_generate_text_top0.85r,edit/No acute cardiopulmonary process. Unremarkable chest radiographic examination/rank_0_000000_fr0.0_cr1.074orig.jpg","{'Atelectasis': 0, 'Cardiomegaly': 0, 'Consolidation': 0, 'Edema': 0, 'Enlarged Cardiomediastinum': 0, 'Fracture': 0, 'Lung Lesion': 0, 'Lung Opacity': 0, 'No Finding': 1, 'Pleural Effusion': 0, 'Pleural Other': 0, 'Pneumonia': 0, 'Pneumothorax': 0, 'Support Devices': 0}"
"/home/michel/data/Text2Image/mimicxr_train_100/_val_e46_generate_text_top0.85r,edit/No acute cardiopulmonary process. Unremarkable chest radiographic examination/rank_0_000000_fr0.0_cr1.075orig.jpg","{'Atelectasis': 0, 'Cardiomegaly': 0, 'Consolidation': 0, 'Edema': 0, 'Enlarged Cardiomediastinum': 0, 'Fracture': 0, 'Lung Lesion': 0, 'Lung Opacity': 0, 'No Finding': 1, 'Pleural Effusion': 0, 'Pleural Other': 0, 'Pneumonia': 0, 'Pneumothorax': 0, 'Support Devices': 0}"
"/home/michel/data/Text2Image/mimicxr_train_100/_val_e46_generate_text_top0.85r,edit/No acute cardiopulmonary process. Unremarkable chest radiographic examination/rank_0_000000_fr0.0_cr1.076orig.jpg","{'Atelectasis': 0, 'Cardiomegaly': 0, 'Consolidation': 0, 'Edema': 0, 'Enlarged Cardiomediastinum': 0, 'Fracture': 0, 'Lung Lesion': 0, 'Lung Opacity': 0, 'No Finding': 1, 'Pleural Effusion': 0, 'Pleural Other': 0, 'Pneumonia': 0, 'Pneumothorax': 0, 'Support Devices': 0}"
"/home/michel/data/Text2Image/mimicxr_train_100/_val_e46_generate_text_top0.85r,edit/No acute cardiopulmonary process. Unremarkable chest radiographic examination/rank_0_000000_fr0.0_cr1.077orig.jpg","{'Atelectasis': 0, 'Cardiomegaly': 0, 'Consolidation': 0, 'Edema': 0, 'Enlarged Cardiomediastinum': 0, 'Fracture': 0, 'Lung Lesion': 0, 'Lung Opacity': 0, 'No Finding': 1, 'Pleural Effusion': 0, 'Pleural Other': 0, 'Pneumonia': 0, 'Pneumothorax': 0, 'Support Devices': 0}"
"/home/michel/data/Text2Image/mimicxr_train_100/_val_e46_generate_text_top0.85r,edit/No acute cardiopulmonary process. Unremarkable chest radiographic examination/rank_0_000000_fr0.0_cr1.078orig.jpg","{'Atelectasis': 0, 'Cardiomegaly': 0, 'Consolidation': 0, 'Edema': 0, 'Enlarged Cardiomediastinum': 0, 'Fracture': 0, 'Lung Lesion': 0, 'Lung Opacity': 0, 'No Finding': 1, 'Pleural Effusion': 0, 'Pleural Other': 0, 'Pneumonia': 0, 'Pneumothorax': 0, 'Support Devices': 0}"
"/home/michel/data/Text2Image/mimicxr_train_100/_val_e46_generate_text_top0.85r,edit/No acute cardiopulmonary process. Unremarkable chest radiographic examination/rank_0_000000_fr0.0_cr1.079orig.jpg","{'Atelectasis': 0, 'Cardiomegaly': 0, 'Consolidation': 0, 'Edema': 0, 'Enlarged Cardiomediastinum': 0, 'Fracture': 0, 'Lung Lesion': 0, 'Lung Opacity': 0, 'No Finding': 1, 'Pleural Effusion': 0, 'Pleural Other': 0, 'Pneumonia': 0, 'Pneumothorax': 0, 'Support Devices': 0}"
"/home/michel/data/Text2Image/mimicxr_train_100/_val_e46_generate_text_top0.85r,edit/No acute cardiopulmonary process. Unremarkable chest radiographic examination/rank_0_000000_fr0.0_cr1.080orig.jpg","{'Atelectasis': 0, 'Cardiomegaly': 0, 'Consolidation': 0, 'Edema': 0, 'Enlarged Cardiomediastinum': 0, 'Fracture': 0, 'Lung Lesion': 0, 'Lung Opacity': 0, 'No Finding': 1, 'Pleural Effusion': 0, 'Pleural Other': 0, 'Pneumonia': 0, 'Pneumothorax': 0, 'Support Devices': 0}"
"/home/michel/data/Text2Image/mimicxr_train_100/_val_e46_generate_text_top0.85r,edit/No acute cardiopulmonary process. Unremarkable chest radiographic examination/rank_0_000000_fr0.0_cr1.081orig.jpg","{'Atelectasis': 0, 'Cardiomegaly': 0, 'Consolidation': 0, 'Edema': 0, 'Enlarged Cardiomediastinum': 0, 'Fracture': 0, 'Lung Lesion': 0, 'Lung Opacity': 0, 'No Finding': 1, 'Pleural Effusion': 0, 'Pleural Other': 0, 'Pneumonia': 0, 'Pneumothorax': 0, 'Support Devices': 0}"
"/home/michel/data/Text2Image/mimicxr_train_100/_val_e46_generate_text_top0.85r,edit/No acute cardiopulmonary process. Unremarkable chest radiographic examination/rank_0_000000_fr0.0_cr1.082orig.jpg","{'Atelectasis': 0, 'Cardiomegaly': 0, 'Consolidation': 0, 'Edema': 0, 'Enlarged Cardiomediastinum': 0, 'Fracture': 0, 'Lung Lesion': 0, 'Lung Opacity': 0, 'No Finding': 1, 'Pleural Effusion': 0, 'Pleural Other': 0, 'Pneumonia': 0, 'Pneumothorax': 0, 'Support Devices': 0}"
"/home/michel/data/Text2Image/mimicxr_train_100/_val_e46_generate_text_top0.85r,edit/No acute cardiopulmonary process. Unremarkable chest radiographic examination/rank_0_000000_fr0.0_cr1.083orig.jpg","{'Atelectasis': 0, 'Cardiomegaly': 0, 'Consolidation': 0, 'Edema': 0, 'Enlarged Cardiomediastinum': 0, 'Fracture': 0, 'Lung Lesion': 0, 'Lung Opacity': 0, 'No Finding': 1, 'Pleural Effusion': 0, 'Pleural Other': 0, 'Pneumonia': 0, 'Pneumothorax': 0, 'Support Devices': 0}"
"/home/michel/data/Text2Image/mimicxr_train_100/_val_e46_generate_text_top0.85r,edit/No acute cardiopulmonary process. Unremarkable chest radiographic examination/rank_0_000000_fr0.0_cr1.084orig.jpg","{'Atelectasis': 0, 'Cardiomegaly': 0, 'Consolidation': 0, 'Edema': 0, 'Enlarged Cardiomediastinum': 0, 'Fracture': 0, 'Lung Lesion': 0, 'Lung Opacity': 0, 'No Finding': 1, 'Pleural Effusion': 0, 'Pleural Other': 0, 'Pneumonia': 0, 'Pneumothorax': 0, 'Support Devices': 0}"
"/home/michel/data/Text2Image/mimicxr_train_100/_val_e46_generate_text_top0.85r,edit/No acute cardiopulmonary process. Unremarkable chest radiographic examination/rank_0_000000_fr0.0_cr1.085orig.jpg","{'Atelectasis': 0, 'Cardiomegaly': 0, 'Consolidation': 0, 'Edema': 0, 'Enlarged Cardiomediastinum': 0, 'Fracture': 0, 'Lung Lesion': 0, 'Lung Opacity': 0, 'No Finding': 1, 'Pleural Effusion': 0, 'Pleural Other': 0, 'Pneumonia': 0, 'Pneumothorax': 0, 'Support Devices': 0}"
"/home/michel/data/Text2Image/mimicxr_train_100/_val_e46_generate_text_top0.85r,edit/No acute cardiopulmonary process. Unremarkable chest radiographic examination/rank_0_000000_fr0.0_cr1.086orig.jpg","{'Atelectasis': 0, 'Cardiomegaly': 0, 'Consolidation': 0, 'Edema': 0, 'Enlarged Cardiomediastinum': 0, 'Fracture': 0, 'Lung Lesion': 0, 'Lung Opacity': 0, 'No Finding': 1, 'Pleural Effusion': 0, 'Pleural Other': 0, 'Pneumonia': 0, 'Pneumothorax': 0, 'Support Devices': 0}"
"/home/michel/data/Text2Image/mimicxr_train_100/_val_e46_generate_text_top0.85r,edit/No acute cardiopulmonary process. Unremarkable chest radiographic examination/rank_0_000000_fr0.0_cr1.087orig.jpg","{'Atelectasis': 0, 'Cardiomegaly': 0, 'Consolidation': 0, 'Edema': 0, 'Enlarged Cardiomediastinum': 0, 'Fracture': 0, 'Lung Lesion': 0, 'Lung Opacity': 0, 'No Finding': 1, 'Pleural Effusion': 0, 'Pleural Other': 0, 'Pneumonia': 0, 'Pneumothorax': 0, 'Support Devices': 0}"
"/home/michel/data/Text2Image/mimicxr_train_100/_val_e46_generate_text_top0.85r,edit/No acute cardiopulmonary process. Unremarkable chest radiographic examination/rank_0_000000_fr0.0_cr1.088orig.jpg","{'Atelectasis': 0, 'Cardiomegaly': 0, 'Consolidation': 0, 'Edema': 0, 'Enlarged Cardiomediastinum': 0, 'Fracture': 0, 'Lung Lesion': 0, 'Lung Opacity': 0, 'No Finding': 1, 'Pleural Effusion': 0, 'Pleural Other': 0, 'Pneumonia': 0, 'Pneumothorax': 0, 'Support Devices': 1}"
"/home/michel/data/Text2Image/mimicxr_train_100/_val_e46_generate_text_top0.85r,edit/No acute cardiopulmonary process. Unremarkable chest radiographic examination/rank_0_000000_fr0.0_cr1.089orig.jpg","{'Atelectasis': 0, 'Cardiomegaly': 0, 'Consolidation': 0, 'Edema': 0, 'Enlarged Cardiomediastinum': 0, 'Fracture': 0, 'Lung Lesion': 0, 'Lung Opacity': 0, 'No Finding': 1, 'Pleural Effusion': 0, 'Pleural Other': 0, 'Pneumonia': 0, 'Pneumothorax': 0, 'Support Devices': 1}"
"/home/michel/data/Text2Image/mimicxr_train_100/_val_e46_generate_text_top0.85r,edit/No acute cardiopulmonary process. Unremarkable chest radiographic examination/rank_0_000000_fr0.0_cr1.090orig.jpg","{'Atelectasis': 0, 'Cardiomegaly': 0, 'Consolidation': 0, 'Edema': 0, 'Enlarged Cardiomediastinum': 0, 'Fracture': 0, 'Lung Lesion': 0, 'Lung Opacity': 0, 'No Finding': 1, 'Pleural Effusion': 0, 'Pleural Other': 0, 'Pneumonia': 0, 'Pneumothorax': 0, 'Support Devices': 0}"
"/home/michel/data/Text2Image/mimicxr_train_100/_val_e46_generate_text_top0.85r,edit/No acute cardiopulmonary process. Unremarkable chest radiographic examination/rank_0_000000_fr0.0_cr1.091orig.jpg","{'Atelectasis': 0, 'Cardiomegaly': 0, 'Consolidation': 0, 'Edema': 0, 'Enlarged Cardiomediastinum': 0, 'Fracture': 0, 'Lung Lesion': 0, 'Lung Opacity': 0, 'No Finding': 1, 'Pleural Effusion': 0, 'Pleural Other': 0, 'Pneumonia': 0, 'Pneumothorax': 0, 'Support Devices': 0}"
"/home/michel/data/Text2Image/mimicxr_train_100/_val_e46_generate_text_top0.85r,edit/No acute cardiopulmonary process. Unremarkable chest radiographic examination/rank_0_000000_fr0.0_cr1.092orig.jpg","{'Atelectasis': 0, 'Cardiomegaly': 0, 'Consolidation': 0, 'Edema': 0, 'Enlarged Cardiomediastinum': 0, 'Fracture': 0, 'Lung Lesion': 0, 'Lung Opacity': 0, 'No Finding': 1, 'Pleural Effusion': 0, 'Pleural Other': 0, 'Pneumonia': 0, 'Pneumothorax': 0, 'Support Devices': 0}"
"/home/michel/data/Text2Image/mimicxr_train_100/_val_e46_generate_text_top0.85r,edit/No acute cardiopulmonary process. Unremarkable chest radiographic examination/rank_0_000000_fr0.0_cr1.093orig.jpg","{'Atelectasis': 0, 'Cardiomegaly': 0, 'Consolidation': 0, 'Edema': 0, 'Enlarged Cardiomediastinum': 0, 'Fracture': 0, 'Lung Lesion': 0, 'Lung Opacity': 0, 'No Finding': 1, 'Pleural Effusion': 0, 'Pleural Other': 0, 'Pneumonia': 0, 'Pneumothorax': 0, 'Support Devices': 0}"
"/home/michel/data/Text2Image/mimicxr_train_100/_val_e46_generate_text_top0.85r,edit/No acute cardiopulmonary process. Unremarkable chest radiographic examination/rank_0_000000_fr0.0_cr1.094orig.jpg","{'Atelectasis': 0, 'Cardiomegaly': 0, 'Consolidation': 0, 'Edema': 0, 'Enlarged Cardiomediastinum': 0, 'Fracture': 0, 'Lung Lesion': 0, 'Lung Opacity': 0, 'No Finding': 1, 'Pleural Effusion': 0, 'Pleural Other': 0, 'Pneumonia': 0, 'Pneumothorax': 0, 'Support Devices': 0}"
"/home/michel/data/Text2Image/mimicxr_train_100/_val_e46_generate_text_top0.85r,edit/No acute cardiopulmonary process. Unremarkable chest radiographic examination/rank_0_000000_fr0.0_cr1.095orig.jpg","{'Atelectasis': 0, 'Cardiomegaly': 0, 'Consolidation': 0, 'Edema': 0, 'Enlarged Cardiomediastinum': 0, 'Fracture': 0, 'Lung Lesion': 0, 'Lung Opacity': 0, 'No Finding': 1, 'Pleural Effusion': 0, 'Pleural Other': 0, 'Pneumonia': 0, 'Pneumothorax': 0, 'Support Devices': 1}"
"/home/michel/data/Text2Image/mimicxr_train_100/_val_e46_generate_text_top0.85r,edit/No acute cardiopulmonary process. Unremarkable chest radiographic examination/rank_0_000000_fr0.0_cr1.096orig.jpg","{'Atelectasis': 0, 'Cardiomegaly': 0, 'Consolidation': 0, 'Edema': 0, 'Enlarged Cardiomediastinum': 0, 'Fracture': 0, 'Lung Lesion': 0, 'Lung Opacity': 0, 'No Finding': 1, 'Pleural Effusion': 0, 'Pleural Other': 0, 'Pneumonia': 0, 'Pneumothorax': 0, 'Support Devices': 0}"
"/home/michel/data/Text2Image/mimicxr_train_100/_val_e46_generate_text_top0.85r,edit/No acute cardiopulmonary process. Unremarkable chest radiographic examination/rank_0_000000_fr0.0_cr1.097orig.jpg","{'Atelectasis': 0, 'Cardiomegaly': 0, 'Consolidation': 0, 'Edema': 0, 'Enlarged Cardiomediastinum': 0, 'Fracture': 0, 'Lung Lesion': 0, 'Lung Opacity': 0, 'No Finding': 1, 'Pleural Effusion': 0, 'Pleural Other': 0, 'Pneumonia': 0, 'Pneumothorax': 0, 'Support Devices': 0}"
"/home/michel/data/Text2Image/mimicxr_train_100/_val_e46_generate_text_top0.85r,edit/No acute cardiopulmonary process. Unremarkable chest radiographic examination/rank_0_000000_fr0.0_cr1.098orig.jpg","{'Atelectasis': 0, 'Cardiomegaly': 0, 'Consolidation': 0, 'Edema': 0, 'Enlarged Cardiomediastinum': 0, 'Fracture': 0, 'Lung Lesion': 0, 'Lung Opacity': 0, 'No Finding': 1, 'Pleural Effusion': 0, 'Pleural Other': 0, 'Pneumonia': 0, 'Pneumothorax': 0, 'Support Devices': 1}"
"/home/michel/data/Text2Image/mimicxr_train_100/_val_e46_generate_text_top0.85r,edit/No acute cardiopulmonary process. Unremarkable chest radiographic examination/rank_0_000000_fr0.0_cr1.099orig.jpg","{'Atelectasis': 0, 'Cardiomegaly': 0, 'Consolidation': 0, 'Edema': 0, 'Enlarged Cardiomediastinum': 0, 'Fracture': 0, 'Lung Lesion': 0, 'Lung Opacity': 0, 'No Finding': 1, 'Pleural Effusion': 0, 'Pleural Other': 0, 'Pneumonia': 0, 'Pneumothorax': 0, 'Support Devices': 1}"
"/home/michel/data/Text2Image/mimicxr_train_100/_val_e46_generate_text_top0.85r,edit/No acute cardiopulmonary process. Unremarkable chest radiographic examination/rank_0_000000_fr0.0_cr1.0100orig.jpg","{'Atelectasis': 0, 'Cardiomegaly': 0, 'Consolidation': 0, 'Edema': 0, 'Enlarged Cardiomediastinum': 0, 'Fracture': 0, 'Lung Lesion': 0, 'Lung Opacity': 0, 'No Finding': 1, 'Pleural Effusion': 0, 'Pleural Other': 0, 'Pneumonia': 0, 'Pneumothorax': 0, 'Support Devices': 0}"
"/home/michel/data/Text2Image/mimicxr_train_100/_val_e46_generate_text_top0.85r,edit/No acute cardiopulmonary process. Unremarkable chest radiographic examination/rank_0_000000_fr0.0_cr1.0101orig.jpg","{'Atelectasis': 0, 'Cardiomegaly': 0, 'Consolidation': 0, 'Edema': 0, 'Enlarged Cardiomediastinum': 0, 'Fracture': 0, 'Lung Lesion': 0, 'Lung Opacity': 0, 'No Finding': 1, 'Pleural Effusion': 0, 'Pleural Other': 0, 'Pneumonia': 0, 'Pneumothorax': 0, 'Support Devices': 0}"
"/home/michel/data/Text2Image/mimicxr_train_100/_val_e46_generate_text_top0.85r,edit/No acute cardiopulmonary process. Unremarkable chest radiographic examination/rank_0_000000_fr0.0_cr1.0102orig.jpg","{'Atelectasis': 0, 'Cardiomegaly': 0, 'Consolidation': 0, 'Edema': 0, 'Enlarged Cardiomediastinum': 0, 'Fracture': 0, 'Lung Lesion': 0, 'Lung Opacity': 0, 'No Finding': 1, 'Pleural Effusion': 0, 'Pleural Other': 0, 'Pneumonia': 0, 'Pneumothorax': 0, 'Support Devices': 0}"
"/home/michel/data/Text2Image/mimicxr_train_100/_val_e46_generate_text_top0.85r,edit/No acute cardiopulmonary process. Unremarkable chest radiographic examination/rank_0_000000_fr0.0_cr1.0103orig.jpg","{'Atelectasis': 0, 'Cardiomegaly': 0, 'Consolidation': 0, 'Edema': 0, 'Enlarged Cardiomediastinum': 0, 'Fracture': 0, 'Lung Lesion': 0, 'Lung Opacity': 0, 'No Finding': 1, 'Pleural Effusion': 0, 'Pleural Other': 0, 'Pneumonia': 0, 'Pneumothorax': 0, 'Support Devices': 0}"
"/home/michel/data/Text2Image/mimicxr_train_100/_val_e46_generate_text_top0.85r,edit/No acute cardiopulmonary process. Unremarkable chest radiographic examination/rank_0_000000_fr0.0_cr1.0104orig.jpg","{'Atelectasis': 0, 'Cardiomegaly': 0, 'Consolidation': 0, 'Edema': 0, 'Enlarged Cardiomediastinum': 0, 'Fracture': 0, 'Lung Lesion': 0, 'Lung Opacity': 0, 'No Finding': 1, 'Pleural Effusion': 0, 'Pleural Other': 0, 'Pneumonia': 0, 'Pneumothorax': 0, 'Support Devices': 0}"
"/home/michel/data/Text2Image/mimicxr_train_100/_val_e46_generate_text_top0.85r,edit/No acute cardiopulmonary process. Unremarkable chest radiographic examination/rank_0_000000_fr0.0_cr1.0105orig.jpg","{'Atelectasis': 0, 'Cardiomegaly': 0, 'Consolidation': 0, 'Edema': 0, 'Enlarged Cardiomediastinum': 0, 'Fracture': 0, 'Lung Lesion': 0, 'Lung Opacity': 0, 'No Finding': 1, 'Pleural Effusion': 0, 'Pleural Other': 0, 'Pneumonia': 0, 'Pneumothorax': 0, 'Support Devices': 0}"
"/home/michel/data/Text2Image/mimicxr_train_100/_val_e46_generate_text_top0.85r,edit/No acute cardiopulmonary process. Unremarkable chest radiographic examination/rank_0_000000_fr0.0_cr1.0106orig.jpg","{'Atelectasis': 0, 'Cardiomegaly': 0, 'Consolidation': 0, 'Edema': 0, 'Enlarged Cardiomediastinum': 0, 'Fracture': 0, 'Lung Lesion': 0, 'Lung Opacity': 0, 'No Finding': 1, 'Pleural Effusion': 0, 'Pleural Other': 0, 'Pneumonia': 0, 'Pneumothorax': 0, 'Support Devices': 0}"
"/home/michel/data/Text2Image/mimicxr_train_100/_val_e46_generate_text_top0.85r,edit/No acute cardiopulmonary process. Unremarkable chest radiographic examination/rank_0_000000_fr0.0_cr1.0107orig.jpg","{'Atelectasis': 0, 'Cardiomegaly': 0, 'Consolidation': 0, 'Edema': 0, 'Enlarged Cardiomediastinum': 0, 'Fracture': 0, 'Lung Lesion': 0, 'Lung Opacity': 0, 'No Finding': 1, 'Pleural Effusion': 0, 'Pleural Other': 0, 'Pneumonia': 0, 'Pneumothorax': 0, 'Support Devices': 0}"
"/home/michel/data/Text2Image/mimicxr_train_100/_val_e46_generate_text_top0.85r,edit/No acute cardiopulmonary process. Unremarkable chest radiographic examination/rank_0_000000_fr0.0_cr1.0108orig.jpg","{'Atelectasis': 0, 'Cardiomegaly': 0, 'Consolidation': 0, 'Edema': 0, 'Enlarged Cardiomediastinum': 0, 'Fracture': 0, 'Lung Lesion': 0, 'Lung Opacity': 0, 'No Finding': 1, 'Pleural Effusion': 0, 'Pleural Other': 0, 'Pneumonia': 0, 'Pneumothorax': 0, 'Support Devices': 0}"
"/home/michel/data/Text2Image/mimicxr_train_100/_val_e46_generate_text_top0.85r,edit/No acute cardiopulmonary process. Unremarkable chest radiographic examination/rank_0_000000_fr0.0_cr1.0109orig.jpg","{'Atelectasis': 0, 'Cardiomegaly': 0, 'Consolidation': 0, 'Edema': 0, 'Enlarged Cardiomediastinum': 0, 'Fracture': 0, 'Lung Lesion': 0, 'Lung Opacity': 0, 'No Finding': 1, 'Pleural Effusion': 0, 'Pleural Other': 0, 'Pneumonia': 0, 'Pneumothorax': 0, 'Support Devices': 0}"
"/home/michel/data/Text2Image/mimicxr_train_100/_val_e46_generate_text_top0.85r,edit/No acute cardiopulmonary process. Unremarkable chest radiographic examination/rank_0_000000_fr0.0_cr1.0110orig.jpg","{'Atelectasis': 0, 'Cardiomegaly': 0, 'Consolidation': 0, 'Edema': 0, 'Enlarged Cardiomediastinum': 0, 'Fracture': 0, 'Lung Lesion': 0, 'Lung Opacity': 0, 'No Finding': 1, 'Pleural Effusion': 0, 'Pleural Other': 0, 'Pneumonia': 0, 'Pneumothorax': 0, 'Support Devices': 0}"
"/home/michel/data/Text2Image/mimicxr_train_100/_val_e46_generate_text_top0.85r,edit/No acute cardiopulmonary process. Unremarkable chest radiographic examination/rank_0_000000_fr0.0_cr1.0111orig.jpg","{'Atelectasis': 0, 'Cardiomegaly': 0, 'Consolidation': 0, 'Edema': 0, 'Enlarged Cardiomediastinum': 0, 'Fracture': 0, 'Lung Lesion': 0, 'Lung Opacity': 0, 'No Finding': 1, 'Pleural Effusion': 0, 'Pleural Other': 0, 'Pneumonia': 0, 'Pneumothorax': 0, 'Support Devices': 0}"
"/home/michel/data/Text2Image/mimicxr_train_100/_val_e46_generate_text_top0.85r,edit/No acute cardiopulmonary process. Unremarkable chest radiographic examination/rank_0_000000_fr0.0_cr1.0112orig.jpg","{'Atelectasis': 0, 'Cardiomegaly': 0, 'Consolidation': 0, 'Edema': 0, 'Enlarged Cardiomediastinum': 0, 'Fracture': 0, 'Lung Lesion': 0, 'Lung Opacity': 0, 'No Finding': 1, 'Pleural Effusion': 0, 'Pleural Other': 0, 'Pneumonia': 0, 'Pneumothorax': 0, 'Support Devices': 0}"
"/home/michel/data/Text2Image/mimicxr_train_100/_val_e46_generate_text_top0.85r,edit/No acute cardiopulmonary process. Unremarkable chest radiographic examination/rank_0_000000_fr0.0_cr1.0113orig.jpg","{'Atelectasis': 0, 'Cardiomegaly': 0, 'Consolidation': 0, 'Edema': 0, 'Enlarged Cardiomediastinum': 0, 'Fracture': 0, 'Lung Lesion': 0, 'Lung Opacity': 0, 'No Finding': 1, 'Pleural Effusion': 0, 'Pleural Other': 0, 'Pneumonia': 0, 'Pneumothorax': 0, 'Support Devices': 0}"
"/home/michel/data/Text2Image/mimicxr_train_100/_val_e46_generate_text_top0.85r,edit/No acute cardiopulmonary process. Unremarkable chest radiographic examination/rank_0_000000_fr0.0_cr1.0114orig.jpg","{'Atelectasis': 0, 'Cardiomegaly': 0, 'Consolidation': 0, 'Edema': 0, 'Enlarged Cardiomediastinum': 0, 'Fracture': 0, 'Lung Lesion': 0, 'Lung Opacity': 0, 'No Finding': 1, 'Pleural Effusion': 0, 'Pleural Other': 0, 'Pneumonia': 0, 'Pneumothorax': 0, 'Support Devices': 0}"
"/home/michel/data/Text2Image/mimicxr_train_100/_val_e46_generate_text_top0.85r,edit/No acute cardiopulmonary process. Unremarkable chest radiographic examination/rank_0_000000_fr0.0_cr1.0115orig.jpg","{'Atelectasis': 0, 'Cardiomegaly': 0, 'Consolidation': 0, 'Edema': 0, 'Enlarged Cardiomediastinum': 0, 'Fracture': 0, 'Lung Lesion': 0, 'Lung Opacity': 0, 'No Finding': 1, 'Pleural Effusion': 0, 'Pleural Other': 0, 'Pneumonia': 0, 'Pneumothorax': 0, 'Support Devices': 0}"
"/home/michel/data/Text2Image/mimicxr_train_100/_val_e46_generate_text_top0.85r,edit/No acute cardiopulmonary process. Unremarkable chest radiographic examination/rank_0_000000_fr0.0_cr1.0116orig.jpg","{'Atelectasis': 0, 'Cardiomegaly': 0, 'Consolidation': 0, 'Edema': 0, 'Enlarged Cardiomediastinum': 0, 'Fracture': 0, 'Lung Lesion': 0, 'Lung Opacity': 0, 'No Finding': 1, 'Pleural Effusion': 0, 'Pleural Other': 0, 'Pneumonia': 0, 'Pneumothorax': 0, 'Support Devices': 0}"
"/home/michel/data/Text2Image/mimicxr_train_100/_val_e46_generate_text_top0.85r,edit/No acute cardiopulmonary process. Unremarkable chest radiographic examination/rank_0_000000_fr0.0_cr1.0117orig.jpg","{'Atelectasis': 0, 'Cardiomegaly': 0, 'Consolidation': 0, 'Edema': 0, 'Enlarged Cardiomediastinum': 0, 'Fracture': 0, 'Lung Lesion': 0, 'Lung Opacity': 0, 'No Finding': 1, 'Pleural Effusion': 0, 'Pleural Other': 0, 'Pneumonia': 0, 'Pneumothorax': 0, 'Support Devices': 0}"
"/home/michel/data/Text2Image/mimicxr_train_100/_val_e46_generate_text_top0.85r,edit/No acute cardiopulmonary process. Unremarkable chest radiographic examination/rank_0_000000_fr0.0_cr1.0118orig.jpg","{'Atelectasis': 0, 'Cardiomegaly': 0, 'Consolidation': 0, 'Edema': 0, 'Enlarged Cardiomediastinum': 0, 'Fracture': 0, 'Lung Lesion': 0, 'Lung Opacity': 0, 'No Finding': 1, 'Pleural Effusion': 0, 'Pleural Other': 0, 'Pneumonia': 0, 'Pneumothorax': 0, 'Support Devices': 0}"
"/home/michel/data/Text2Image/mimicxr_train_100/_val_e46_generate_text_top0.85r,edit/No acute cardiopulmonary process. Unremarkable chest radiographic examination/rank_0_000000_fr0.0_cr1.0119orig.jpg","{'Atelectasis': 0, 'Cardiomegaly': 0, 'Consolidation': 0, 'Edema': 0, 'Enlarged Cardiomediastinum': 0, 'Fracture': 0, 'Lung Lesion': 0, 'Lung Opacity': 0, 'No Finding': 1, 'Pleural Effusion': 0, 'Pleural Other': 0, 'Pneumonia': 0, 'Pneumothorax': 0, 'Support Devices': 0}"
"/home/michel/data/Text2Image/mimicxr_train_100/_val_e46_generate_text_top0.85r,edit/No acute cardiopulmonary process. Unremarkable chest radiographic examination/rank_0_000000_fr0.0_cr1.0120orig.jpg","{'Atelectasis': 0, 'Cardiomegaly': 0, 'Consolidation': 0, 'Edema': 0, 'Enlarged Cardiomediastinum': 0, 'Fracture': 0, 'Lung Lesion': 0, 'Lung Opacity': 0, 'No Finding': 1, 'Pleural Effusion': 0, 'Pleural Other': 0, 'Pneumonia': 0, 'Pneumothorax': 0, 'Support Devices': 0}"
"/home/michel/data/Text2Image/mimicxr_train_100/_val_e46_generate_text_top0.85r,edit/No acute cardiopulmonary process. Unremarkable chest radiographic examination/rank_0_000000_fr0.0_cr1.0121orig.jpg","{'Atelectasis': 0, 'Cardiomegaly': 0, 'Consolidation': 0, 'Edema': 0, 'Enlarged Cardiomediastinum': 0, 'Fracture': 0, 'Lung Lesion': 0, 'Lung Opacity': 0, 'No Finding': 1, 'Pleural Effusion': 0, 'Pleural Other': 0, 'Pneumonia': 0, 'Pneumothorax': 0, 'Support Devices': 0}"
"/home/michel/data/Text2Image/mimicxr_train_100/_val_e46_generate_text_top0.85r,edit/No acute cardiopulmonary process. Unremarkable chest radiographic examination/rank_0_000000_fr0.0_cr1.0122orig.jpg","{'Atelectasis': 0, 'Cardiomegaly': 0, 'Consolidation': 0, 'Edema': 0, 'Enlarged Cardiomediastinum': 0, 'Fracture': 0, 'Lung Lesion': 0, 'Lung Opacity': 0, 'No Finding': 1, 'Pleural Effusion': 0, 'Pleural Other': 0, 'Pneumonia': 0, 'Pneumothorax': 0, 'Support Devices': 0}"
"/home/michel/data/Text2Image/mimicxr_train_100/_val_e46_generate_text_top0.85r,edit/No acute cardiopulmonary process. Unremarkable chest radiographic examination/rank_0_000000_fr0.0_cr1.0123orig.jpg","{'Atelectasis': 0, 'Cardiomegaly': 0, 'Consolidation': 0, 'Edema': 0, 'Enlarged Cardiomediastinum': 0, 'Fracture': 0, 'Lung Lesion': 0, 'Lung Opacity': 0, 'No Finding': 1, 'Pleural Effusion': 0, 'Pleural Other': 0, 'Pneumonia': 0, 'Pneumothorax': 0, 'Support Devices': 0}"
"/home/michel/data/Text2Image/mimicxr_train_100/_val_e46_generate_text_top0.85r,edit/No acute cardiopulmonary process. Unremarkable chest radiographic examination/rank_0_000000_fr0.0_cr1.0124orig.jpg","{'Atelectasis': 0, 'Cardiomegaly': 0, 'Consolidation': 0, 'Edema': 0, 'Enlarged Cardiomediastinum': 0, 'Fracture': 0, 'Lung Lesion': 0, 'Lung Opacity': 0, 'No Finding': 1, 'Pleural Effusion': 0, 'Pleural Other': 0, 'Pneumonia': 0, 'Pneumothorax': 0, 'Support Devices': 0}"
"/home/michel/data/Text2Image/mimicxr_train_100/_val_e46_generate_text_top0.85r,edit/No acute cardiopulmonary process. Unremarkable chest radiographic examination/rank_0_000000_fr0.0_cr1.0125orig.jpg","{'Atelectasis': 0, 'Cardiomegaly': 0, 'Consolidation': 0, 'Edema': 0, 'Enlarged Cardiomediastinum': 0, 'Fracture': 0, 'Lung Lesion': 0, 'Lung Opacity': 0, 'No Finding': 1, 'Pleural Effusion': 0, 'Pleural Other': 0, 'Pneumonia': 0, 'Pneumothorax': 0, 'Support Devices': 0}"
"/home/michel/data/Text2Image/mimicxr_train_100/_val_e46_generate_text_top0.85r,edit/No acute cardiopulmonary process. Unremarkable chest radiographic examination/rank_0_000000_fr0.0_cr1.0126orig.jpg","{'Atelectasis': 0, 'Cardiomegaly': 0, 'Consolidation': 0, 'Edema': 0, 'Enlarged Cardiomediastinum': 0, 'Fracture': 0, 'Lung Lesion': 0, 'Lung Opacity': 0, 'No Finding': 1, 'Pleural Effusion': 0, 'Pleural Other': 0, 'Pneumonia': 0, 'Pneumothorax': 0, 'Support Devices': 0}"
"/home/michel/data/Text2Image/mimicxr_train_100/_val_e46_generate_text_top0.85r,edit/No acute cardiopulmonary process. Unremarkable chest radiographic examination/rank_0_000000_fr0.0_cr1.0127orig.jpg","{'Atelectasis': 0, 'Cardiomegaly': 0, 'Consolidation': 0, 'Edema': 0, 'Enlarged Cardiomediastinum': 0, 'Fracture': 0, 'Lung Lesion': 0, 'Lung Opacity': 0, 'No Finding': 1, 'Pleural Effusion': 0, 'Pleural Other': 0, 'Pneumonia': 0, 'Pneumothorax': 0, 'Support Devices': 0}"
"/home/michel/data/Text2Image/mimicxr_train_100/_val_e46_generate_text_top0.85r,edit/No acute cardiopulmonary process. Unremarkable chest radiographic examination/rank_0_000000_fr0.0_cr1.0128orig.jpg","{'Atelectasis': 0, 'Cardiomegaly': 0, 'Consolidation': 0, 'Edema': 0, 'Enlarged Cardiomediastinum': 0, 'Fracture': 0, 'Lung Lesion': 0, 'Lung Opacity': 0, 'No Finding': 1, 'Pleural Effusion': 0, 'Pleural Other': 0, 'Pneumonia': 0, 'Pneumothorax': 0, 'Support Devices': 0}"
"/home/michel/data/Text2Image/mimicxr_train_100/_val_e46_generate_text_top0.85r,edit/No acute cardiopulmonary process. Unremarkable chest radiographic examination/rank_0_000000_fr0.0_cr1.0129orig.jpg","{'Atelectasis': 0, 'Cardiomegaly': 0, 'Consolidation': 0, 'Edema': 0, 'Enlarged Cardiomediastinum': 0, 'Fracture': 0, 'Lung Lesion': 0, 'Lung Opacity': 0, 'No Finding': 1, 'Pleural Effusion': 0, 'Pleural Other': 0, 'Pneumonia': 0, 'Pneumothorax': 0, 'Support Devices': 1}"
"/home/michel/data/Text2Image/mimicxr_train_100/_val_e46_generate_text_top0.85r,edit/No acute cardiopulmonary process. Unremarkable chest radiographic examination/rank_0_000000_fr0.0_cr1.0130orig.jpg","{'Atelectasis': 0, 'Cardiomegaly': 0, 'Consolidation': 0, 'Edema': 0, 'Enlarged Cardiomediastinum': 0, 'Fracture': 0, 'Lung Lesion': 0, 'Lung Opacity': 0, 'No Finding': 1, 'Pleural Effusion': 0, 'Pleural Other': 0, 'Pneumonia': 0, 'Pneumothorax': 0, 'Support Devices': 0}"
"/home/michel/data/Text2Image/mimicxr_train_100/_val_e46_generate_text_top0.85r,edit/No acute cardiopulmonary process. Unremarkable chest radiographic examination/rank_0_000000_fr0.0_cr1.0131orig.jpg","{'Atelectasis': 0, 'Cardiomegaly': 0, 'Consolidation': 0, 'Edema': 0, 'Enlarged Cardiomediastinum': 0, 'Fracture': 0, 'Lung Lesion': 0, 'Lung Opacity': 0, 'No Finding': 1, 'Pleural Effusion': 0, 'Pleural Other': 0, 'Pneumonia': 0, 'Pneumothorax': 0, 'Support Devices': 0}"
"/home/michel/data/Text2Image/mimicxr_train_100/_val_e46_generate_text_top0.85r,edit/No acute cardiopulmonary process. Unremarkable chest radiographic examination/rank_0_000000_fr0.0_cr1.0132orig.jpg","{'Atelectasis': 0, 'Cardiomegaly': 0, 'Consolidation': 0, 'Edema': 0, 'Enlarged Cardiomediastinum': 0, 'Fracture': 0, 'Lung Lesion': 0, 'Lung Opacity': 0, 'No Finding': 1, 'Pleural Effusion': 0, 'Pleural Other': 0, 'Pneumonia': 0, 'Pneumothorax': 0, 'Support Devices': 0}"
"/home/michel/data/Text2Image/mimicxr_train_100/_val_e46_generate_text_top0.85r,edit/No acute cardiopulmonary process. Unremarkable chest radiographic examination/rank_0_000000_fr0.0_cr1.0133orig.jpg","{'Atelectasis': 0, 'Cardiomegaly': 0, 'Consolidation': 0, 'Edema': 0, 'Enlarged Cardiomediastinum': 0, 'Fracture': 0, 'Lung Lesion': 0, 'Lung Opacity': 0, 'No Finding': 1, 'Pleural Effusion': 0, 'Pleural Other': 0, 'Pneumonia': 0, 'Pneumothorax': 0, 'Support Devices': 0}"
"/home/michel/data/Text2Image/mimicxr_train_100/_val_e46_generate_text_top0.85r,edit/No acute cardiopulmonary process. Unremarkable chest radiographic examination/rank_0_000000_fr0.0_cr1.0134orig.jpg","{'Atelectasis': 0, 'Cardiomegaly': 0, 'Consolidation': 0, 'Edema': 0, 'Enlarged Cardiomediastinum': 0, 'Fracture': 0, 'Lung Lesion': 0, 'Lung Opacity': 0, 'No Finding': 1, 'Pleural Effusion': 0, 'Pleural Other': 0, 'Pneumonia': 0, 'Pneumothorax': 0, 'Support Devices': 0}"
"/home/michel/data/Text2Image/mimicxr_train_100/_val_e46_generate_text_top0.85r,edit/No acute cardiopulmonary process. Unremarkable chest radiographic examination/rank_0_000000_fr0.0_cr1.0135orig.jpg","{'Atelectasis': 0, 'Cardiomegaly': 0, 'Consolidation': 0, 'Edema': 0, 'Enlarged Cardiomediastinum': 0, 'Fracture': 0, 'Lung Lesion': 0, 'Lung Opacity': 0, 'No Finding': 1, 'Pleural Effusion': 0, 'Pleural Other': 0, 'Pneumonia': 0, 'Pneumothorax': 0, 'Support Devices': 0}"
"/home/michel/data/Text2Image/mimicxr_train_100/_val_e46_generate_text_top0.85r,edit/No acute cardiopulmonary process. Unremarkable chest radiographic examination/rank_0_000000_fr0.0_cr1.0136orig.jpg","{'Atelectasis': 0, 'Cardiomegaly': 0, 'Consolidation': 0, 'Edema': 0, 'Enlarged Cardiomediastinum': 0, 'Fracture': 0, 'Lung Lesion': 0, 'Lung Opacity': 0, 'No Finding': 1, 'Pleural Effusion': 0, 'Pleural Other': 0, 'Pneumonia': 0, 'Pneumothorax': 0, 'Support Devices': 0}"
"/home/michel/data/Text2Image/mimicxr_train_100/_val_e46_generate_text_top0.85r,edit/No acute cardiopulmonary process. Unremarkable chest radiographic examination/rank_0_000000_fr0.0_cr1.0137orig.jpg","{'Atelectasis': 0, 'Cardiomegaly': 0, 'Consolidation': 0, 'Edema': 0, 'Enlarged Cardiomediastinum': 0, 'Fracture': 0, 'Lung Lesion': 0, 'Lung Opacity': 0, 'No Finding': 1, 'Pleural Effusion': 0, 'Pleural Other': 0, 'Pneumonia': 0, 'Pneumothorax': 0, 'Support Devices': 0}"
"/home/michel/data/Text2Image/mimicxr_train_100/_val_e46_generate_text_top0.85r,edit/No acute cardiopulmonary process. Unremarkable chest radiographic examination/rank_0_000000_fr0.0_cr1.0138orig.jpg","{'Atelectasis': 0, 'Cardiomegaly': 0, 'Consolidation': 0, 'Edema': 0, 'Enlarged Cardiomediastinum': 0, 'Fracture': 0, 'Lung Lesion': 0, 'Lung Opacity': 0, 'No Finding': 1, 'Pleural Effusion': 0, 'Pleural Other': 0, 'Pneumonia': 0, 'Pneumothorax': 0, 'Support Devices': 0}"
"/home/michel/data/Text2Image/mimicxr_train_100/_val_e46_generate_text_top0.85r,edit/No acute cardiopulmonary process. Unremarkable chest radiographic examination/rank_0_000000_fr0.0_cr1.0139orig.jpg","{'Atelectasis': 0, 'Cardiomegaly': 0, 'Consolidation': 0, 'Edema': 0, 'Enlarged Cardiomediastinum': 0, 'Fracture': 0, 'Lung Lesion': 0, 'Lung Opacity': 0, 'No Finding': 1, 'Pleural Effusion': 0, 'Pleural Other': 0, 'Pneumonia': 0, 'Pneumothorax': 0, 'Support Devices': 0}"
"/home/michel/data/Text2Image/mimicxr_train_100/_val_e46_generate_text_top0.85r,edit/No acute cardiopulmonary process. Unremarkable chest radiographic examination/rank_0_000000_fr0.0_cr1.0140orig.jpg","{'Atelectasis': 0, 'Cardiomegaly': 0, 'Consolidation': 0, 'Edema': 0, 'Enlarged Cardiomediastinum': 0, 'Fracture': 0, 'Lung Lesion': 0, 'Lung Opacity': 0, 'No Finding': 1, 'Pleural Effusion': 0, 'Pleural Other': 0, 'Pneumonia': 0, 'Pneumothorax': 0, 'Support Devices': 0}"
"/home/michel/data/Text2Image/mimicxr_train_100/_val_e46_generate_text_top0.85r,edit/No acute cardiopulmonary process. Unremarkable chest radiographic examination/rank_0_000000_fr0.0_cr1.0141orig.jpg","{'Atelectasis': 0, 'Cardiomegaly': 0, 'Consolidation': 0, 'Edema': 0, 'Enlarged Cardiomediastinum': 0, 'Fracture': 0, 'Lung Lesion': 0, 'Lung Opacity': 0, 'No Finding': 1, 'Pleural Effusion': 0, 'Pleural Other': 0, 'Pneumonia': 0, 'Pneumothorax': 0, 'Support Devices': 0}"
"/home/michel/data/Text2Image/mimicxr_train_100/_val_e46_generate_text_top0.85r,edit/No acute cardiopulmonary process. Unremarkable chest radiographic examination/rank_0_000000_fr0.0_cr1.0142orig.jpg","{'Atelectasis': 0, 'Cardiomegaly': 0, 'Consolidation': 0, 'Edema': 0, 'Enlarged Cardiomediastinum': 0, 'Fracture': 0, 'Lung Lesion': 0, 'Lung Opacity': 0, 'No Finding': 1, 'Pleural Effusion': 0, 'Pleural Other': 0, 'Pneumonia': 0, 'Pneumothorax': 0, 'Support Devices': 0}"
"/home/michel/data/Text2Image/mimicxr_train_100/_val_e46_generate_text_top0.85r,edit/No acute cardiopulmonary process. Unremarkable chest radiographic examination/rank_0_000000_fr0.0_cr1.0143orig.jpg","{'Atelectasis': 0, 'Cardiomegaly': 0, 'Consolidation': 0, 'Edema': 0, 'Enlarged Cardiomediastinum': 0, 'Fracture': 0, 'Lung Lesion': 0, 'Lung Opacity': 0, 'No Finding': 1, 'Pleural Effusion': 0, 'Pleural Other': 0, 'Pneumonia': 0, 'Pneumothorax': 0, 'Support Devices': 0}"
"/home/michel/data/Text2Image/mimicxr_train_100/_val_e46_generate_text_top0.85r,edit/No acute cardiopulmonary process. Unremarkable chest radiographic examination/rank_0_000000_fr0.0_cr1.0144orig.jpg","{'Atelectasis': 0, 'Cardiomegaly': 0, 'Consolidation': 0, 'Edema': 0, 'Enlarged Cardiomediastinum': 0, 'Fracture': 0, 'Lung Lesion': 0, 'Lung Opacity': 0, 'No Finding': 1, 'Pleural Effusion': 0, 'Pleural Other': 0, 'Pneumonia': 0, 'Pneumothorax': 0, 'Support Devices': 0}"
"/home/michel/data/Text2Image/mimicxr_train_100/_val_e46_generate_text_top0.85r,edit/No acute cardiopulmonary process. Unremarkable chest radiographic examination/rank_0_000000_fr0.0_cr1.0145orig.jpg","{'Atelectasis': 0, 'Cardiomegaly': 0, 'Consolidation': 0, 'Edema': 0, 'Enlarged Cardiomediastinum': 0, 'Fracture': 0, 'Lung Lesion': 0, 'Lung Opacity': 0, 'No Finding': 1, 'Pleural Effusion': 0, 'Pleural Other': 0, 'Pneumonia': 0, 'Pneumothorax': 0, 'Support Devices': 0}"
"/home/michel/data/Text2Image/mimicxr_train_100/_val_e46_generate_text_top0.85r,edit/No acute cardiopulmonary process. Unremarkable chest radiographic examination/rank_0_000000_fr0.0_cr1.0146orig.jpg","{'Atelectasis': 0, 'Cardiomegaly': 0, 'Consolidation': 0, 'Edema': 0, 'Enlarged Cardiomediastinum': 0, 'Fracture': 0, 'Lung Lesion': 0, 'Lung Opacity': 0, 'No Finding': 1, 'Pleural Effusion': 0, 'Pleural Other': 0, 'Pneumonia': 0, 'Pneumothorax': 0, 'Support Devices': 0}"
"/home/michel/data/Text2Image/mimicxr_train_100/_val_e46_generate_text_top0.85r,edit/No acute cardiopulmonary process. Unremarkable chest radiographic examination/rank_0_000000_fr0.0_cr1.0147orig.jpg","{'Atelectasis': 0, 'Cardiomegaly': 0, 'Consolidation': 0, 'Edema': 0, 'Enlarged Cardiomediastinum': 0, 'Fracture': 0, 'Lung Lesion': 0, 'Lung Opacity': 0, 'No Finding': 1, 'Pleural Effusion': 0, 'Pleural Other': 0, 'Pneumonia': 0, 'Pneumothorax': 0, 'Support Devices': 0}"
"/home/michel/data/Text2Image/mimicxr_train_100/_val_e46_generate_text_top0.85r,edit/No acute cardiopulmonary process. Unremarkable chest radiographic examination/rank_0_000000_fr0.0_cr1.0148orig.jpg","{'Atelectasis': 0, 'Cardiomegaly': 0, 'Consolidation': 0, 'Edema': 0, 'Enlarged Cardiomediastinum': 0, 'Fracture': 0, 'Lung Lesion': 0, 'Lung Opacity': 0, 'No Finding': 1, 'Pleural Effusion': 0, 'Pleural Other': 0, 'Pneumonia': 0, 'Pneumothorax': 0, 'Support Devices': 0}"
"/home/michel/data/Text2Image/mimicxr_train_100/_val_e46_generate_text_top0.85r,edit/No acute cardiopulmonary process. Unremarkable chest radiographic examination/rank_0_000000_fr0.0_cr1.0149orig.jpg","{'Atelectasis': 0, 'Cardiomegaly': 0, 'Consolidation': 0, 'Edema': 0, 'Enlarged Cardiomediastinum': 0, 'Fracture': 0, 'Lung Lesion': 0, 'Lung Opacity': 0, 'No Finding': 1, 'Pleural Effusion': 0, 'Pleural Other': 0, 'Pneumonia': 0, 'Pneumothorax': 0, 'Support Devices': 0}"
"/home/michel/data/Text2Image/mimicxr_train_100/_val_e46_generate_text_top0.85r,edit/No acute cardiopulmonary process. Unremarkable chest radiographic examination/rank_0_000000_fr0.0_cr1.0150orig.jpg","{'Atelectasis': 0, 'Cardiomegaly': 0, 'Consolidation': 0, 'Edema': 0, 'Enlarged Cardiomediastinum': 0, 'Fracture': 0, 'Lung Lesion': 0, 'Lung Opacity': 0, 'No Finding': 1, 'Pleural Effusion': 0, 'Pleural Other': 0, 'Pneumonia': 0, 'Pneumothorax': 0, 'Support Devices': 0}"
"/home/michel/data/Text2Image/mimicxr_train_100/_val_e46_generate_text_top0.85r,edit/No acute cardiopulmonary process. Unremarkable chest radiographic examination/rank_0_000000_fr0.0_cr1.0151orig.jpg","{'Atelectasis': 0, 'Cardiomegaly': 0, 'Consolidation': 0, 'Edema': 0, 'Enlarged Cardiomediastinum': 0, 'Fracture': 0, 'Lung Lesion': 0, 'Lung Opacity': 0, 'No Finding': 1, 'Pleural Effusion': 0, 'Pleural Other': 0, 'Pneumonia': 0, 'Pneumothorax': 0, 'Support Devices': 0}"
"/home/michel/data/Text2Image/mimicxr_train_100/_val_e46_generate_text_top0.85r,edit/No acute cardiopulmonary process. Unremarkable chest radiographic examination/rank_0_000000_fr0.0_cr1.0152orig.jpg","{'Atelectasis': 0, 'Cardiomegaly': 0, 'Consolidation': 0, 'Edema': 0, 'Enlarged Cardiomediastinum': 0, 'Fracture': 0, 'Lung Lesion': 0, 'Lung Opacity': 0, 'No Finding': 1, 'Pleural Effusion': 0, 'Pleural Other': 0, 'Pneumonia': 0, 'Pneumothorax': 0, 'Support Devices': 1}"
"/home/michel/data/Text2Image/mimicxr_train_100/_val_e46_generate_text_top0.85r,edit/No acute cardiopulmonary process. Unremarkable chest radiographic examination/rank_0_000000_fr0.0_cr1.0153orig.jpg","{'Atelectasis': 0, 'Cardiomegaly': 0, 'Consolidation': 0, 'Edema': 0, 'Enlarged Cardiomediastinum': 0, 'Fracture': 0, 'Lung Lesion': 0, 'Lung Opacity': 0, 'No Finding': 1, 'Pleural Effusion': 0, 'Pleural Other': 0, 'Pneumonia': 0, 'Pneumothorax': 0, 'Support Devices': 0}"
"/home/michel/data/Text2Image/mimicxr_train_100/_val_e46_generate_text_top0.85r,edit/No acute cardiopulmonary process. Unremarkable chest radiographic examination/rank_0_000000_fr0.0_cr1.0154orig.jpg","{'Atelectasis': 0, 'Cardiomegaly': 0, 'Consolidation': 0, 'Edema': 0, 'Enlarged Cardiomediastinum': 0, 'Fracture': 0, 'Lung Lesion': 0, 'Lung Opacity': 0, 'No Finding': 1, 'Pleural Effusion': 0, 'Pleural Other': 0, 'Pneumonia': 0, 'Pneumothorax': 0, 'Support Devices': 0}"
"/home/michel/data/Text2Image/mimicxr_train_100/_val_e46_generate_text_top0.85r,edit/No acute cardiopulmonary process. Unremarkable chest radiographic examination/rank_0_000000_fr0.0_cr1.0155orig.jpg","{'Atelectasis': 0, 'Cardiomegaly': 0, 'Consolidation': 0, 'Edema': 0, 'Enlarged Cardiomediastinum': 0, 'Fracture': 0, 'Lung Lesion': 0, 'Lung Opacity': 0, 'No Finding': 1, 'Pleural Effusion': 0, 'Pleural Other': 0, 'Pneumonia': 0, 'Pneumothorax': 0, 'Support Devices': 0}"
"/home/michel/data/Text2Image/mimicxr_train_100/_val_e46_generate_text_top0.85r,edit/No acute cardiopulmonary process. Unremarkable chest radiographic examination/rank_0_000000_fr0.0_cr1.0156orig.jpg","{'Atelectasis': 0, 'Cardiomegaly': 0, 'Consolidation': 0, 'Edema': 0, 'Enlarged Cardiomediastinum': 0, 'Fracture': 0, 'Lung Lesion': 0, 'Lung Opacity': 0, 'No Finding': 1, 'Pleural Effusion': 0, 'Pleural Other': 0, 'Pneumonia': 0, 'Pneumothorax': 0, 'Support Devices': 0}"
"/home/michel/data/Text2Image/mimicxr_train_100/_val_e46_generate_text_top0.85r,edit/No acute cardiopulmonary process. Unremarkable chest radiographic examination/rank_0_000000_fr0.0_cr1.0157orig.jpg","{'Atelectasis': 0, 'Cardiomegaly': 0, 'Consolidation': 0, 'Edema': 0, 'Enlarged Cardiomediastinum': 0, 'Fracture': 0, 'Lung Lesion': 0, 'Lung Opacity': 0, 'No Finding': 1, 'Pleural Effusion': 0, 'Pleural Other': 0, 'Pneumonia': 0, 'Pneumothorax': 0, 'Support Devices': 0}"
"/home/michel/data/Text2Image/mimicxr_train_100/_val_e46_generate_text_top0.85r,edit/No acute cardiopulmonary process. Unremarkable chest radiographic examination/rank_0_000000_fr0.0_cr1.0158orig.jpg","{'Atelectasis': 0, 'Cardiomegaly': 0, 'Consolidation': 0, 'Edema': 0, 'Enlarged Cardiomediastinum': 0, 'Fracture': 0, 'Lung Lesion': 0, 'Lung Opacity': 0, 'No Finding': 1, 'Pleural Effusion': 0, 'Pleural Other': 0, 'Pneumonia': 0, 'Pneumothorax': 0, 'Support Devices': 0}"
"/home/michel/data/Text2Image/mimicxr_train_100/_val_e46_generate_text_top0.85r,edit/No acute cardiopulmonary process. Unremarkable chest radiographic examination/rank_0_000000_fr0.0_cr1.0159orig.jpg","{'Atelectasis': 0, 'Cardiomegaly': 0, 'Consolidation': 0, 'Edema': 0, 'Enlarged Cardiomediastinum': 0, 'Fracture': 0, 'Lung Lesion': 0, 'Lung Opacity': 0, 'No Finding': 1, 'Pleural Effusion': 0, 'Pleural Other': 0, 'Pneumonia': 0, 'Pneumothorax': 0, 'Support Devices': 0}"
"/home/michel/data/Text2Image/mimicxr_train_100/_val_e46_generate_text_top0.85r,edit/No acute cardiopulmonary process. Unremarkable chest radiographic examination/rank_0_000000_fr0.0_cr1.0160orig.jpg","{'Atelectasis': 0, 'Cardiomegaly': 0, 'Consolidation': 0, 'Edema': 0, 'Enlarged Cardiomediastinum': 0, 'Fracture': 0, 'Lung Lesion': 0, 'Lung Opacity': 0, 'No Finding': 1, 'Pleural Effusion': 0, 'Pleural Other': 0, 'Pneumonia': 0, 'Pneumothorax': 0, 'Support Devices': 1}"
"/home/michel/data/Text2Image/mimicxr_train_100/_val_e46_generate_text_top0.85r,edit/No acute cardiopulmonary process. Unremarkable chest radiographic examination/rank_0_000000_fr0.0_cr1.0161orig.jpg","{'Atelectasis': 0, 'Cardiomegaly': 0, 'Consolidation': 0, 'Edema': 0, 'Enlarged Cardiomediastinum': 0, 'Fracture': 0, 'Lung Lesion': 0, 'Lung Opacity': 0, 'No Finding': 1, 'Pleural Effusion': 0, 'Pleural Other': 0, 'Pneumonia': 0, 'Pneumothorax': 0, 'Support Devices': 0}"
"/home/michel/data/Text2Image/mimicxr_train_100/_val_e46_generate_text_top0.85r,edit/No acute cardiopulmonary process. Unremarkable chest radiographic examination/rank_0_000000_fr0.0_cr1.0162orig.jpg","{'Atelectasis': 0, 'Cardiomegaly': 0, 'Consolidation': 0, 'Edema': 0, 'Enlarged Cardiomediastinum': 0, 'Fracture': 0, 'Lung Lesion': 0, 'Lung Opacity': 0, 'No Finding': 1, 'Pleural Effusion': 0, 'Pleural Other': 0, 'Pneumonia': 0, 'Pneumothorax': 0, 'Support Devices': 0}"
"/home/michel/data/Text2Image/mimicxr_train_100/_val_e46_generate_text_top0.85r,edit/No acute cardiopulmonary process. Unremarkable chest radiographic examination/rank_0_000000_fr0.0_cr1.0163orig.jpg","{'Atelectasis': 0, 'Cardiomegaly': 0, 'Consolidation': 0, 'Edema': 0, 'Enlarged Cardiomediastinum': 0, 'Fracture': 0, 'Lung Lesion': 0, 'Lung Opacity': 0, 'No Finding': 1, 'Pleural Effusion': 0, 'Pleural Other': 0, 'Pneumonia': 0, 'Pneumothorax': 0, 'Support Devices': 1}"
"/home/michel/data/Text2Image/mimicxr_train_100/_val_e46_generate_text_top0.85r,edit/No acute cardiopulmonary process. Unremarkable chest radiographic examination/rank_0_000000_fr0.0_cr1.0164orig.jpg","{'Atelectasis': 0, 'Cardiomegaly': 0, 'Consolidation': 0, 'Edema': 0, 'Enlarged Cardiomediastinum': 0, 'Fracture': 0, 'Lung Lesion': 0, 'Lung Opacity': 0, 'No Finding': 1, 'Pleural Effusion': 0, 'Pleural Other': 0, 'Pneumonia': 0, 'Pneumothorax': 0, 'Support Devices': 0}"
"/home/michel/data/Text2Image/mimicxr_train_100/_val_e46_generate_text_top0.85r,edit/No acute cardiopulmonary process. Unremarkable chest radiographic examination/rank_0_000000_fr0.0_cr1.0165orig.jpg","{'Atelectasis': 0, 'Cardiomegaly': 0, 'Consolidation': 0, 'Edema': 0, 'Enlarged Cardiomediastinum': 0, 'Fracture': 0, 'Lung Lesion': 0, 'Lung Opacity': 0, 'No Finding': 1, 'Pleural Effusion': 0, 'Pleural Other': 0, 'Pneumonia': 0, 'Pneumothorax': 0, 'Support Devices': 1}"
"/home/michel/data/Text2Image/mimicxr_train_100/_val_e46_generate_text_top0.85r,edit/No acute cardiopulmonary process. Unremarkable chest radiographic examination/rank_0_000000_fr0.0_cr1.0166orig.jpg","{'Atelectasis': 0, 'Cardiomegaly': 0, 'Consolidation': 0, 'Edema': 0, 'Enlarged Cardiomediastinum': 0, 'Fracture': 0, 'Lung Lesion': 0, 'Lung Opacity': 0, 'No Finding': 1, 'Pleural Effusion': 0, 'Pleural Other': 0, 'Pneumonia': 0, 'Pneumothorax': 0, 'Support Devices': 1}"
"/home/michel/data/Text2Image/mimicxr_train_100/_val_e46_generate_text_top0.85r,edit/No acute cardiopulmonary process. Unremarkable chest radiographic examination/rank_0_000000_fr0.0_cr1.0167orig.jpg","{'Atelectasis': 0, 'Cardiomegaly': 0, 'Consolidation': 0, 'Edema': 0, 'Enlarged Cardiomediastinum': 0, 'Fracture': 0, 'Lung Lesion': 0, 'Lung Opacity': 0, 'No Finding': 1, 'Pleural Effusion': 0, 'Pleural Other': 0, 'Pneumonia': 0, 'Pneumothorax': 0, 'Support Devices': 1}"
"/home/michel/data/Text2Image/mimicxr_train_100/_val_e46_generate_text_top0.85r,edit/No acute cardiopulmonary process. Unremarkable chest radiographic examination/rank_0_000000_fr0.0_cr1.0168orig.jpg","{'Atelectasis': 0, 'Cardiomegaly': 0, 'Consolidation': 0, 'Edema': 0, 'Enlarged Cardiomediastinum': 0, 'Fracture': 0, 'Lung Lesion': 0, 'Lung Opacity': 0, 'No Finding': 1, 'Pleural Effusion': 0, 'Pleural Other': 0, 'Pneumonia': 0, 'Pneumothorax': 0, 'Support Devices': 0}"
"/home/michel/data/Text2Image/mimicxr_train_100/_val_e46_generate_text_top0.85r,edit/No acute cardiopulmonary process. Unremarkable chest radiographic examination/rank_0_000000_fr0.0_cr1.0169orig.jpg","{'Atelectasis': 0, 'Cardiomegaly': 0, 'Consolidation': 0, 'Edema': 0, 'Enlarged Cardiomediastinum': 0, 'Fracture': 0, 'Lung Lesion': 0, 'Lung Opacity': 0, 'No Finding': 1, 'Pleural Effusion': 0, 'Pleural Other': 0, 'Pneumonia': 0, 'Pneumothorax': 0, 'Support Devices': 0}"
"/home/michel/data/Text2Image/mimicxr_train_100/_val_e46_generate_text_top0.85r,edit/No acute cardiopulmonary process. Unremarkable chest radiographic examination/rank_0_000000_fr0.0_cr1.0170orig.jpg","{'Atelectasis': 0, 'Cardiomegaly': 0, 'Consolidation': 0, 'Edema': 0, 'Enlarged Cardiomediastinum': 0, 'Fracture': 0, 'Lung Lesion': 0, 'Lung Opacity': 0, 'No Finding': 1, 'Pleural Effusion': 0, 'Pleural Other': 0, 'Pneumonia': 0, 'Pneumothorax': 0, 'Support Devices': 0}"
"/home/michel/data/Text2Image/mimicxr_train_100/_val_e46_generate_text_top0.85r,edit/No acute cardiopulmonary process. Unremarkable chest radiographic examination/rank_0_000000_fr0.0_cr1.0171orig.jpg","{'Atelectasis': 0, 'Cardiomegaly': 0, 'Consolidation': 0, 'Edema': 0, 'Enlarged Cardiomediastinum': 0, 'Fracture': 0, 'Lung Lesion': 0, 'Lung Opacity': 0, 'No Finding': 1, 'Pleural Effusion': 0, 'Pleural Other': 0, 'Pneumonia': 0, 'Pneumothorax': 0, 'Support Devices': 1}"
"/home/michel/data/Text2Image/mimicxr_train_100/_val_e46_generate_text_top0.85r,edit/No acute cardiopulmonary process. Unremarkable chest radiographic examination/rank_0_000000_fr0.0_cr1.0172orig.jpg","{'Atelectasis': 0, 'Cardiomegaly': 0, 'Consolidation': 0, 'Edema': 0, 'Enlarged Cardiomediastinum': 0, 'Fracture': 0, 'Lung Lesion': 0, 'Lung Opacity': 0, 'No Finding': 1, 'Pleural Effusion': 0, 'Pleural Other': 0, 'Pneumonia': 0, 'Pneumothorax': 0, 'Support Devices': 0}"
"/home/michel/data/Text2Image/mimicxr_train_100/_val_e46_generate_text_top0.85r,edit/No acute cardiopulmonary process. Unremarkable chest radiographic examination/rank_0_000000_fr0.0_cr1.0173orig.jpg","{'Atelectasis': 0, 'Cardiomegaly': 0, 'Consolidation': 0, 'Edema': 0, 'Enlarged Cardiomediastinum': 0, 'Fracture': 0, 'Lung Lesion': 0, 'Lung Opacity': 0, 'No Finding': 1, 'Pleural Effusion': 0, 'Pleural Other': 0, 'Pneumonia': 0, 'Pneumothorax': 0, 'Support Devices': 0}"
"/home/michel/data/Text2Image/mimicxr_train_100/_val_e46_generate_text_top0.85r,edit/No acute cardiopulmonary process. Unremarkable chest radiographic examination/rank_0_000000_fr0.0_cr1.0174orig.jpg","{'Atelectasis': 0, 'Cardiomegaly': 0, 'Consolidation': 0, 'Edema': 0, 'Enlarged Cardiomediastinum': 0, 'Fracture': 0, 'Lung Lesion': 0, 'Lung Opacity': 0, 'No Finding': 1, 'Pleural Effusion': 0, 'Pleural Other': 0, 'Pneumonia': 0, 'Pneumothorax': 0, 'Support Devices': 0}"
"/home/michel/data/Text2Image/mimicxr_train_100/_val_e46_generate_text_top0.85r,edit/No acute cardiopulmonary process. Unremarkable chest radiographic examination/rank_0_000000_fr0.0_cr1.0175orig.jpg","{'Atelectasis': 0, 'Cardiomegaly': 0, 'Consolidation': 0, 'Edema': 0, 'Enlarged Cardiomediastinum': 0, 'Fracture': 0, 'Lung Lesion': 0, 'Lung Opacity': 0, 'No Finding': 1, 'Pleural Effusion': 0, 'Pleural Other': 0, 'Pneumonia': 0, 'Pneumothorax': 0, 'Support Devices': 0}"
"/home/michel/data/Text2Image/mimicxr_train_100/_val_e46_generate_text_top0.85r,edit/No acute cardiopulmonary process. Unremarkable chest radiographic examination/rank_0_000000_fr0.0_cr1.0176orig.jpg","{'Atelectasis': 0, 'Cardiomegaly': 0, 'Consolidation': 0, 'Edema': 0, 'Enlarged Cardiomediastinum': 0, 'Fracture': 0, 'Lung Lesion': 0, 'Lung Opacity': 0, 'No Finding': 1, 'Pleural Effusion': 0, 'Pleural Other': 0, 'Pneumonia': 0, 'Pneumothorax': 0, 'Support Devices': 0}"
"/home/michel/data/Text2Image/mimicxr_train_100/_val_e46_generate_text_top0.85r,edit/No acute cardiopulmonary process. Unremarkable chest radiographic examination/rank_0_000000_fr0.0_cr1.0177orig.jpg","{'Atelectasis': 0, 'Cardiomegaly': 0, 'Consolidation': 0, 'Edema': 0, 'Enlarged Cardiomediastinum': 0, 'Fracture': 0, 'Lung Lesion': 0, 'Lung Opacity': 0, 'No Finding': 1, 'Pleural Effusion': 0, 'Pleural Other': 0, 'Pneumonia': 0, 'Pneumothorax': 0, 'Support Devices': 0}"
"/home/michel/data/Text2Image/mimicxr_train_100/_val_e46_generate_text_top0.85r,edit/No acute cardiopulmonary process. Unremarkable chest radiographic examination/rank_0_000000_fr0.0_cr1.0178orig.jpg","{'Atelectasis': 0, 'Cardiomegaly': 0, 'Consolidation': 0, 'Edema': 0, 'Enlarged Cardiomediastinum': 0, 'Fracture': 0, 'Lung Lesion': 0, 'Lung Opacity': 0, 'No Finding': 1, 'Pleural Effusion': 0, 'Pleural Other': 0, 'Pneumonia': 0, 'Pneumothorax': 0, 'Support Devices': 0}"
"/home/michel/data/Text2Image/mimicxr_train_100/_val_e46_generate_text_top0.85r,edit/No acute cardiopulmonary process. Unremarkable chest radiographic examination/rank_0_000000_fr0.0_cr1.0179orig.jpg","{'Atelectasis': 0, 'Cardiomegaly': 0, 'Consolidation': 0, 'Edema': 0, 'Enlarged Cardiomediastinum': 0, 'Fracture': 0, 'Lung Lesion': 0, 'Lung Opacity': 0, 'No Finding': 1, 'Pleural Effusion': 0, 'Pleural Other': 0, 'Pneumonia': 0, 'Pneumothorax': 0, 'Support Devices': 0}"
"/home/michel/data/Text2Image/mimicxr_train_100/_val_e46_generate_text_top0.85r,edit/No acute cardiopulmonary process. Unremarkable chest radiographic examination/rank_0_000000_fr0.0_cr1.0180orig.jpg","{'Atelectasis': 0, 'Cardiomegaly': 0, 'Consolidation': 0, 'Edema': 0, 'Enlarged Cardiomediastinum': 0, 'Fracture': 0, 'Lung Lesion': 0, 'Lung Opacity': 0, 'No Finding': 1, 'Pleural Effusion': 0, 'Pleural Other': 0, 'Pneumonia': 0, 'Pneumothorax': 0, 'Support Devices': 0}"
"/home/michel/data/Text2Image/mimicxr_train_100/_val_e46_generate_text_top0.85r,edit/No acute cardiopulmonary process. Unremarkable chest radiographic examination/rank_0_000000_fr0.0_cr1.0181orig.jpg","{'Atelectasis': 0, 'Cardiomegaly': 0, 'Consolidation': 0, 'Edema': 0, 'Enlarged Cardiomediastinum': 0, 'Fracture': 0, 'Lung Lesion': 0, 'Lung Opacity': 0, 'No Finding': 1, 'Pleural Effusion': 0, 'Pleural Other': 0, 'Pneumonia': 0, 'Pneumothorax': 0, 'Support Devices': 0}"
"/home/michel/data/Text2Image/mimicxr_train_100/_val_e46_generate_text_top0.85r,edit/No acute cardiopulmonary process. Unremarkable chest radiographic examination/rank_0_000000_fr0.0_cr1.0182orig.jpg","{'Atelectasis': 0, 'Cardiomegaly': 0, 'Consolidation': 0, 'Edema': 0, 'Enlarged Cardiomediastinum': 0, 'Fracture': 0, 'Lung Lesion': 0, 'Lung Opacity': 0, 'No Finding': 1, 'Pleural Effusion': 0, 'Pleural Other': 0, 'Pneumonia': 0, 'Pneumothorax': 0, 'Support Devices': 0}"
"/home/michel/data/Text2Image/mimicxr_train_100/_val_e46_generate_text_top0.85r,edit/No acute cardiopulmonary process. Unremarkable chest radiographic examination/rank_0_000000_fr0.0_cr1.0183orig.jpg","{'Atelectasis': 0, 'Cardiomegaly': 0, 'Consolidation': 0, 'Edema': 0, 'Enlarged Cardiomediastinum': 0, 'Fracture': 0, 'Lung Lesion': 0, 'Lung Opacity': 0, 'No Finding': 1, 'Pleural Effusion': 0, 'Pleural Other': 0, 'Pneumonia': 0, 'Pneumothorax': 0, 'Support Devices': 0}"
"/home/michel/data/Text2Image/mimicxr_train_100/_val_e46_generate_text_top0.85r,edit/No acute cardiopulmonary process. Unremarkable chest radiographic examination/rank_0_000000_fr0.0_cr1.0184orig.jpg","{'Atelectasis': 0, 'Cardiomegaly': 0, 'Consolidation': 0, 'Edema': 0, 'Enlarged Cardiomediastinum': 0, 'Fracture': 0, 'Lung Lesion': 0, 'Lung Opacity': 0, 'No Finding': 1, 'Pleural Effusion': 0, 'Pleural Other': 0, 'Pneumonia': 0, 'Pneumothorax': 0, 'Support Devices': 1}"
"/home/michel/data/Text2Image/mimicxr_train_100/_val_e46_generate_text_top0.85r,edit/No acute cardiopulmonary process. Unremarkable chest radiographic examination/rank_0_000000_fr0.0_cr1.0185orig.jpg","{'Atelectasis': 0, 'Cardiomegaly': 0, 'Consolidation': 0, 'Edema': 0, 'Enlarged Cardiomediastinum': 0, 'Fracture': 0, 'Lung Lesion': 0, 'Lung Opacity': 0, 'No Finding': 1, 'Pleural Effusion': 0, 'Pleural Other': 0, 'Pneumonia': 0, 'Pneumothorax': 0, 'Support Devices': 1}"
"/home/michel/data/Text2Image/mimicxr_train_100/_val_e46_generate_text_top0.85r,edit/No acute cardiopulmonary process. Unremarkable chest radiographic examination/rank_0_000000_fr0.0_cr1.0186orig.jpg","{'Atelectasis': 0, 'Cardiomegaly': 0, 'Consolidation': 0, 'Edema': 0, 'Enlarged Cardiomediastinum': 0, 'Fracture': 0, 'Lung Lesion': 0, 'Lung Opacity': 0, 'No Finding': 1, 'Pleural Effusion': 0, 'Pleural Other': 0, 'Pneumonia': 0, 'Pneumothorax': 0, 'Support Devices': 0}"
"/home/michel/data/Text2Image/mimicxr_train_100/_val_e46_generate_text_top0.85r,edit/No acute cardiopulmonary process. Unremarkable chest radiographic examination/rank_0_000000_fr0.0_cr1.0187orig.jpg","{'Atelectasis': 0, 'Cardiomegaly': 0, 'Consolidation': 0, 'Edema': 0, 'Enlarged Cardiomediastinum': 0, 'Fracture': 0, 'Lung Lesion': 0, 'Lung Opacity': 0, 'No Finding': 1, 'Pleural Effusion': 0, 'Pleural Other': 0, 'Pneumonia': 0, 'Pneumothorax': 0, 'Support Devices': 0}"
"/home/michel/data/Text2Image/mimicxr_train_100/_val_e46_generate_text_top0.85r,edit/No acute cardiopulmonary process. Unremarkable chest radiographic examination/rank_0_000000_fr0.0_cr1.0188orig.jpg","{'Atelectasis': 0, 'Cardiomegaly': 0, 'Consolidation': 0, 'Edema': 0, 'Enlarged Cardiomediastinum': 0, 'Fracture': 0, 'Lung Lesion': 0, 'Lung Opacity': 0, 'No Finding': 1, 'Pleural Effusion': 0, 'Pleural Other': 0, 'Pneumonia': 0, 'Pneumothorax': 0, 'Support Devices': 0}"
"/home/michel/data/Text2Image/mimicxr_train_100/_val_e46_generate_text_top0.85r,edit/No acute cardiopulmonary process. Unremarkable chest radiographic examination/rank_0_000000_fr0.0_cr1.0189orig.jpg","{'Atelectasis': 0, 'Cardiomegaly': 0, 'Consolidation': 0, 'Edema': 0, 'Enlarged Cardiomediastinum': 0, 'Fracture': 0, 'Lung Lesion': 0, 'Lung Opacity': 0, 'No Finding': 1, 'Pleural Effusion': 0, 'Pleural Other': 0, 'Pneumonia': 0, 'Pneumothorax': 0, 'Support Devices': 0}"
"/home/michel/data/Text2Image/mimicxr_train_100/_val_e46_generate_text_top0.85r,edit/No acute cardiopulmonary process. Unremarkable chest radiographic examination/rank_0_000000_fr0.0_cr1.0190orig.jpg","{'Atelectasis': 0, 'Cardiomegaly': 0, 'Consolidation': 0, 'Edema': 0, 'Enlarged Cardiomediastinum': 0, 'Fracture': 0, 'Lung Lesion': 0, 'Lung Opacity': 0, 'No Finding': 1, 'Pleural Effusion': 0, 'Pleural Other': 0, 'Pneumonia': 0, 'Pneumothorax': 0, 'Support Devices': 0}"
"/home/michel/data/Text2Image/mimicxr_train_100/_val_e46_generate_text_top0.85r,edit/No acute cardiopulmonary process. Unremarkable chest radiographic examination/rank_0_000000_fr0.0_cr1.0191orig.jpg","{'Atelectasis': 0, 'Cardiomegaly': 0, 'Consolidation': 0, 'Edema': 0, 'Enlarged Cardiomediastinum': 0, 'Fracture': 0, 'Lung Lesion': 0, 'Lung Opacity': 0, 'No Finding': 1, 'Pleural Effusion': 0, 'Pleural Other': 0, 'Pneumonia': 0, 'Pneumothorax': 0, 'Support Devices': 0}"
"/home/michel/data/Text2Image/mimicxr_train_100/_val_e46_generate_text_top0.85r,edit/No acute cardiopulmonary process. Unremarkable chest radiographic examination/rank_0_000000_fr0.0_cr1.0192orig.jpg","{'Atelectasis': 0, 'Cardiomegaly': 0, 'Consolidation': 0, 'Edema': 0, 'Enlarged Cardiomediastinum': 0, 'Fracture': 0, 'Lung Lesion': 0, 'Lung Opacity': 0, 'No Finding': 1, 'Pleural Effusion': 0, 'Pleural Other': 0, 'Pneumonia': 0, 'Pneumothorax': 0, 'Support Devices': 0}"
"/home/michel/data/Text2Image/mimicxr_train_100/_val_e46_generate_text_top0.85r,edit/No acute cardiopulmonary process. Unremarkable chest radiographic examination/rank_0_000000_fr0.0_cr1.0193orig.jpg","{'Atelectasis': 0, 'Cardiomegaly': 0, 'Consolidation': 0, 'Edema': 0, 'Enlarged Cardiomediastinum': 0, 'Fracture': 0, 'Lung Lesion': 0, 'Lung Opacity': 0, 'No Finding': 1, 'Pleural Effusion': 0, 'Pleural Other': 0, 'Pneumonia': 0, 'Pneumothorax': 0, 'Support Devices': 0}"
"/home/michel/data/Text2Image/mimicxr_train_100/_val_e46_generate_text_top0.85r,edit/No acute cardiopulmonary process. Unremarkable chest radiographic examination/rank_0_000000_fr0.0_cr1.0194orig.jpg","{'Atelectasis': 0, 'Cardiomegaly': 0, 'Consolidation': 0, 'Edema': 0, 'Enlarged Cardiomediastinum': 0, 'Fracture': 0, 'Lung Lesion': 0, 'Lung Opacity': 0, 'No Finding': 1, 'Pleural Effusion': 0, 'Pleural Other': 0, 'Pneumonia': 0, 'Pneumothorax': 0, 'Support Devices': 0}"
"/home/michel/data/Text2Image/mimicxr_train_100/_val_e46_generate_text_top0.85r,edit/No acute cardiopulmonary process. Unremarkable chest radiographic examination/rank_0_000000_fr0.0_cr1.0195orig.jpg","{'Atelectasis': 0, 'Cardiomegaly': 0, 'Consolidation': 0, 'Edema': 0, 'Enlarged Cardiomediastinum': 0, 'Fracture': 0, 'Lung Lesion': 0, 'Lung Opacity': 0, 'No Finding': 1, 'Pleural Effusion': 0, 'Pleural Other': 0, 'Pneumonia': 0, 'Pneumothorax': 0, 'Support Devices': 0}"
"/home/michel/data/Text2Image/mimicxr_train_100/_val_e46_generate_text_top0.85r,edit/No acute cardiopulmonary process. Unremarkable chest radiographic examination/rank_0_000000_fr0.0_cr1.0196orig.jpg","{'Atelectasis': 0, 'Cardiomegaly': 0, 'Consolidation': 0, 'Edema': 0, 'Enlarged Cardiomediastinum': 0, 'Fracture': 0, 'Lung Lesion': 0, 'Lung Opacity': 0, 'No Finding': 1, 'Pleural Effusion': 0, 'Pleural Other': 0, 'Pneumonia': 0, 'Pneumothorax': 0, 'Support Devices': 0}"
"/home/michel/data/Text2Image/mimicxr_train_100/_val_e46_generate_text_top0.85r,edit/No acute cardiopulmonary process. Unremarkable chest radiographic examination/rank_0_000000_fr0.0_cr1.0197orig.jpg","{'Atelectasis': 0, 'Cardiomegaly': 0, 'Consolidation': 0, 'Edema': 0, 'Enlarged Cardiomediastinum': 0, 'Fracture': 0, 'Lung Lesion': 0, 'Lung Opacity': 0, 'No Finding': 1, 'Pleural Effusion': 0, 'Pleural Other': 0, 'Pneumonia': 0, 'Pneumothorax': 0, 'Support Devices': 0}"
"/home/michel/data/Text2Image/mimicxr_train_100/_val_e46_generate_text_top0.85r,edit/No acute cardiopulmonary process. Unremarkable chest radiographic examination/rank_0_000000_fr0.0_cr1.0198orig.jpg","{'Atelectasis': 0, 'Cardiomegaly': 0, 'Consolidation': 0, 'Edema': 0, 'Enlarged Cardiomediastinum': 0, 'Fracture': 0, 'Lung Lesion': 0, 'Lung Opacity': 0, 'No Finding': 1, 'Pleural Effusion': 0, 'Pleural Other': 0, 'Pneumonia': 0, 'Pneumothorax': 0, 'Support Devices': 0}"
"/home/michel/data/Text2Image/mimicxr_train_100/_val_e46_generate_text_top0.85r,edit/No acute cardiopulmonary process. Unremarkable chest radiographic examination/rank_0_000000_fr0.0_cr1.0199orig.jpg","{'Atelectasis': 0, 'Cardiomegaly': 0, 'Consolidation': 0, 'Edema': 0, 'Enlarged Cardiomediastinum': 0, 'Fracture': 0, 'Lung Lesion': 0, 'Lung Opacity': 0, 'No Finding': 1, 'Pleural Effusion': 0, 'Pleural Other': 0, 'Pneumonia': 0, 'Pneumothorax': 0, 'Support Devices': 0}"
"/home/michel/data/Text2Image/mimicxr_train_100/_val_e46_generate_text_top0.85r,edit/No acute cardiopulmonary process. Unremarkable chest radiographic examination/rank_0_000000_fr0.0_cr1.0200orig.jpg","{'Atelectasis': 0, 'Cardiomegaly': 0, 'Consolidation': 0, 'Edema': 0, 'Enlarged Cardiomediastinum': 0, 'Fracture': 0, 'Lung Lesion': 0, 'Lung Opacity': 0, 'No Finding': 1, 'Pleural Effusion': 0, 'Pleural Other': 0, 'Pneumonia': 0, 'Pneumothorax': 0, 'Support Devices': 0}"
"/home/michel/data/Text2Image/mimicxr_train_100/_val_e46_generate_text_top0.85r,edit/No acute cardiopulmonary process. Unremarkable chest radiographic examination/rank_0_000000_fr0.0_cr1.0201orig.jpg","{'Atelectasis': 0, 'Cardiomegaly': 0, 'Consolidation': 0, 'Edema': 0, 'Enlarged Cardiomediastinum': 0, 'Fracture': 0, 'Lung Lesion': 0, 'Lung Opacity': 0, 'No Finding': 1, 'Pleural Effusion': 0, 'Pleural Other': 0, 'Pneumonia': 0, 'Pneumothorax': 0, 'Support Devices': 0}"
"/home/michel/data/Text2Image/mimicxr_train_100/_val_e46_generate_text_top0.85r,edit/No acute cardiopulmonary process. Unremarkable chest radiographic examination/rank_0_000000_fr0.0_cr1.0202orig.jpg","{'Atelectasis': 0, 'Cardiomegaly': 0, 'Consolidation': 0, 'Edema': 0, 'Enlarged Cardiomediastinum': 0, 'Fracture': 0, 'Lung Lesion': 0, 'Lung Opacity': 0, 'No Finding': 1, 'Pleural Effusion': 0, 'Pleural Other': 0, 'Pneumonia': 0, 'Pneumothorax': 0, 'Support Devices': 0}"
"/home/michel/data/Text2Image/mimicxr_train_100/_val_e46_generate_text_top0.85r,edit/No acute cardiopulmonary process. Unremarkable chest radiographic examination/rank_0_000000_fr0.0_cr1.0203orig.jpg","{'Atelectasis': 0, 'Cardiomegaly': 0, 'Consolidation': 0, 'Edema': 0, 'Enlarged Cardiomediastinum': 0, 'Fracture': 0, 'Lung Lesion': 0, 'Lung Opacity': 0, 'No Finding': 1, 'Pleural Effusion': 0, 'Pleural Other': 0, 'Pneumonia': 0, 'Pneumothorax': 0, 'Support Devices': 0}"
"/home/michel/data/Text2Image/mimicxr_train_100/_val_e46_generate_text_top0.85r,edit/No acute cardiopulmonary process. Unremarkable chest radiographic examination/rank_0_000000_fr0.0_cr1.0204orig.jpg","{'Atelectasis': 0, 'Cardiomegaly': 0, 'Consolidation': 0, 'Edema': 0, 'Enlarged Cardiomediastinum': 0, 'Fracture': 0, 'Lung Lesion': 0, 'Lung Opacity': 0, 'No Finding': 1, 'Pleural Effusion': 0, 'Pleural Other': 0, 'Pneumonia': 0, 'Pneumothorax': 0, 'Support Devices': 0}"
"/home/michel/data/Text2Image/mimicxr_train_100/_val_e46_generate_text_top0.85r,edit/No acute cardiopulmonary process. Unremarkable chest radiographic examination/rank_0_000000_fr0.0_cr1.0205orig.jpg","{'Atelectasis': 0, 'Cardiomegaly': 0, 'Consolidation': 0, 'Edema': 0, 'Enlarged Cardiomediastinum': 0, 'Fracture': 0, 'Lung Lesion': 0, 'Lung Opacity': 0, 'No Finding': 1, 'Pleural Effusion': 0, 'Pleural Other': 0, 'Pneumonia': 0, 'Pneumothorax': 0, 'Support Devices': 0}"
"/home/michel/data/Text2Image/mimicxr_train_100/_val_e46_generate_text_top0.85r,edit/No acute cardiopulmonary process. Unremarkable chest radiographic examination/rank_0_000000_fr0.0_cr1.0206orig.jpg","{'Atelectasis': 0, 'Cardiomegaly': 0, 'Consolidation': 0, 'Edema': 0, 'Enlarged Cardiomediastinum': 0, 'Fracture': 0, 'Lung Lesion': 0, 'Lung Opacity': 0, 'No Finding': 1, 'Pleural Effusion': 0, 'Pleural Other': 0, 'Pneumonia': 0, 'Pneumothorax': 0, 'Support Devices': 0}"
"/home/michel/data/Text2Image/mimicxr_train_100/_val_e46_generate_text_top0.85r,edit/No acute cardiopulmonary process. Unremarkable chest radiographic examination/rank_0_000000_fr0.0_cr1.0207orig.jpg","{'Atelectasis': 0, 'Cardiomegaly': 0, 'Consolidation': 0, 'Edema': 0, 'Enlarged Cardiomediastinum': 0, 'Fracture': 0, 'Lung Lesion': 0, 'Lung Opacity': 0, 'No Finding': 1, 'Pleural Effusion': 0, 'Pleural Other': 0, 'Pneumonia': 0, 'Pneumothorax': 0, 'Support Devices': 0}"
"/home/michel/data/Text2Image/mimicxr_train_100/_val_e46_generate_text_top0.85r,edit/No acute cardiopulmonary process. Unremarkable chest radiographic examination/rank_0_000000_fr0.0_cr1.0208orig.jpg","{'Atelectasis': 0, 'Cardiomegaly': 0, 'Consolidation': 0, 'Edema': 0, 'Enlarged Cardiomediastinum': 0, 'Fracture': 0, 'Lung Lesion': 0, 'Lung Opacity': 0, 'No Finding': 1, 'Pleural Effusion': 0, 'Pleural Other': 0, 'Pneumonia': 0, 'Pneumothorax': 0, 'Support Devices': 0}"
"/home/michel/data/Text2Image/mimicxr_train_100/_val_e46_generate_text_top0.85r,edit/No acute cardiopulmonary process. Unremarkable chest radiographic examination/rank_0_000000_fr0.0_cr1.0209orig.jpg","{'Atelectasis': 0, 'Cardiomegaly': 0, 'Consolidation': 0, 'Edema': 0, 'Enlarged Cardiomediastinum': 0, 'Fracture': 0, 'Lung Lesion': 0, 'Lung Opacity': 0, 'No Finding': 1, 'Pleural Effusion': 0, 'Pleural Other': 0, 'Pneumonia': 0, 'Pneumothorax': 0, 'Support Devices': 0}"
"/home/michel/data/Text2Image/mimicxr_train_100/_val_e46_generate_text_top0.85r,edit/No acute cardiopulmonary process. Unremarkable chest radiographic examination/rank_0_000000_fr0.0_cr1.0210orig.jpg","{'Atelectasis': 0, 'Cardiomegaly': 0, 'Consolidation': 0, 'Edema': 0, 'Enlarged Cardiomediastinum': 0, 'Fracture': 0, 'Lung Lesion': 0, 'Lung Opacity': 0, 'No Finding': 1, 'Pleural Effusion': 0, 'Pleural Other': 0, 'Pneumonia': 0, 'Pneumothorax': 0, 'Support Devices': 0}"
"/home/michel/data/Text2Image/mimicxr_train_100/_val_e46_generate_text_top0.85r,edit/No acute cardiopulmonary process. Unremarkable chest radiographic examination/rank_0_000000_fr0.0_cr1.0211orig.jpg","{'Atelectasis': 0, 'Cardiomegaly': 0, 'Consolidation': 0, 'Edema': 0, 'Enlarged Cardiomediastinum': 0, 'Fracture': 0, 'Lung Lesion': 0, 'Lung Opacity': 0, 'No Finding': 1, 'Pleural Effusion': 0, 'Pleural Other': 0, 'Pneumonia': 0, 'Pneumothorax': 0, 'Support Devices': 0}"
"/home/michel/data/Text2Image/mimicxr_train_100/_val_e46_generate_text_top0.85r,edit/No acute cardiopulmonary process. Unremarkable chest radiographic examination/rank_0_000000_fr0.0_cr1.0212orig.jpg","{'Atelectasis': 0, 'Cardiomegaly': 0, 'Consolidation': 0, 'Edema': 0, 'Enlarged Cardiomediastinum': 0, 'Fracture': 0, 'Lung Lesion': 0, 'Lung Opacity': 0, 'No Finding': 1, 'Pleural Effusion': 0, 'Pleural Other': 0, 'Pneumonia': 0, 'Pneumothorax': 0, 'Support Devices': 0}"
"/home/michel/data/Text2Image/mimicxr_train_100/_val_e46_generate_text_top0.85r,edit/No acute cardiopulmonary process. Unremarkable chest radiographic examination/rank_0_000000_fr0.0_cr1.0213orig.jpg","{'Atelectasis': 0, 'Cardiomegaly': 0, 'Consolidation': 0, 'Edema': 0, 'Enlarged Cardiomediastinum': 0, 'Fracture': 0, 'Lung Lesion': 0, 'Lung Opacity': 0, 'No Finding': 1, 'Pleural Effusion': 0, 'Pleural Other': 0, 'Pneumonia': 0, 'Pneumothorax': 0, 'Support Devices': 0}"
"/home/michel/data/Text2Image/mimicxr_train_100/_val_e46_generate_text_top0.85r,edit/No acute cardiopulmonary process. Unremarkable chest radiographic examination/rank_0_000000_fr0.0_cr1.0214orig.jpg","{'Atelectasis': 0, 'Cardiomegaly': 0, 'Consolidation': 0, 'Edema': 0, 'Enlarged Cardiomediastinum': 0, 'Fracture': 0, 'Lung Lesion': 0, 'Lung Opacity': 0, 'No Finding': 1, 'Pleural Effusion': 0, 'Pleural Other': 0, 'Pneumonia': 0, 'Pneumothorax': 0, 'Support Devices': 0}"
"/home/michel/data/Text2Image/mimicxr_train_100/_val_e46_generate_text_top0.85r,edit/No acute cardiopulmonary process. Unremarkable chest radiographic examination/rank_0_000000_fr0.0_cr1.0215orig.jpg","{'Atelectasis': 0, 'Cardiomegaly': 0, 'Consolidation': 0, 'Edema': 0, 'Enlarged Cardiomediastinum': 0, 'Fracture': 0, 'Lung Lesion': 0, 'Lung Opacity': 0, 'No Finding': 1, 'Pleural Effusion': 0, 'Pleural Other': 0, 'Pneumonia': 0, 'Pneumothorax': 0, 'Support Devices': 1}"
"/home/michel/data/Text2Image/mimicxr_train_100/_val_e46_generate_text_top0.85r,edit/No acute cardiopulmonary process. Unremarkable chest radiographic examination/rank_0_000000_fr0.0_cr1.0216orig.jpg","{'Atelectasis': 0, 'Cardiomegaly': 0, 'Consolidation': 0, 'Edema': 0, 'Enlarged Cardiomediastinum': 0, 'Fracture': 0, 'Lung Lesion': 0, 'Lung Opacity': 0, 'No Finding': 1, 'Pleural Effusion': 0, 'Pleural Other': 0, 'Pneumonia': 0, 'Pneumothorax': 0, 'Support Devices': 0}"
"/home/michel/data/Text2Image/mimicxr_train_100/_val_e46_generate_text_top0.85r,edit/No acute cardiopulmonary process. Unremarkable chest radiographic examination/rank_0_000000_fr0.0_cr1.0217orig.jpg","{'Atelectasis': 0, 'Cardiomegaly': 0, 'Consolidation': 0, 'Edema': 0, 'Enlarged Cardiomediastinum': 0, 'Fracture': 0, 'Lung Lesion': 0, 'Lung Opacity': 0, 'No Finding': 1, 'Pleural Effusion': 0, 'Pleural Other': 0, 'Pneumonia': 0, 'Pneumothorax': 0, 'Support Devices': 0}"
"/home/michel/data/Text2Image/mimicxr_train_100/_val_e46_generate_text_top0.85r,edit/No acute cardiopulmonary process. Unremarkable chest radiographic examination/rank_0_000000_fr0.0_cr1.0218orig.jpg","{'Atelectasis': 0, 'Cardiomegaly': 0, 'Consolidation': 0, 'Edema': 0, 'Enlarged Cardiomediastinum': 0, 'Fracture': 0, 'Lung Lesion': 0, 'Lung Opacity': 0, 'No Finding': 1, 'Pleural Effusion': 0, 'Pleural Other': 0, 'Pneumonia': 0, 'Pneumothorax': 0, 'Support Devices': 0}"
"/home/michel/data/Text2Image/mimicxr_train_100/_val_e46_generate_text_top0.85r,edit/No acute cardiopulmonary process. Unremarkable chest radiographic examination/rank_0_000000_fr0.0_cr1.0219orig.jpg","{'Atelectasis': 0, 'Cardiomegaly': 0, 'Consolidation': 0, 'Edema': 0, 'Enlarged Cardiomediastinum': 0, 'Fracture': 0, 'Lung Lesion': 0, 'Lung Opacity': 0, 'No Finding': 1, 'Pleural Effusion': 0, 'Pleural Other': 0, 'Pneumonia': 0, 'Pneumothorax': 0, 'Support Devices': 0}"
"/home/michel/data/Text2Image/mimicxr_train_100/_val_e46_generate_text_top0.85r,edit/No acute cardiopulmonary process. Unremarkable chest radiographic examination/rank_0_000000_fr0.0_cr1.0220orig.jpg","{'Atelectasis': 0, 'Cardiomegaly': 0, 'Consolidation': 0, 'Edema': 0, 'Enlarged Cardiomediastinum': 0, 'Fracture': 0, 'Lung Lesion': 0, 'Lung Opacity': 0, 'No Finding': 1, 'Pleural Effusion': 0, 'Pleural Other': 0, 'Pneumonia': 0, 'Pneumothorax': 0, 'Support Devices': 0}"
"/home/michel/data/Text2Image/mimicxr_train_100/_val_e46_generate_text_top0.85r,edit/No acute cardiopulmonary process. Unremarkable chest radiographic examination/rank_0_000000_fr0.0_cr1.0221orig.jpg","{'Atelectasis': 0, 'Cardiomegaly': 0, 'Consolidation': 0, 'Edema': 0, 'Enlarged Cardiomediastinum': 0, 'Fracture': 0, 'Lung Lesion': 0, 'Lung Opacity': 0, 'No Finding': 1, 'Pleural Effusion': 0, 'Pleural Other': 0, 'Pneumonia': 0, 'Pneumothorax': 0, 'Support Devices': 1}"
"/home/michel/data/Text2Image/mimicxr_train_100/_val_e46_generate_text_top0.85r,edit/No acute cardiopulmonary process. Unremarkable chest radiographic examination/rank_0_000000_fr0.0_cr1.0222orig.jpg","{'Atelectasis': 0, 'Cardiomegaly': 0, 'Consolidation': 0, 'Edema': 0, 'Enlarged Cardiomediastinum': 0, 'Fracture': 0, 'Lung Lesion': 0, 'Lung Opacity': 0, 'No Finding': 1, 'Pleural Effusion': 0, 'Pleural Other': 0, 'Pneumonia': 0, 'Pneumothorax': 0, 'Support Devices': 0}"
"/home/michel/data/Text2Image/mimicxr_train_100/_val_e46_generate_text_top0.85r,edit/No acute cardiopulmonary process. Unremarkable chest radiographic examination/rank_0_000000_fr0.0_cr1.0223orig.jpg","{'Atelectasis': 0, 'Cardiomegaly': 0, 'Consolidation': 0, 'Edema': 0, 'Enlarged Cardiomediastinum': 0, 'Fracture': 0, 'Lung Lesion': 0, 'Lung Opacity': 0, 'No Finding': 1, 'Pleural Effusion': 0, 'Pleural Other': 0, 'Pneumonia': 0, 'Pneumothorax': 0, 'Support Devices': 0}"
"/home/michel/data/Text2Image/mimicxr_train_100/_val_e46_generate_text_top0.85r,edit/No acute cardiopulmonary process. Unremarkable chest radiographic examination/rank_0_000000_fr0.0_cr1.0224orig.jpg","{'Atelectasis': 0, 'Cardiomegaly': 0, 'Consolidation': 0, 'Edema': 0, 'Enlarged Cardiomediastinum': 0, 'Fracture': 0, 'Lung Lesion': 0, 'Lung Opacity': 0, 'No Finding': 1, 'Pleural Effusion': 0, 'Pleural Other': 0, 'Pneumonia': 0, 'Pneumothorax': 0, 'Support Devices': 1}"
"/home/michel/data/Text2Image/mimicxr_train_100/_val_e46_generate_text_top0.85r,edit/No acute cardiopulmonary process. Unremarkable chest radiographic examination/rank_0_000000_fr0.0_cr1.0225orig.jpg","{'Atelectasis': 0, 'Cardiomegaly': 0, 'Consolidation': 0, 'Edema': 0, 'Enlarged Cardiomediastinum': 0, 'Fracture': 0, 'Lung Lesion': 0, 'Lung Opacity': 0, 'No Finding': 1, 'Pleural Effusion': 0, 'Pleural Other': 0, 'Pneumonia': 0, 'Pneumothorax': 0, 'Support Devices': 1}"
"/home/michel/data/Text2Image/mimicxr_train_100/_val_e46_generate_text_top0.85r,edit/No acute cardiopulmonary process. Unremarkable chest radiographic examination/rank_0_000000_fr0.0_cr1.0226orig.jpg","{'Atelectasis': 0, 'Cardiomegaly': 0, 'Consolidation': 0, 'Edema': 0, 'Enlarged Cardiomediastinum': 0, 'Fracture': 0, 'Lung Lesion': 0, 'Lung Opacity': 0, 'No Finding': 1, 'Pleural Effusion': 0, 'Pleural Other': 0, 'Pneumonia': 0, 'Pneumothorax': 0, 'Support Devices': 0}"
"/home/michel/data/Text2Image/mimicxr_train_100/_val_e46_generate_text_top0.85r,edit/No acute cardiopulmonary process. Unremarkable chest radiographic examination/rank_0_000000_fr0.0_cr1.0227orig.jpg","{'Atelectasis': 0, 'Cardiomegaly': 0, 'Consolidation': 0, 'Edema': 0, 'Enlarged Cardiomediastinum': 0, 'Fracture': 0, 'Lung Lesion': 0, 'Lung Opacity': 0, 'No Finding': 1, 'Pleural Effusion': 0, 'Pleural Other': 0, 'Pneumonia': 0, 'Pneumothorax': 0, 'Support Devices': 0}"
"/home/michel/data/Text2Image/mimicxr_train_100/_val_e46_generate_text_top0.85r,edit/No acute cardiopulmonary process. Unremarkable chest radiographic examination/rank_0_000000_fr0.0_cr1.0228orig.jpg","{'Atelectasis': 0, 'Cardiomegaly': 0, 'Consolidation': 0, 'Edema': 0, 'Enlarged Cardiomediastinum': 0, 'Fracture': 0, 'Lung Lesion': 0, 'Lung Opacity': 0, 'No Finding': 1, 'Pleural Effusion': 0, 'Pleural Other': 0, 'Pneumonia': 0, 'Pneumothorax': 0, 'Support Devices': 0}"
"/home/michel/data/Text2Image/mimicxr_train_100/_val_e46_generate_text_top0.85r,edit/No acute cardiopulmonary process. Unremarkable chest radiographic examination/rank_0_000000_fr0.0_cr1.0229orig.jpg","{'Atelectasis': 0, 'Cardiomegaly': 0, 'Consolidation': 0, 'Edema': 0, 'Enlarged Cardiomediastinum': 0, 'Fracture': 0, 'Lung Lesion': 0, 'Lung Opacity': 0, 'No Finding': 1, 'Pleural Effusion': 0, 'Pleural Other': 0, 'Pneumonia': 0, 'Pneumothorax': 0, 'Support Devices': 0}"
"/home/michel/data/Text2Image/mimicxr_train_100/_val_e46_generate_text_top0.85r,edit/No acute cardiopulmonary process. Unremarkable chest radiographic examination/rank_0_000000_fr0.0_cr1.0230orig.jpg","{'Atelectasis': 0, 'Cardiomegaly': 0, 'Consolidation': 0, 'Edema': 0, 'Enlarged Cardiomediastinum': 0, 'Fracture': 0, 'Lung Lesion': 0, 'Lung Opacity': 0, 'No Finding': 1, 'Pleural Effusion': 0, 'Pleural Other': 0, 'Pneumonia': 0, 'Pneumothorax': 0, 'Support Devices': 0}"
"/home/michel/data/Text2Image/mimicxr_train_100/_val_e46_generate_text_top0.85r,edit/No acute cardiopulmonary process. Unremarkable chest radiographic examination/rank_0_000000_fr0.0_cr1.0231orig.jpg","{'Atelectasis': 0, 'Cardiomegaly': 0, 'Consolidation': 0, 'Edema': 0, 'Enlarged Cardiomediastinum': 0, 'Fracture': 0, 'Lung Lesion': 0, 'Lung Opacity': 0, 'No Finding': 1, 'Pleural Effusion': 0, 'Pleural Other': 0, 'Pneumonia': 0, 'Pneumothorax': 0, 'Support Devices': 0}"
"/home/michel/data/Text2Image/mimicxr_train_100/_val_e46_generate_text_top0.85r,edit/No acute cardiopulmonary process. Unremarkable chest radiographic examination/rank_0_000000_fr0.0_cr1.0232orig.jpg","{'Atelectasis': 0, 'Cardiomegaly': 0, 'Consolidation': 0, 'Edema': 0, 'Enlarged Cardiomediastinum': 0, 'Fracture': 0, 'Lung Lesion': 0, 'Lung Opacity': 0, 'No Finding': 1, 'Pleural Effusion': 0, 'Pleural Other': 0, 'Pneumonia': 0, 'Pneumothorax': 0, 'Support Devices': 0}"
"/home/michel/data/Text2Image/mimicxr_train_100/_val_e46_generate_text_top0.85r,edit/No acute cardiopulmonary process. Unremarkable chest radiographic examination/rank_0_000000_fr0.0_cr1.0233orig.jpg","{'Atelectasis': 0, 'Cardiomegaly': 0, 'Consolidation': 0, 'Edema': 0, 'Enlarged Cardiomediastinum': 0, 'Fracture': 0, 'Lung Lesion': 0, 'Lung Opacity': 0, 'No Finding': 1, 'Pleural Effusion': 0, 'Pleural Other': 0, 'Pneumonia': 0, 'Pneumothorax': 0, 'Support Devices': 0}"
"/home/michel/data/Text2Image/mimicxr_train_100/_val_e46_generate_text_top0.85r,edit/No acute cardiopulmonary process. Unremarkable chest radiographic examination/rank_0_000000_fr0.0_cr1.0234orig.jpg","{'Atelectasis': 0, 'Cardiomegaly': 0, 'Consolidation': 0, 'Edema': 0, 'Enlarged Cardiomediastinum': 0, 'Fracture': 0, 'Lung Lesion': 0, 'Lung Opacity': 0, 'No Finding': 1, 'Pleural Effusion': 0, 'Pleural Other': 0, 'Pneumonia': 0, 'Pneumothorax': 0, 'Support Devices': 0}"
"/home/michel/data/Text2Image/mimicxr_train_100/_val_e46_generate_text_top0.85r,edit/No acute cardiopulmonary process. Unremarkable chest radiographic examination/rank_0_000000_fr0.0_cr1.0235orig.jpg","{'Atelectasis': 0, 'Cardiomegaly': 0, 'Consolidation': 0, 'Edema': 0, 'Enlarged Cardiomediastinum': 0, 'Fracture': 0, 'Lung Lesion': 0, 'Lung Opacity': 0, 'No Finding': 1, 'Pleural Effusion': 0, 'Pleural Other': 0, 'Pneumonia': 0, 'Pneumothorax': 0, 'Support Devices': 0}"
"/home/michel/data/Text2Image/mimicxr_train_100/_val_e46_generate_text_top0.85r,edit/No acute cardiopulmonary process. Unremarkable chest radiographic examination/rank_0_000000_fr0.0_cr1.0236orig.jpg","{'Atelectasis': 0, 'Cardiomegaly': 0, 'Consolidation': 0, 'Edema': 0, 'Enlarged Cardiomediastinum': 0, 'Fracture': 0, 'Lung Lesion': 0, 'Lung Opacity': 0, 'No Finding': 1, 'Pleural Effusion': 0, 'Pleural Other': 0, 'Pneumonia': 0, 'Pneumothorax': 0, 'Support Devices': 0}"
"/home/michel/data/Text2Image/mimicxr_train_100/_val_e46_generate_text_top0.85r,edit/No acute cardiopulmonary process. Unremarkable chest radiographic examination/rank_0_000000_fr0.0_cr1.0237orig.jpg","{'Atelectasis': 0, 'Cardiomegaly': 0, 'Consolidation': 0, 'Edema': 0, 'Enlarged Cardiomediastinum': 0, 'Fracture': 0, 'Lung Lesion': 0, 'Lung Opacity': 0, 'No Finding': 1, 'Pleural Effusion': 0, 'Pleural Other': 0, 'Pneumonia': 0, 'Pneumothorax': 0, 'Support Devices': 0}"
"/home/michel/data/Text2Image/mimicxr_train_100/_val_e46_generate_text_top0.85r,edit/No acute cardiopulmonary process. Unremarkable chest radiographic examination/rank_0_000000_fr0.0_cr1.0238orig.jpg","{'Atelectasis': 0, 'Cardiomegaly': 0, 'Consolidation': 0, 'Edema': 0, 'Enlarged Cardiomediastinum': 0, 'Fracture': 0, 'Lung Lesion': 0, 'Lung Opacity': 0, 'No Finding': 1, 'Pleural Effusion': 0, 'Pleural Other': 0, 'Pneumonia': 0, 'Pneumothorax': 0, 'Support Devices': 0}"
"/home/michel/data/Text2Image/mimicxr_train_100/_val_e46_generate_text_top0.85r,edit/No acute cardiopulmonary process. Unremarkable chest radiographic examination/rank_0_000000_fr0.0_cr1.0239orig.jpg","{'Atelectasis': 0, 'Cardiomegaly': 0, 'Consolidation': 0, 'Edema': 0, 'Enlarged Cardiomediastinum': 0, 'Fracture': 0, 'Lung Lesion': 0, 'Lung Opacity': 0, 'No Finding': 1, 'Pleural Effusion': 0, 'Pleural Other': 0, 'Pneumonia': 0, 'Pneumothorax': 0, 'Support Devices': 0}"
"/home/michel/data/Text2Image/mimicxr_train_100/_val_e46_generate_text_top0.85r,edit/No acute cardiopulmonary process. Unremarkable chest radiographic examination/rank_0_000000_fr0.0_cr1.0240orig.jpg","{'Atelectasis': 0, 'Cardiomegaly': 0, 'Consolidation': 0, 'Edema': 0, 'Enlarged Cardiomediastinum': 0, 'Fracture': 0, 'Lung Lesion': 0, 'Lung Opacity': 0, 'No Finding': 1, 'Pleural Effusion': 0, 'Pleural Other': 0, 'Pneumonia': 0, 'Pneumothorax': 0, 'Support Devices': 0}"
"/home/michel/data/Text2Image/mimicxr_train_100/_val_e46_generate_text_top0.85r,edit/No acute cardiopulmonary process. Unremarkable chest radiographic examination/rank_0_000000_fr0.0_cr1.0241orig.jpg","{'Atelectasis': 0, 'Cardiomegaly': 0, 'Consolidation': 0, 'Edema': 0, 'Enlarged Cardiomediastinum': 0, 'Fracture': 0, 'Lung Lesion': 0, 'Lung Opacity': 0, 'No Finding': 1, 'Pleural Effusion': 0, 'Pleural Other': 0, 'Pneumonia': 0, 'Pneumothorax': 0, 'Support Devices': 0}"
"/home/michel/data/Text2Image/mimicxr_train_100/_val_e46_generate_text_top0.85r,edit/No acute cardiopulmonary process. Unremarkable chest radiographic examination/rank_0_000000_fr0.0_cr1.0242orig.jpg","{'Atelectasis': 0, 'Cardiomegaly': 0, 'Consolidation': 0, 'Edema': 0, 'Enlarged Cardiomediastinum': 0, 'Fracture': 0, 'Lung Lesion': 0, 'Lung Opacity': 0, 'No Finding': 1, 'Pleural Effusion': 0, 'Pleural Other': 0, 'Pneumonia': 0, 'Pneumothorax': 0, 'Support Devices': 0}"
"/home/michel/data/Text2Image/mimicxr_train_100/_val_e46_generate_text_top0.85r,edit/No acute cardiopulmonary process. Unremarkable chest radiographic examination/rank_0_000000_fr0.0_cr1.0243orig.jpg","{'Atelectasis': 0, 'Cardiomegaly': 0, 'Consolidation': 0, 'Edema': 0, 'Enlarged Cardiomediastinum': 0, 'Fracture': 0, 'Lung Lesion': 0, 'Lung Opacity': 0, 'No Finding': 1, 'Pleural Effusion': 0, 'Pleural Other': 0, 'Pneumonia': 0, 'Pneumothorax': 0, 'Support Devices': 0}"
"/home/michel/data/Text2Image/mimicxr_train_100/_val_e46_generate_text_top0.85r,edit/No acute cardiopulmonary process. Unremarkable chest radiographic examination/rank_0_000000_fr0.0_cr1.0244orig.jpg","{'Atelectasis': 0, 'Cardiomegaly': 0, 'Consolidation': 0, 'Edema': 0, 'Enlarged Cardiomediastinum': 0, 'Fracture': 0, 'Lung Lesion': 0, 'Lung Opacity': 0, 'No Finding': 1, 'Pleural Effusion': 0, 'Pleural Other': 0, 'Pneumonia': 0, 'Pneumothorax': 0, 'Support Devices': 0}"
"/home/michel/data/Text2Image/mimicxr_train_100/_val_e46_generate_text_top0.85r,edit/No acute cardiopulmonary process. Unremarkable chest radiographic examination/rank_0_000000_fr0.0_cr1.0245orig.jpg","{'Atelectasis': 0, 'Cardiomegaly': 0, 'Consolidation': 0, 'Edema': 0, 'Enlarged Cardiomediastinum': 0, 'Fracture': 0, 'Lung Lesion': 0, 'Lung Opacity': 0, 'No Finding': 1, 'Pleural Effusion': 0, 'Pleural Other': 0, 'Pneumonia': 0, 'Pneumothorax': 0, 'Support Devices': 0}"
"/home/michel/data/Text2Image/mimicxr_train_100/_val_e46_generate_text_top0.85r,edit/No acute cardiopulmonary process. Unremarkable chest radiographic examination/rank_0_000000_fr0.0_cr1.0246orig.jpg","{'Atelectasis': 0, 'Cardiomegaly': 0, 'Consolidation': 0, 'Edema': 0, 'Enlarged Cardiomediastinum': 0, 'Fracture': 0, 'Lung Lesion': 0, 'Lung Opacity': 0, 'No Finding': 1, 'Pleural Effusion': 0, 'Pleural Other': 0, 'Pneumonia': 0, 'Pneumothorax': 0, 'Support Devices': 0}"
"/home/michel/data/Text2Image/mimicxr_train_100/_val_e46_generate_text_top0.85r,edit/No acute cardiopulmonary process. Unremarkable chest radiographic examination/rank_0_000000_fr0.0_cr1.0247orig.jpg","{'Atelectasis': 0, 'Cardiomegaly': 0, 'Consolidation': 0, 'Edema': 0, 'Enlarged Cardiomediastinum': 0, 'Fracture': 0, 'Lung Lesion': 0, 'Lung Opacity': 0, 'No Finding': 1, 'Pleural Effusion': 0, 'Pleural Other': 0, 'Pneumonia': 0, 'Pneumothorax': 0, 'Support Devices': 1}"
"/home/michel/data/Text2Image/mimicxr_train_100/_val_e46_generate_text_top0.85r,edit/No acute cardiopulmonary process. Unremarkable chest radiographic examination/rank_0_000000_fr0.0_cr1.0248orig.jpg","{'Atelectasis': 0, 'Cardiomegaly': 0, 'Consolidation': 0, 'Edema': 0, 'Enlarged Cardiomediastinum': 0, 'Fracture': 0, 'Lung Lesion': 0, 'Lung Opacity': 0, 'No Finding': 1, 'Pleural Effusion': 0, 'Pleural Other': 0, 'Pneumonia': 0, 'Pneumothorax': 0, 'Support Devices': 0}"
"/home/michel/data/Text2Image/mimicxr_train_100/_val_e46_generate_text_top0.85r,edit/No acute cardiopulmonary process. Unremarkable chest radiographic examination/rank_0_000000_fr0.0_cr1.0249orig.jpg","{'Atelectasis': 0, 'Cardiomegaly': 0, 'Consolidation': 0, 'Edema': 0, 'Enlarged Cardiomediastinum': 0, 'Fracture': 0, 'Lung Lesion': 0, 'Lung Opacity': 0, 'No Finding': 1, 'Pleural Effusion': 0, 'Pleural Other': 0, 'Pneumonia': 0, 'Pneumothorax': 0, 'Support Devices': 0}"
"/home/michel/data/Text2Image/mimicxr_train_100/_val_e46_generate_text_top0.85r,edit/No acute cardiopulmonary process. Unremarkable chest radiographic examination/rank_0_000000_fr0.0_cr1.0250orig.jpg","{'Atelectasis': 0, 'Cardiomegaly': 0, 'Consolidation': 0, 'Edema': 0, 'Enlarged Cardiomediastinum': 0, 'Fracture': 0, 'Lung Lesion': 0, 'Lung Opacity': 0, 'No Finding': 1, 'Pleural Effusion': 0, 'Pleural Other': 0, 'Pneumonia': 0, 'Pneumothorax': 0, 'Support Devices': 0}"
"/home/michel/data/Text2Image/mimicxr_train_100/_val_e46_generate_text_top0.85r,edit/No acute cardiopulmonary process. Unremarkable chest radiographic examination/rank_0_000000_fr0.0_cr1.0251orig.jpg","{'Atelectasis': 0, 'Cardiomegaly': 0, 'Consolidation': 0, 'Edema': 0, 'Enlarged Cardiomediastinum': 0, 'Fracture': 0, 'Lung Lesion': 0, 'Lung Opacity': 0, 'No Finding': 1, 'Pleural Effusion': 0, 'Pleural Other': 0, 'Pneumonia': 0, 'Pneumothorax': 0, 'Support Devices': 0}"
"/home/michel/data/Text2Image/mimicxr_train_100/_val_e46_generate_text_top0.85r,edit/No acute cardiopulmonary process. Unremarkable chest radiographic examination/rank_0_000000_fr0.0_cr1.0252orig.jpg","{'Atelectasis': 0, 'Cardiomegaly': 0, 'Consolidation': 0, 'Edema': 0, 'Enlarged Cardiomediastinum': 0, 'Fracture': 0, 'Lung Lesion': 0, 'Lung Opacity': 0, 'No Finding': 1, 'Pleural Effusion': 0, 'Pleural Other': 0, 'Pneumonia': 0, 'Pneumothorax': 0, 'Support Devices': 1}"
"/home/michel/data/Text2Image/mimicxr_train_100/_val_e46_generate_text_top0.85r,edit/No acute cardiopulmonary process. Unremarkable chest radiographic examination/rank_0_000000_fr0.0_cr1.0253orig.jpg","{'Atelectasis': 0, 'Cardiomegaly': 0, 'Consolidation': 0, 'Edema': 0, 'Enlarged Cardiomediastinum': 0, 'Fracture': 0, 'Lung Lesion': 0, 'Lung Opacity': 0, 'No Finding': 1, 'Pleural Effusion': 0, 'Pleural Other': 0, 'Pneumonia': 0, 'Pneumothorax': 0, 'Support Devices': 1}"
"/home/michel/data/Text2Image/mimicxr_train_100/_val_e46_generate_text_top0.85r,edit/No acute cardiopulmonary process. Unremarkable chest radiographic examination/rank_0_000000_fr0.0_cr1.0254orig.jpg","{'Atelectasis': 0, 'Cardiomegaly': 0, 'Consolidation': 0, 'Edema': 0, 'Enlarged Cardiomediastinum': 0, 'Fracture': 0, 'Lung Lesion': 0, 'Lung Opacity': 0, 'No Finding': 1, 'Pleural Effusion': 0, 'Pleural Other': 0, 'Pneumonia': 0, 'Pneumothorax': 0, 'Support Devices': 1}"
"/home/michel/data/Text2Image/mimicxr_train_100/_val_e46_generate_text_top0.85r,edit/No acute cardiopulmonary process. Unremarkable chest radiographic examination/rank_0_000000_fr0.0_cr1.0255orig.jpg","{'Atelectasis': 0, 'Cardiomegaly': 0, 'Consolidation': 0, 'Edema': 0, 'Enlarged Cardiomediastinum': 0, 'Fracture': 0, 'Lung Lesion': 0, 'Lung Opacity': 0, 'No Finding': 1, 'Pleural Effusion': 0, 'Pleural Other': 0, 'Pneumonia': 0, 'Pneumothorax': 0, 'Support Devices': 1}"
"/home/michel/data/Text2Image/mimicxr_train_100/_val_e46_generate_text_top0.85r,edit/No acute cardiopulmonary process. Unremarkable chest radiographic examination/rank_0_000000_fr0.0_cr1.0256orig.jpg","{'Atelectasis': 0, 'Cardiomegaly': 0, 'Consolidation': 0, 'Edema': 0, 'Enlarged Cardiomediastinum': 0, 'Fracture': 0, 'Lung Lesion': 0, 'Lung Opacity': 0, 'No Finding': 1, 'Pleural Effusion': 0, 'Pleural Other': 0, 'Pneumonia': 0, 'Pneumothorax': 0, 'Support Devices': 0}"
"/home/michel/data/Text2Image/mimicxr_train_100/_val_e46_generate_text_top0.85r,edit/No acute cardiopulmonary process. Unremarkable chest radiographic examination/rank_0_000000_fr0.0_cr1.0257orig.jpg","{'Atelectasis': 0, 'Cardiomegaly': 0, 'Consolidation': 0, 'Edema': 0, 'Enlarged Cardiomediastinum': 0, 'Fracture': 0, 'Lung Lesion': 0, 'Lung Opacity': 0, 'No Finding': 1, 'Pleural Effusion': 0, 'Pleural Other': 0, 'Pneumonia': 0, 'Pneumothorax': 0, 'Support Devices': 0}"
"/home/michel/data/Text2Image/mimicxr_train_100/_val_e46_generate_text_top0.85r,edit/No acute cardiopulmonary process. Unremarkable chest radiographic examination/rank_0_000000_fr0.0_cr1.0258orig.jpg","{'Atelectasis': 0, 'Cardiomegaly': 0, 'Consolidation': 0, 'Edema': 0, 'Enlarged Cardiomediastinum': 0, 'Fracture': 0, 'Lung Lesion': 0, 'Lung Opacity': 0, 'No Finding': 1, 'Pleural Effusion': 0, 'Pleural Other': 0, 'Pneumonia': 0, 'Pneumothorax': 0, 'Support Devices': 1}"
"/home/michel/data/Text2Image/mimicxr_train_100/_val_e46_generate_text_top0.85r,edit/No acute cardiopulmonary process. Unremarkable chest radiographic examination/rank_0_000000_fr0.0_cr1.0259orig.jpg","{'Atelectasis': 0, 'Cardiomegaly': 0, 'Consolidation': 0, 'Edema': 0, 'Enlarged Cardiomediastinum': 0, 'Fracture': 0, 'Lung Lesion': 0, 'Lung Opacity': 0, 'No Finding': 1, 'Pleural Effusion': 0, 'Pleural Other': 0, 'Pneumonia': 0, 'Pneumothorax': 0, 'Support Devices': 1}"
"/home/michel/data/Text2Image/mimicxr_train_100/_val_e46_generate_text_top0.85r,edit/No acute cardiopulmonary process. Unremarkable chest radiographic examination/rank_0_000000_fr0.0_cr1.0260orig.jpg","{'Atelectasis': 0, 'Cardiomegaly': 0, 'Consolidation': 0, 'Edema': 0, 'Enlarged Cardiomediastinum': 0, 'Fracture': 0, 'Lung Lesion': 0, 'Lung Opacity': 0, 'No Finding': 1, 'Pleural Effusion': 0, 'Pleural Other': 0, 'Pneumonia': 0, 'Pneumothorax': 0, 'Support Devices': 1}"
"/home/michel/data/Text2Image/mimicxr_train_100/_val_e46_generate_text_top0.85r,edit/No acute cardiopulmonary process. Unremarkable chest radiographic examination/rank_0_000000_fr0.0_cr1.0261orig.jpg","{'Atelectasis': 0, 'Cardiomegaly': 0, 'Consolidation': 0, 'Edema': 0, 'Enlarged Cardiomediastinum': 0, 'Fracture': 0, 'Lung Lesion': 0, 'Lung Opacity': 0, 'No Finding': 1, 'Pleural Effusion': 0, 'Pleural Other': 0, 'Pneumonia': 0, 'Pneumothorax': 0, 'Support Devices': 1}"
"/home/michel/data/Text2Image/mimicxr_train_100/_val_e46_generate_text_top0.85r,edit/No acute cardiopulmonary process. Unremarkable chest radiographic examination/rank_0_000000_fr0.0_cr1.0262orig.jpg","{'Atelectasis': 0, 'Cardiomegaly': 0, 'Consolidation': 0, 'Edema': 0, 'Enlarged Cardiomediastinum': 0, 'Fracture': 0, 'Lung Lesion': 0, 'Lung Opacity': 0, 'No Finding': 1, 'Pleural Effusion': 0, 'Pleural Other': 0, 'Pneumonia': 0, 'Pneumothorax': 0, 'Support Devices': 0}"
"/home/michel/data/Text2Image/mimicxr_train_100/_val_e46_generate_text_top0.85r,edit/No acute cardiopulmonary process. Unremarkable chest radiographic examination/rank_0_000000_fr0.0_cr1.0263orig.jpg","{'Atelectasis': 0, 'Cardiomegaly': 0, 'Consolidation': 0, 'Edema': 0, 'Enlarged Cardiomediastinum': 0, 'Fracture': 0, 'Lung Lesion': 0, 'Lung Opacity': 0, 'No Finding': 1, 'Pleural Effusion': 0, 'Pleural Other': 0, 'Pneumonia': 0, 'Pneumothorax': 0, 'Support Devices': 0}"
"/home/michel/data/Text2Image/mimicxr_train_100/_val_e46_generate_text_top0.85r,edit/No acute cardiopulmonary process. Unremarkable chest radiographic examination/rank_0_000000_fr0.0_cr1.0264orig.jpg","{'Atelectasis': 0, 'Cardiomegaly': 0, 'Consolidation': 0, 'Edema': 0, 'Enlarged Cardiomediastinum': 0, 'Fracture': 0, 'Lung Lesion': 0, 'Lung Opacity': 0, 'No Finding': 1, 'Pleural Effusion': 0, 'Pleural Other': 0, 'Pneumonia': 0, 'Pneumothorax': 0, 'Support Devices': 0}"
"/home/michel/data/Text2Image/mimicxr_train_100/_val_e46_generate_text_top0.85r,edit/No acute cardiopulmonary process. Unremarkable chest radiographic examination/rank_0_000000_fr0.0_cr1.0265orig.jpg","{'Atelectasis': 0, 'Cardiomegaly': 0, 'Consolidation': 0, 'Edema': 0, 'Enlarged Cardiomediastinum': 0, 'Fracture': 0, 'Lung Lesion': 0, 'Lung Opacity': 0, 'No Finding': 1, 'Pleural Effusion': 0, 'Pleural Other': 0, 'Pneumonia': 0, 'Pneumothorax': 0, 'Support Devices': 0}"
"/home/michel/data/Text2Image/mimicxr_train_100/_val_e46_generate_text_top0.85r,edit/No acute cardiopulmonary process. Unremarkable chest radiographic examination/rank_0_000000_fr0.0_cr1.0266orig.jpg","{'Atelectasis': 0, 'Cardiomegaly': 0, 'Consolidation': 0, 'Edema': 0, 'Enlarged Cardiomediastinum': 0, 'Fracture': 0, 'Lung Lesion': 0, 'Lung Opacity': 0, 'No Finding': 1, 'Pleural Effusion': 0, 'Pleural Other': 0, 'Pneumonia': 0, 'Pneumothorax': 0, 'Support Devices': 0}"
"/home/michel/data/Text2Image/mimicxr_train_100/_val_e46_generate_text_top0.85r,edit/No acute cardiopulmonary process. Unremarkable chest radiographic examination/rank_0_000000_fr0.0_cr1.0267orig.jpg","{'Atelectasis': 0, 'Cardiomegaly': 0, 'Consolidation': 0, 'Edema': 0, 'Enlarged Cardiomediastinum': 0, 'Fracture': 0, 'Lung Lesion': 0, 'Lung Opacity': 0, 'No Finding': 1, 'Pleural Effusion': 0, 'Pleural Other': 0, 'Pneumonia': 0, 'Pneumothorax': 0, 'Support Devices': 0}"
"/home/michel/data/Text2Image/mimicxr_train_100/_val_e46_generate_text_top0.85r,edit/No acute cardiopulmonary process. Unremarkable chest radiographic examination/rank_0_000000_fr0.0_cr1.0268orig.jpg","{'Atelectasis': 0, 'Cardiomegaly': 0, 'Consolidation': 0, 'Edema': 0, 'Enlarged Cardiomediastinum': 0, 'Fracture': 0, 'Lung Lesion': 0, 'Lung Opacity': 0, 'No Finding': 1, 'Pleural Effusion': 0, 'Pleural Other': 0, 'Pneumonia': 0, 'Pneumothorax': 0, 'Support Devices': 1}"
"/home/michel/data/Text2Image/mimicxr_train_100/_val_e46_generate_text_top0.85r,edit/No acute cardiopulmonary process. Unremarkable chest radiographic examination/rank_0_000000_fr0.0_cr1.0269orig.jpg","{'Atelectasis': 0, 'Cardiomegaly': 0, 'Consolidation': 0, 'Edema': 0, 'Enlarged Cardiomediastinum': 0, 'Fracture': 0, 'Lung Lesion': 0, 'Lung Opacity': 0, 'No Finding': 1, 'Pleural Effusion': 0, 'Pleural Other': 0, 'Pneumonia': 0, 'Pneumothorax': 0, 'Support Devices': 0}"
"/home/michel/data/Text2Image/mimicxr_train_100/_val_e46_generate_text_top0.85r,edit/No acute cardiopulmonary process. Unremarkable chest radiographic examination/rank_0_000000_fr0.0_cr1.0270orig.jpg","{'Atelectasis': 0, 'Cardiomegaly': 0, 'Consolidation': 0, 'Edema': 0, 'Enlarged Cardiomediastinum': 0, 'Fracture': 0, 'Lung Lesion': 0, 'Lung Opacity': 0, 'No Finding': 1, 'Pleural Effusion': 0, 'Pleural Other': 0, 'Pneumonia': 0, 'Pneumothorax': 0, 'Support Devices': 0}"
"/home/michel/data/Text2Image/mimicxr_train_100/_val_e46_generate_text_top0.85r,edit/No acute cardiopulmonary process. Unremarkable chest radiographic examination/rank_0_000000_fr0.0_cr1.0271orig.jpg","{'Atelectasis': 0, 'Cardiomegaly': 0, 'Consolidation': 0, 'Edema': 0, 'Enlarged Cardiomediastinum': 0, 'Fracture': 0, 'Lung Lesion': 0, 'Lung Opacity': 0, 'No Finding': 1, 'Pleural Effusion': 0, 'Pleural Other': 0, 'Pneumonia': 0, 'Pneumothorax': 0, 'Support Devices': 1}"
"/home/michel/data/Text2Image/mimicxr_train_100/_val_e46_generate_text_top0.85r,edit/No acute cardiopulmonary process. Unremarkable chest radiographic examination/rank_0_000000_fr0.0_cr1.0272orig.jpg","{'Atelectasis': 0, 'Cardiomegaly': 0, 'Consolidation': 0, 'Edema': 0, 'Enlarged Cardiomediastinum': 0, 'Fracture': 0, 'Lung Lesion': 0, 'Lung Opacity': 0, 'No Finding': 1, 'Pleural Effusion': 0, 'Pleural Other': 0, 'Pneumonia': 0, 'Pneumothorax': 0, 'Support Devices': 0}"
"/home/michel/data/Text2Image/mimicxr_train_100/_val_e46_generate_text_top0.85r,edit/No acute cardiopulmonary process. Unremarkable chest radiographic examination/rank_0_000000_fr0.0_cr1.0273orig.jpg","{'Atelectasis': 0, 'Cardiomegaly': 0, 'Consolidation': 0, 'Edema': 0, 'Enlarged Cardiomediastinum': 0, 'Fracture': 0, 'Lung Lesion': 0, 'Lung Opacity': 0, 'No Finding': 1, 'Pleural Effusion': 0, 'Pleural Other': 0, 'Pneumonia': 0, 'Pneumothorax': 0, 'Support Devices': 0}"
"/home/michel/data/Text2Image/mimicxr_train_100/_val_e46_generate_text_top0.85r,edit/No acute cardiopulmonary process. Unremarkable chest radiographic examination/rank_0_000000_fr0.0_cr1.0274orig.jpg","{'Atelectasis': 0, 'Cardiomegaly': 0, 'Consolidation': 0, 'Edema': 0, 'Enlarged Cardiomediastinum': 0, 'Fracture': 0, 'Lung Lesion': 0, 'Lung Opacity': 0, 'No Finding': 1, 'Pleural Effusion': 0, 'Pleural Other': 0, 'Pneumonia': 0, 'Pneumothorax': 0, 'Support Devices': 0}"
"/home/michel/data/Text2Image/mimicxr_train_100/_val_e46_generate_text_top0.85r,edit/No acute cardiopulmonary process. Unremarkable chest radiographic examination/rank_0_000000_fr0.0_cr1.0275orig.jpg","{'Atelectasis': 0, 'Cardiomegaly': 0, 'Consolidation': 0, 'Edema': 0, 'Enlarged Cardiomediastinum': 0, 'Fracture': 0, 'Lung Lesion': 0, 'Lung Opacity': 0, 'No Finding': 1, 'Pleural Effusion': 0, 'Pleural Other': 0, 'Pneumonia': 0, 'Pneumothorax': 0, 'Support Devices': 0}"
"/home/michel/data/Text2Image/mimicxr_train_100/_val_e46_generate_text_top0.85r,edit/No acute cardiopulmonary process. Unremarkable chest radiographic examination/rank_0_000000_fr0.0_cr1.0276orig.jpg","{'Atelectasis': 0, 'Cardiomegaly': 0, 'Consolidation': 0, 'Edema': 0, 'Enlarged Cardiomediastinum': 0, 'Fracture': 0, 'Lung Lesion': 0, 'Lung Opacity': 0, 'No Finding': 1, 'Pleural Effusion': 0, 'Pleural Other': 0, 'Pneumonia': 0, 'Pneumothorax': 0, 'Support Devices': 0}"
"/home/michel/data/Text2Image/mimicxr_train_100/_val_e46_generate_text_top0.85r,edit/No acute cardiopulmonary process. Unremarkable chest radiographic examination/rank_0_000000_fr0.0_cr1.0277orig.jpg","{'Atelectasis': 0, 'Cardiomegaly': 0, 'Consolidation': 0, 'Edema': 0, 'Enlarged Cardiomediastinum': 0, 'Fracture': 0, 'Lung Lesion': 0, 'Lung Opacity': 0, 'No Finding': 1, 'Pleural Effusion': 0, 'Pleural Other': 0, 'Pneumonia': 0, 'Pneumothorax': 0, 'Support Devices': 0}"
"/home/michel/data/Text2Image/mimicxr_train_100/_val_e46_generate_text_top0.85r,edit/No acute cardiopulmonary process. Unremarkable chest radiographic examination/rank_0_000000_fr0.0_cr1.0278orig.jpg","{'Atelectasis': 0, 'Cardiomegaly': 0, 'Consolidation': 0, 'Edema': 0, 'Enlarged Cardiomediastinum': 0, 'Fracture': 0, 'Lung Lesion': 0, 'Lung Opacity': 0, 'No Finding': 1, 'Pleural Effusion': 0, 'Pleural Other': 0, 'Pneumonia': 0, 'Pneumothorax': 0, 'Support Devices': 1}"
"/home/michel/data/Text2Image/mimicxr_train_100/_val_e46_generate_text_top0.85r,edit/No acute cardiopulmonary process. Unremarkable chest radiographic examination/rank_0_000000_fr0.0_cr1.0279orig.jpg","{'Atelectasis': 0, 'Cardiomegaly': 0, 'Consolidation': 0, 'Edema': 0, 'Enlarged Cardiomediastinum': 0, 'Fracture': 0, 'Lung Lesion': 0, 'Lung Opacity': 0, 'No Finding': 1, 'Pleural Effusion': 0, 'Pleural Other': 0, 'Pneumonia': 0, 'Pneumothorax': 0, 'Support Devices': 0}"
"/home/michel/data/Text2Image/mimicxr_train_100/_val_e46_generate_text_top0.85r,edit/No acute cardiopulmonary process. Unremarkable chest radiographic examination/rank_0_000000_fr0.0_cr1.0280orig.jpg","{'Atelectasis': 0, 'Cardiomegaly': 0, 'Consolidation': 0, 'Edema': 0, 'Enlarged Cardiomediastinum': 0, 'Fracture': 0, 'Lung Lesion': 0, 'Lung Opacity': 0, 'No Finding': 1, 'Pleural Effusion': 0, 'Pleural Other': 0, 'Pneumonia': 0, 'Pneumothorax': 0, 'Support Devices': 0}"
"/home/michel/data/Text2Image/mimicxr_train_100/_val_e46_generate_text_top0.85r,edit/No acute cardiopulmonary process. Unremarkable chest radiographic examination/rank_0_000000_fr0.0_cr1.0281orig.jpg","{'Atelectasis': 0, 'Cardiomegaly': 0, 'Consolidation': 0, 'Edema': 0, 'Enlarged Cardiomediastinum': 0, 'Fracture': 0, 'Lung Lesion': 0, 'Lung Opacity': 0, 'No Finding': 1, 'Pleural Effusion': 0, 'Pleural Other': 0, 'Pneumonia': 0, 'Pneumothorax': 0, 'Support Devices': 0}"
"/home/michel/data/Text2Image/mimicxr_train_100/_val_e46_generate_text_top0.85r,edit/No acute cardiopulmonary process. Unremarkable chest radiographic examination/rank_0_000000_fr0.0_cr1.0282orig.jpg","{'Atelectasis': 0, 'Cardiomegaly': 0, 'Consolidation': 0, 'Edema': 0, 'Enlarged Cardiomediastinum': 0, 'Fracture': 0, 'Lung Lesion': 0, 'Lung Opacity': 0, 'No Finding': 1, 'Pleural Effusion': 0, 'Pleural Other': 0, 'Pneumonia': 0, 'Pneumothorax': 0, 'Support Devices': 0}"
"/home/michel/data/Text2Image/mimicxr_train_100/_val_e46_generate_text_top0.85r,edit/No acute cardiopulmonary process. Unremarkable chest radiographic examination/rank_0_000000_fr0.0_cr1.0283orig.jpg","{'Atelectasis': 0, 'Cardiomegaly': 0, 'Consolidation': 0, 'Edema': 0, 'Enlarged Cardiomediastinum': 0, 'Fracture': 0, 'Lung Lesion': 0, 'Lung Opacity': 0, 'No Finding': 1, 'Pleural Effusion': 0, 'Pleural Other': 0, 'Pneumonia': 0, 'Pneumothorax': 0, 'Support Devices': 0}"
"/home/michel/data/Text2Image/mimicxr_train_100/_val_e46_generate_text_top0.85r,edit/No acute cardiopulmonary process. Unremarkable chest radiographic examination/rank_0_000000_fr0.0_cr1.0284orig.jpg","{'Atelectasis': 0, 'Cardiomegaly': 0, 'Consolidation': 0, 'Edema': 0, 'Enlarged Cardiomediastinum': 0, 'Fracture': 0, 'Lung Lesion': 0, 'Lung Opacity': 0, 'No Finding': 1, 'Pleural Effusion': 0, 'Pleural Other': 0, 'Pneumonia': 0, 'Pneumothorax': 0, 'Support Devices': 0}"
"/home/michel/data/Text2Image/mimicxr_train_100/_val_e46_generate_text_top0.85r,edit/No acute cardiopulmonary process. Unremarkable chest radiographic examination/rank_0_000000_fr0.0_cr1.0285orig.jpg","{'Atelectasis': 0, 'Cardiomegaly': 0, 'Consolidation': 0, 'Edema': 0, 'Enlarged Cardiomediastinum': 0, 'Fracture': 0, 'Lung Lesion': 0, 'Lung Opacity': 0, 'No Finding': 1, 'Pleural Effusion': 0, 'Pleural Other': 0, 'Pneumonia': 0, 'Pneumothorax': 0, 'Support Devices': 0}"
"/home/michel/data/Text2Image/mimicxr_train_100/_val_e46_generate_text_top0.85r,edit/No acute cardiopulmonary process. Unremarkable chest radiographic examination/rank_0_000000_fr0.0_cr1.0286orig.jpg","{'Atelectasis': 0, 'Cardiomegaly': 0, 'Consolidation': 0, 'Edema': 0, 'Enlarged Cardiomediastinum': 0, 'Fracture': 0, 'Lung Lesion': 0, 'Lung Opacity': 0, 'No Finding': 1, 'Pleural Effusion': 0, 'Pleural Other': 0, 'Pneumonia': 0, 'Pneumothorax': 0, 'Support Devices': 0}"
"/home/michel/data/Text2Image/mimicxr_train_100/_val_e46_generate_text_top0.85r,edit/No acute cardiopulmonary process. Unremarkable chest radiographic examination/rank_0_000000_fr0.0_cr1.0287orig.jpg","{'Atelectasis': 0, 'Cardiomegaly': 0, 'Consolidation': 0, 'Edema': 0, 'Enlarged Cardiomediastinum': 0, 'Fracture': 0, 'Lung Lesion': 0, 'Lung Opacity': 0, 'No Finding': 1, 'Pleural Effusion': 0, 'Pleural Other': 0, 'Pneumonia': 0, 'Pneumothorax': 0, 'Support Devices': 0}"
"/home/michel/data/Text2Image/mimicxr_train_100/_val_e46_generate_text_top0.85r,edit/No acute cardiopulmonary process. Unremarkable chest radiographic examination/rank_0_000000_fr0.0_cr1.0288orig.jpg","{'Atelectasis': 0, 'Cardiomegaly': 0, 'Consolidation': 0, 'Edema': 0, 'Enlarged Cardiomediastinum': 0, 'Fracture': 0, 'Lung Lesion': 0, 'Lung Opacity': 0, 'No Finding': 1, 'Pleural Effusion': 0, 'Pleural Other': 0, 'Pneumonia': 0, 'Pneumothorax': 0, 'Support Devices': 0}"
"/home/michel/data/Text2Image/mimicxr_train_100/_val_e46_generate_text_top0.85r,edit/No acute cardiopulmonary process. Unremarkable chest radiographic examination/rank_0_000000_fr0.0_cr1.0289orig.jpg","{'Atelectasis': 0, 'Cardiomegaly': 0, 'Consolidation': 0, 'Edema': 0, 'Enlarged Cardiomediastinum': 0, 'Fracture': 0, 'Lung Lesion': 0, 'Lung Opacity': 0, 'No Finding': 1, 'Pleural Effusion': 0, 'Pleural Other': 0, 'Pneumonia': 0, 'Pneumothorax': 0, 'Support Devices': 0}"
"/home/michel/data/Text2Image/mimicxr_train_100/_val_e46_generate_text_top0.85r,edit/No acute cardiopulmonary process. Unremarkable chest radiographic examination/rank_0_000000_fr0.0_cr1.0290orig.jpg","{'Atelectasis': 0, 'Cardiomegaly': 0, 'Consolidation': 0, 'Edema': 0, 'Enlarged Cardiomediastinum': 0, 'Fracture': 0, 'Lung Lesion': 0, 'Lung Opacity': 0, 'No Finding': 1, 'Pleural Effusion': 0, 'Pleural Other': 0, 'Pneumonia': 0, 'Pneumothorax': 0, 'Support Devices': 0}"
"/home/michel/data/Text2Image/mimicxr_train_100/_val_e46_generate_text_top0.85r,edit/No acute cardiopulmonary process. Unremarkable chest radiographic examination/rank_0_000000_fr0.0_cr1.0291orig.jpg","{'Atelectasis': 0, 'Cardiomegaly': 0, 'Consolidation': 0, 'Edema': 0, 'Enlarged Cardiomediastinum': 0, 'Fracture': 0, 'Lung Lesion': 0, 'Lung Opacity': 0, 'No Finding': 1, 'Pleural Effusion': 0, 'Pleural Other': 0, 'Pneumonia': 0, 'Pneumothorax': 0, 'Support Devices': 0}"
"/home/michel/data/Text2Image/mimicxr_train_100/_val_e46_generate_text_top0.85r,edit/No acute cardiopulmonary process. Unremarkable chest radiographic examination/rank_0_000000_fr0.0_cr1.0292orig.jpg","{'Atelectasis': 0, 'Cardiomegaly': 0, 'Consolidation': 0, 'Edema': 0, 'Enlarged Cardiomediastinum': 0, 'Fracture': 0, 'Lung Lesion': 0, 'Lung Opacity': 0, 'No Finding': 1, 'Pleural Effusion': 0, 'Pleural Other': 0, 'Pneumonia': 0, 'Pneumothorax': 0, 'Support Devices': 0}"
"/home/michel/data/Text2Image/mimicxr_train_100/_val_e46_generate_text_top0.85r,edit/No acute cardiopulmonary process. Unremarkable chest radiographic examination/rank_0_000000_fr0.0_cr1.0293orig.jpg","{'Atelectasis': 0, 'Cardiomegaly': 0, 'Consolidation': 0, 'Edema': 0, 'Enlarged Cardiomediastinum': 0, 'Fracture': 0, 'Lung Lesion': 0, 'Lung Opacity': 0, 'No Finding': 1, 'Pleural Effusion': 0, 'Pleural Other': 0, 'Pneumonia': 0, 'Pneumothorax': 0, 'Support Devices': 1}"
"/home/michel/data/Text2Image/mimicxr_train_100/_val_e46_generate_text_top0.85r,edit/No acute cardiopulmonary process. Unremarkable chest radiographic examination/rank_0_000000_fr0.0_cr1.0294orig.jpg","{'Atelectasis': 0, 'Cardiomegaly': 0, 'Consolidation': 0, 'Edema': 0, 'Enlarged Cardiomediastinum': 0, 'Fracture': 0, 'Lung Lesion': 0, 'Lung Opacity': 0, 'No Finding': 1, 'Pleural Effusion': 0, 'Pleural Other': 0, 'Pneumonia': 0, 'Pneumothorax': 0, 'Support Devices': 0}"
"/home/michel/data/Text2Image/mimicxr_train_100/_val_e46_generate_text_top0.85r,edit/No acute cardiopulmonary process. Unremarkable chest radiographic examination/rank_0_000000_fr0.0_cr1.0295orig.jpg","{'Atelectasis': 0, 'Cardiomegaly': 0, 'Consolidation': 0, 'Edema': 0, 'Enlarged Cardiomediastinum': 0, 'Fracture': 0, 'Lung Lesion': 0, 'Lung Opacity': 0, 'No Finding': 1, 'Pleural Effusion': 0, 'Pleural Other': 0, 'Pneumonia': 0, 'Pneumothorax': 0, 'Support Devices': 1}"
"/home/michel/data/Text2Image/mimicxr_train_100/_val_e46_generate_text_top0.85r,edit/No acute cardiopulmonary process. Unremarkable chest radiographic examination/rank_0_000000_fr0.0_cr1.0296orig.jpg","{'Atelectasis': 0, 'Cardiomegaly': 0, 'Consolidation': 0, 'Edema': 0, 'Enlarged Cardiomediastinum': 0, 'Fracture': 0, 'Lung Lesion': 0, 'Lung Opacity': 0, 'No Finding': 1, 'Pleural Effusion': 0, 'Pleural Other': 0, 'Pneumonia': 0, 'Pneumothorax': 0, 'Support Devices': 0}"
"/home/michel/data/Text2Image/mimicxr_train_100/_val_e46_generate_text_top0.85r,edit/No acute cardiopulmonary process. Unremarkable chest radiographic examination/rank_0_000000_fr0.0_cr1.0297orig.jpg","{'Atelectasis': 0, 'Cardiomegaly': 0, 'Consolidation': 0, 'Edema': 0, 'Enlarged Cardiomediastinum': 0, 'Fracture': 0, 'Lung Lesion': 0, 'Lung Opacity': 0, 'No Finding': 1, 'Pleural Effusion': 0, 'Pleural Other': 0, 'Pneumonia': 0, 'Pneumothorax': 0, 'Support Devices': 0}"
"/home/michel/data/Text2Image/mimicxr_train_100/_val_e46_generate_text_top0.85r,edit/No acute cardiopulmonary process. Unremarkable chest radiographic examination/rank_0_000000_fr0.0_cr1.0298orig.jpg","{'Atelectasis': 0, 'Cardiomegaly': 0, 'Consolidation': 0, 'Edema': 0, 'Enlarged Cardiomediastinum': 0, 'Fracture': 0, 'Lung Lesion': 0, 'Lung Opacity': 0, 'No Finding': 1, 'Pleural Effusion': 0, 'Pleural Other': 0, 'Pneumonia': 0, 'Pneumothorax': 0, 'Support Devices': 0}"
"/home/michel/data/Text2Image/mimicxr_train_100/_val_e46_generate_text_top0.85r,edit/No acute cardiopulmonary process. Unremarkable chest radiographic examination/rank_0_000000_fr0.0_cr1.0299orig.jpg","{'Atelectasis': 0, 'Cardiomegaly': 0, 'Consolidation': 0, 'Edema': 0, 'Enlarged Cardiomediastinum': 0, 'Fracture': 0, 'Lung Lesion': 0, 'Lung Opacity': 0, 'No Finding': 1, 'Pleural Effusion': 0, 'Pleural Other': 0, 'Pneumonia': 0, 'Pneumothorax': 0, 'Support Devices': 0}"
"/home/michel/data/Text2Image/mimicxr_train_100/_val_e46_generate_text_top0.85r,edit/No acute cardiopulmonary process. Unremarkable chest radiographic examination/rank_0_000000_fr0.0_cr1.0300orig.jpg","{'Atelectasis': 0, 'Cardiomegaly': 0, 'Consolidation': 0, 'Edema': 0, 'Enlarged Cardiomediastinum': 0, 'Fracture': 0, 'Lung Lesion': 0, 'Lung Opacity': 0, 'No Finding': 1, 'Pleural Effusion': 0, 'Pleural Other': 0, 'Pneumonia': 0, 'Pneumothorax': 0, 'Support Devices': 0}"
"/home/michel/data/Text2Image/mimicxr_train_100/_val_e46_generate_text_top0.85r,edit/No acute cardiopulmonary process. Unremarkable chest radiographic examination/rank_0_000000_fr0.0_cr1.0301orig.jpg","{'Atelectasis': 0, 'Cardiomegaly': 0, 'Consolidation': 0, 'Edema': 0, 'Enlarged Cardiomediastinum': 0, 'Fracture': 0, 'Lung Lesion': 0, 'Lung Opacity': 0, 'No Finding': 1, 'Pleural Effusion': 0, 'Pleural Other': 0, 'Pneumonia': 0, 'Pneumothorax': 0, 'Support Devices': 0}"
"/home/michel/data/Text2Image/mimicxr_train_100/_val_e46_generate_text_top0.85r,edit/No acute cardiopulmonary process. Unremarkable chest radiographic examination/rank_0_000000_fr0.0_cr1.0302orig.jpg","{'Atelectasis': 0, 'Cardiomegaly': 0, 'Consolidation': 0, 'Edema': 0, 'Enlarged Cardiomediastinum': 0, 'Fracture': 0, 'Lung Lesion': 0, 'Lung Opacity': 0, 'No Finding': 1, 'Pleural Effusion': 0, 'Pleural Other': 0, 'Pneumonia': 0, 'Pneumothorax': 0, 'Support Devices': 0}"
"/home/michel/data/Text2Image/mimicxr_train_100/_val_e46_generate_text_top0.85r,edit/No acute cardiopulmonary process. Unremarkable chest radiographic examination/rank_0_000000_fr0.0_cr1.0303orig.jpg","{'Atelectasis': 0, 'Cardiomegaly': 0, 'Consolidation': 0, 'Edema': 0, 'Enlarged Cardiomediastinum': 0, 'Fracture': 0, 'Lung Lesion': 0, 'Lung Opacity': 0, 'No Finding': 1, 'Pleural Effusion': 0, 'Pleural Other': 0, 'Pneumonia': 0, 'Pneumothorax': 0, 'Support Devices': 0}"
"/home/michel/data/Text2Image/mimicxr_train_100/_val_e46_generate_text_top0.85r,edit/No acute cardiopulmonary process. Unremarkable chest radiographic examination/rank_0_000000_fr0.0_cr1.0304orig.jpg","{'Atelectasis': 0, 'Cardiomegaly': 0, 'Consolidation': 0, 'Edema': 0, 'Enlarged Cardiomediastinum': 0, 'Fracture': 0, 'Lung Lesion': 0, 'Lung Opacity': 0, 'No Finding': 1, 'Pleural Effusion': 0, 'Pleural Other': 0, 'Pneumonia': 0, 'Pneumothorax': 0, 'Support Devices': 1}"
"/home/michel/data/Text2Image/mimicxr_train_100/_val_e46_generate_text_top0.85r,edit/No acute cardiopulmonary process. Unremarkable chest radiographic examination/rank_0_000000_fr0.0_cr1.0305orig.jpg","{'Atelectasis': 0, 'Cardiomegaly': 0, 'Consolidation': 0, 'Edema': 0, 'Enlarged Cardiomediastinum': 0, 'Fracture': 0, 'Lung Lesion': 0, 'Lung Opacity': 0, 'No Finding': 1, 'Pleural Effusion': 0, 'Pleural Other': 0, 'Pneumonia': 0, 'Pneumothorax': 0, 'Support Devices': 1}"
"/home/michel/data/Text2Image/mimicxr_train_100/_val_e46_generate_text_top0.85r,edit/No acute cardiopulmonary process. Unremarkable chest radiographic examination/rank_0_000000_fr0.0_cr1.0306orig.jpg","{'Atelectasis': 0, 'Cardiomegaly': 0, 'Consolidation': 0, 'Edema': 0, 'Enlarged Cardiomediastinum': 0, 'Fracture': 0, 'Lung Lesion': 0, 'Lung Opacity': 0, 'No Finding': 1, 'Pleural Effusion': 0, 'Pleural Other': 0, 'Pneumonia': 0, 'Pneumothorax': 0, 'Support Devices': 1}"
"/home/michel/data/Text2Image/mimicxr_train_100/_val_e46_generate_text_top0.85r,edit/No acute cardiopulmonary process. Unremarkable chest radiographic examination/rank_0_000000_fr0.0_cr1.0307orig.jpg","{'Atelectasis': 0, 'Cardiomegaly': 0, 'Consolidation': 0, 'Edema': 0, 'Enlarged Cardiomediastinum': 0, 'Fracture': 0, 'Lung Lesion': 0, 'Lung Opacity': 0, 'No Finding': 1, 'Pleural Effusion': 0, 'Pleural Other': 0, 'Pneumonia': 0, 'Pneumothorax': 0, 'Support Devices': 0}"
"/home/michel/data/Text2Image/mimicxr_train_100/_val_e46_generate_text_top0.85r,edit/No acute cardiopulmonary process. Unremarkable chest radiographic examination/rank_0_000000_fr0.0_cr1.0308orig.jpg","{'Atelectasis': 0, 'Cardiomegaly': 0, 'Consolidation': 0, 'Edema': 0, 'Enlarged Cardiomediastinum': 0, 'Fracture': 0, 'Lung Lesion': 0, 'Lung Opacity': 0, 'No Finding': 1, 'Pleural Effusion': 0, 'Pleural Other': 0, 'Pneumonia': 0, 'Pneumothorax': 0, 'Support Devices': 0}"
"/home/michel/data/Text2Image/mimicxr_train_100/_val_e46_generate_text_top0.85r,edit/No acute cardiopulmonary process. Unremarkable chest radiographic examination/rank_0_000000_fr0.0_cr1.0309orig.jpg","{'Atelectasis': 0, 'Cardiomegaly': 0, 'Consolidation': 0, 'Edema': 0, 'Enlarged Cardiomediastinum': 0, 'Fracture': 0, 'Lung Lesion': 0, 'Lung Opacity': 0, 'No Finding': 1, 'Pleural Effusion': 0, 'Pleural Other': 0, 'Pneumonia': 0, 'Pneumothorax': 0, 'Support Devices': 0}"
"/home/michel/data/Text2Image/mimicxr_train_100/_val_e46_generate_text_top0.85r,edit/No acute cardiopulmonary process. Unremarkable chest radiographic examination/rank_0_000000_fr0.0_cr1.0310orig.jpg","{'Atelectasis': 0, 'Cardiomegaly': 0, 'Consolidation': 0, 'Edema': 0, 'Enlarged Cardiomediastinum': 0, 'Fracture': 0, 'Lung Lesion': 0, 'Lung Opacity': 0, 'No Finding': 1, 'Pleural Effusion': 0, 'Pleural Other': 0, 'Pneumonia': 0, 'Pneumothorax': 0, 'Support Devices': 0}"
"/home/michel/data/Text2Image/mimicxr_train_100/_val_e46_generate_text_top0.85r,edit/No acute cardiopulmonary process. Unremarkable chest radiographic examination/rank_0_000000_fr0.0_cr1.0311orig.jpg","{'Atelectasis': 0, 'Cardiomegaly': 0, 'Consolidation': 0, 'Edema': 0, 'Enlarged Cardiomediastinum': 0, 'Fracture': 0, 'Lung Lesion': 0, 'Lung Opacity': 0, 'No Finding': 1, 'Pleural Effusion': 0, 'Pleural Other': 0, 'Pneumonia': 0, 'Pneumothorax': 0, 'Support Devices': 0}"
"/home/michel/data/Text2Image/mimicxr_train_100/_val_e46_generate_text_top0.85r,edit/No acute cardiopulmonary process. Unremarkable chest radiographic examination/rank_0_000000_fr0.0_cr1.0312orig.jpg","{'Atelectasis': 0, 'Cardiomegaly': 0, 'Consolidation': 0, 'Edema': 0, 'Enlarged Cardiomediastinum': 0, 'Fracture': 0, 'Lung Lesion': 0, 'Lung Opacity': 0, 'No Finding': 1, 'Pleural Effusion': 0, 'Pleural Other': 0, 'Pneumonia': 0, 'Pneumothorax': 0, 'Support Devices': 0}"
"/home/michel/data/Text2Image/mimicxr_train_100/_val_e46_generate_text_top0.85r,edit/No acute cardiopulmonary process. Unremarkable chest radiographic examination/rank_0_000000_fr0.0_cr1.0313orig.jpg","{'Atelectasis': 0, 'Cardiomegaly': 0, 'Consolidation': 0, 'Edema': 0, 'Enlarged Cardiomediastinum': 0, 'Fracture': 0, 'Lung Lesion': 0, 'Lung Opacity': 0, 'No Finding': 1, 'Pleural Effusion': 0, 'Pleural Other': 0, 'Pneumonia': 0, 'Pneumothorax': 0, 'Support Devices': 0}"
"/home/michel/data/Text2Image/mimicxr_train_100/_val_e46_generate_text_top0.85r,edit/No acute cardiopulmonary process. Unremarkable chest radiographic examination/rank_0_000000_fr0.0_cr1.0314orig.jpg","{'Atelectasis': 0, 'Cardiomegaly': 0, 'Consolidation': 0, 'Edema': 0, 'Enlarged Cardiomediastinum': 0, 'Fracture': 0, 'Lung Lesion': 0, 'Lung Opacity': 0, 'No Finding': 1, 'Pleural Effusion': 0, 'Pleural Other': 0, 'Pneumonia': 0, 'Pneumothorax': 0, 'Support Devices': 0}"
"/home/michel/data/Text2Image/mimicxr_train_100/_val_e46_generate_text_top0.85r,edit/No acute cardiopulmonary process. Unremarkable chest radiographic examination/rank_0_000000_fr0.0_cr1.0315orig.jpg","{'Atelectasis': 0, 'Cardiomegaly': 0, 'Consolidation': 0, 'Edema': 0, 'Enlarged Cardiomediastinum': 0, 'Fracture': 0, 'Lung Lesion': 0, 'Lung Opacity': 0, 'No Finding': 1, 'Pleural Effusion': 0, 'Pleural Other': 0, 'Pneumonia': 0, 'Pneumothorax': 0, 'Support Devices': 0}"
"/home/michel/data/Text2Image/mimicxr_train_100/_val_e46_generate_text_top0.85r,edit/No acute cardiopulmonary process. Unremarkable chest radiographic examination/rank_0_000000_fr0.0_cr1.0316orig.jpg","{'Atelectasis': 0, 'Cardiomegaly': 0, 'Consolidation': 0, 'Edema': 0, 'Enlarged Cardiomediastinum': 0, 'Fracture': 0, 'Lung Lesion': 0, 'Lung Opacity': 0, 'No Finding': 1, 'Pleural Effusion': 0, 'Pleural Other': 0, 'Pneumonia': 0, 'Pneumothorax': 0, 'Support Devices': 0}"
"/home/michel/data/Text2Image/mimicxr_train_100/_val_e46_generate_text_top0.85r,edit/No acute cardiopulmonary process. Unremarkable chest radiographic examination/rank_0_000000_fr0.0_cr1.0317orig.jpg","{'Atelectasis': 0, 'Cardiomegaly': 0, 'Consolidation': 0, 'Edema': 0, 'Enlarged Cardiomediastinum': 0, 'Fracture': 0, 'Lung Lesion': 0, 'Lung Opacity': 0, 'No Finding': 1, 'Pleural Effusion': 0, 'Pleural Other': 0, 'Pneumonia': 0, 'Pneumothorax': 0, 'Support Devices': 0}"
"/home/michel/data/Text2Image/mimicxr_train_100/_val_e46_generate_text_top0.85r,edit/No acute cardiopulmonary process. Unremarkable chest radiographic examination/rank_0_000000_fr0.0_cr1.0318orig.jpg","{'Atelectasis': 0, 'Cardiomegaly': 0, 'Consolidation': 0, 'Edema': 0, 'Enlarged Cardiomediastinum': 0, 'Fracture': 0, 'Lung Lesion': 0, 'Lung Opacity': 0, 'No Finding': 1, 'Pleural Effusion': 0, 'Pleural Other': 0, 'Pneumonia': 0, 'Pneumothorax': 0, 'Support Devices': 0}"
"/home/michel/data/Text2Image/mimicxr_train_100/_val_e46_generate_text_top0.85r,edit/No acute cardiopulmonary process. Unremarkable chest radiographic examination/rank_0_000000_fr0.0_cr1.0319orig.jpg","{'Atelectasis': 0, 'Cardiomegaly': 0, 'Consolidation': 0, 'Edema': 0, 'Enlarged Cardiomediastinum': 0, 'Fracture': 0, 'Lung Lesion': 0, 'Lung Opacity': 0, 'No Finding': 1, 'Pleural Effusion': 0, 'Pleural Other': 0, 'Pneumonia': 0, 'Pneumothorax': 0, 'Support Devices': 0}"
"/home/michel/data/Text2Image/mimicxr_train_100/_val_e46_generate_text_top0.85r,edit/No acute cardiopulmonary process. Unremarkable chest radiographic examination/rank_0_000000_fr0.0_cr1.0320orig.jpg","{'Atelectasis': 0, 'Cardiomegaly': 0, 'Consolidation': 0, 'Edema': 0, 'Enlarged Cardiomediastinum': 0, 'Fracture': 0, 'Lung Lesion': 0, 'Lung Opacity': 0, 'No Finding': 1, 'Pleural Effusion': 0, 'Pleural Other': 0, 'Pneumonia': 0, 'Pneumothorax': 0, 'Support Devices': 0}"
"/home/michel/data/Text2Image/mimicxr_train_100/_val_e46_generate_text_top0.85r,edit/No acute cardiopulmonary process. Unremarkable chest radiographic examination/rank_0_000000_fr0.0_cr1.0321orig.jpg","{'Atelectasis': 0, 'Cardiomegaly': 0, 'Consolidation': 0, 'Edema': 0, 'Enlarged Cardiomediastinum': 0, 'Fracture': 0, 'Lung Lesion': 0, 'Lung Opacity': 0, 'No Finding': 1, 'Pleural Effusion': 0, 'Pleural Other': 0, 'Pneumonia': 0, 'Pneumothorax': 0, 'Support Devices': 0}"
"/home/michel/data/Text2Image/mimicxr_train_100/_val_e46_generate_text_top0.85r,edit/No acute cardiopulmonary process. Unremarkable chest radiographic examination/rank_0_000000_fr0.0_cr1.0322orig.jpg","{'Atelectasis': 0, 'Cardiomegaly': 0, 'Consolidation': 0, 'Edema': 0, 'Enlarged Cardiomediastinum': 0, 'Fracture': 0, 'Lung Lesion': 0, 'Lung Opacity': 0, 'No Finding': 1, 'Pleural Effusion': 0, 'Pleural Other': 0, 'Pneumonia': 0, 'Pneumothorax': 0, 'Support Devices': 0}"
"/home/michel/data/Text2Image/mimicxr_train_100/_val_e46_generate_text_top0.85r,edit/No acute cardiopulmonary process. Unremarkable chest radiographic examination/rank_0_000000_fr0.0_cr1.0323orig.jpg","{'Atelectasis': 0, 'Cardiomegaly': 0, 'Consolidation': 0, 'Edema': 0, 'Enlarged Cardiomediastinum': 0, 'Fracture': 0, 'Lung Lesion': 0, 'Lung Opacity': 0, 'No Finding': 1, 'Pleural Effusion': 0, 'Pleural Other': 0, 'Pneumonia': 0, 'Pneumothorax': 0, 'Support Devices': 0}"
"/home/michel/data/Text2Image/mimicxr_train_100/_val_e46_generate_text_top0.85r,edit/No acute cardiopulmonary process. Unremarkable chest radiographic examination/rank_0_000000_fr0.0_cr1.0324orig.jpg","{'Atelectasis': 0, 'Cardiomegaly': 0, 'Consolidation': 0, 'Edema': 0, 'Enlarged Cardiomediastinum': 0, 'Fracture': 0, 'Lung Lesion': 0, 'Lung Opacity': 0, 'No Finding': 1, 'Pleural Effusion': 0, 'Pleural Other': 0, 'Pneumonia': 0, 'Pneumothorax': 0, 'Support Devices': 0}"
"/home/michel/data/Text2Image/mimicxr_train_100/_val_e46_generate_text_top0.85r,edit/No acute cardiopulmonary process. Unremarkable chest radiographic examination/rank_0_000000_fr0.0_cr1.0325orig.jpg","{'Atelectasis': 0, 'Cardiomegaly': 0, 'Consolidation': 0, 'Edema': 0, 'Enlarged Cardiomediastinum': 0, 'Fracture': 0, 'Lung Lesion': 0, 'Lung Opacity': 0, 'No Finding': 1, 'Pleural Effusion': 0, 'Pleural Other': 0, 'Pneumonia': 0, 'Pneumothorax': 0, 'Support Devices': 0}"
"/home/michel/data/Text2Image/mimicxr_train_100/_val_e46_generate_text_top0.85r,edit/No acute cardiopulmonary process. Unremarkable chest radiographic examination/rank_0_000000_fr0.0_cr1.0326orig.jpg","{'Atelectasis': 0, 'Cardiomegaly': 0, 'Consolidation': 0, 'Edema': 0, 'Enlarged Cardiomediastinum': 0, 'Fracture': 0, 'Lung Lesion': 0, 'Lung Opacity': 0, 'No Finding': 1, 'Pleural Effusion': 0, 'Pleural Other': 0, 'Pneumonia': 0, 'Pneumothorax': 0, 'Support Devices': 0}"
"/home/michel/data/Text2Image/mimicxr_train_100/_val_e46_generate_text_top0.85r,edit/No acute cardiopulmonary process. Unremarkable chest radiographic examination/rank_0_000000_fr0.0_cr1.0327orig.jpg","{'Atelectasis': 0, 'Cardiomegaly': 0, 'Consolidation': 0, 'Edema': 0, 'Enlarged Cardiomediastinum': 0, 'Fracture': 0, 'Lung Lesion': 0, 'Lung Opacity': 0, 'No Finding': 1, 'Pleural Effusion': 0, 'Pleural Other': 0, 'Pneumonia': 0, 'Pneumothorax': 0, 'Support Devices': 0}"
"/home/michel/data/Text2Image/mimicxr_train_100/_val_e46_generate_text_top0.85r,edit/No acute cardiopulmonary process. Unremarkable chest radiographic examination/rank_0_000000_fr0.0_cr1.0328orig.jpg","{'Atelectasis': 0, 'Cardiomegaly': 0, 'Consolidation': 0, 'Edema': 0, 'Enlarged Cardiomediastinum': 0, 'Fracture': 0, 'Lung Lesion': 0, 'Lung Opacity': 0, 'No Finding': 1, 'Pleural Effusion': 0, 'Pleural Other': 0, 'Pneumonia': 0, 'Pneumothorax': 0, 'Support Devices': 0}"
"/home/michel/data/Text2Image/mimicxr_train_100/_val_e46_generate_text_top0.85r,edit/No acute cardiopulmonary process. Unremarkable chest radiographic examination/rank_0_000000_fr0.0_cr1.0329orig.jpg","{'Atelectasis': 0, 'Cardiomegaly': 0, 'Consolidation': 0, 'Edema': 0, 'Enlarged Cardiomediastinum': 0, 'Fracture': 0, 'Lung Lesion': 0, 'Lung Opacity': 0, 'No Finding': 1, 'Pleural Effusion': 0, 'Pleural Other': 0, 'Pneumonia': 0, 'Pneumothorax': 0, 'Support Devices': 0}"
"/home/michel/data/Text2Image/mimicxr_train_100/_val_e46_generate_text_top0.85r,edit/No acute cardiopulmonary process. Unremarkable chest radiographic examination/rank_0_000000_fr0.0_cr1.0330orig.jpg","{'Atelectasis': 0, 'Cardiomegaly': 0, 'Consolidation': 0, 'Edema': 0, 'Enlarged Cardiomediastinum': 0, 'Fracture': 0, 'Lung Lesion': 0, 'Lung Opacity': 0, 'No Finding': 1, 'Pleural Effusion': 0, 'Pleural Other': 0, 'Pneumonia': 0, 'Pneumothorax': 0, 'Support Devices': 0}"
"/home/michel/data/Text2Image/mimicxr_train_100/_val_e46_generate_text_top0.85r,edit/No acute cardiopulmonary process. Unremarkable chest radiographic examination/rank_0_000000_fr0.0_cr1.0331orig.jpg","{'Atelectasis': 0, 'Cardiomegaly': 0, 'Consolidation': 0, 'Edema': 0, 'Enlarged Cardiomediastinum': 0, 'Fracture': 0, 'Lung Lesion': 0, 'Lung Opacity': 0, 'No Finding': 1, 'Pleural Effusion': 0, 'Pleural Other': 0, 'Pneumonia': 0, 'Pneumothorax': 0, 'Support Devices': 0}"
"/home/michel/data/Text2Image/mimicxr_train_100/_val_e46_generate_text_top0.85r,edit/No acute cardiopulmonary process. Unremarkable chest radiographic examination/rank_0_000000_fr0.0_cr1.0332orig.jpg","{'Atelectasis': 0, 'Cardiomegaly': 0, 'Consolidation': 0, 'Edema': 0, 'Enlarged Cardiomediastinum': 0, 'Fracture': 0, 'Lung Lesion': 0, 'Lung Opacity': 0, 'No Finding': 1, 'Pleural Effusion': 0, 'Pleural Other': 0, 'Pneumonia': 0, 'Pneumothorax': 0, 'Support Devices': 0}"
"/home/michel/data/Text2Image/mimicxr_train_100/_val_e46_generate_text_top0.85r,edit/No acute cardiopulmonary process. Unremarkable chest radiographic examination/rank_0_000000_fr0.0_cr1.0333orig.jpg","{'Atelectasis': 0, 'Cardiomegaly': 0, 'Consolidation': 0, 'Edema': 0, 'Enlarged Cardiomediastinum': 0, 'Fracture': 0, 'Lung Lesion': 0, 'Lung Opacity': 0, 'No Finding': 1, 'Pleural Effusion': 0, 'Pleural Other': 0, 'Pneumonia': 0, 'Pneumothorax': 0, 'Support Devices': 0}"
"/home/michel/data/Text2Image/mimicxr_train_100/_val_e46_generate_text_top0.85r,edit/No acute cardiopulmonary process. Unremarkable chest radiographic examination/rank_0_000000_fr0.0_cr1.0334orig.jpg","{'Atelectasis': 0, 'Cardiomegaly': 0, 'Consolidation': 0, 'Edema': 0, 'Enlarged Cardiomediastinum': 0, 'Fracture': 0, 'Lung Lesion': 0, 'Lung Opacity': 0, 'No Finding': 1, 'Pleural Effusion': 0, 'Pleural Other': 0, 'Pneumonia': 0, 'Pneumothorax': 0, 'Support Devices': 0}"
"/home/michel/data/Text2Image/mimicxr_train_100/_val_e46_generate_text_top0.85r,edit/No acute cardiopulmonary process. Unremarkable chest radiographic examination/rank_0_000000_fr0.0_cr1.0335orig.jpg","{'Atelectasis': 0, 'Cardiomegaly': 0, 'Consolidation': 0, 'Edema': 0, 'Enlarged Cardiomediastinum': 0, 'Fracture': 0, 'Lung Lesion': 0, 'Lung Opacity': 0, 'No Finding': 1, 'Pleural Effusion': 0, 'Pleural Other': 0, 'Pneumonia': 0, 'Pneumothorax': 0, 'Support Devices': 1}"
"/home/michel/data/Text2Image/mimicxr_train_100/_val_e46_generate_text_top0.85r,edit/No acute cardiopulmonary process. Unremarkable chest radiographic examination/rank_0_000000_fr0.0_cr1.0336orig.jpg","{'Atelectasis': 0, 'Cardiomegaly': 0, 'Consolidation': 0, 'Edema': 0, 'Enlarged Cardiomediastinum': 0, 'Fracture': 0, 'Lung Lesion': 0, 'Lung Opacity': 0, 'No Finding': 1, 'Pleural Effusion': 0, 'Pleural Other': 0, 'Pneumonia': 0, 'Pneumothorax': 0, 'Support Devices': 1}"
"/home/michel/data/Text2Image/mimicxr_train_100/_val_e46_generate_text_top0.85r,edit/No acute cardiopulmonary process. Unremarkable chest radiographic examination/rank_0_000000_fr0.0_cr1.0337orig.jpg","{'Atelectasis': 0, 'Cardiomegaly': 0, 'Consolidation': 0, 'Edema': 0, 'Enlarged Cardiomediastinum': 0, 'Fracture': 0, 'Lung Lesion': 0, 'Lung Opacity': 0, 'No Finding': 1, 'Pleural Effusion': 0, 'Pleural Other': 0, 'Pneumonia': 0, 'Pneumothorax': 0, 'Support Devices': 1}"
"/home/michel/data/Text2Image/mimicxr_train_100/_val_e46_generate_text_top0.85r,edit/No acute cardiopulmonary process. Unremarkable chest radiographic examination/rank_0_000000_fr0.0_cr1.0338orig.jpg","{'Atelectasis': 0, 'Cardiomegaly': 0, 'Consolidation': 0, 'Edema': 0, 'Enlarged Cardiomediastinum': 0, 'Fracture': 0, 'Lung Lesion': 0, 'Lung Opacity': 0, 'No Finding': 1, 'Pleural Effusion': 0, 'Pleural Other': 0, 'Pneumonia': 0, 'Pneumothorax': 0, 'Support Devices': 0}"
"/home/michel/data/Text2Image/mimicxr_train_100/_val_e46_generate_text_top0.85r,edit/No acute cardiopulmonary process. Unremarkable chest radiographic examination/rank_0_000000_fr0.0_cr1.0339orig.jpg","{'Atelectasis': 0, 'Cardiomegaly': 0, 'Consolidation': 0, 'Edema': 0, 'Enlarged Cardiomediastinum': 0, 'Fracture': 0, 'Lung Lesion': 0, 'Lung Opacity': 0, 'No Finding': 1, 'Pleural Effusion': 0, 'Pleural Other': 0, 'Pneumonia': 0, 'Pneumothorax': 0, 'Support Devices': 0}"
"/home/michel/data/Text2Image/mimicxr_train_100/_val_e46_generate_text_top0.85r,edit/No acute cardiopulmonary process. Unremarkable chest radiographic examination/rank_0_000000_fr0.0_cr1.0340orig.jpg","{'Atelectasis': 0, 'Cardiomegaly': 0, 'Consolidation': 0, 'Edema': 0, 'Enlarged Cardiomediastinum': 0, 'Fracture': 0, 'Lung Lesion': 0, 'Lung Opacity': 0, 'No Finding': 1, 'Pleural Effusion': 0, 'Pleural Other': 0, 'Pneumonia': 0, 'Pneumothorax': 0, 'Support Devices': 0}"
"/home/michel/data/Text2Image/mimicxr_train_100/_val_e46_generate_text_top0.85r,edit/No acute cardiopulmonary process. Unremarkable chest radiographic examination/rank_0_000000_fr0.0_cr1.0341orig.jpg","{'Atelectasis': 0, 'Cardiomegaly': 0, 'Consolidation': 0, 'Edema': 0, 'Enlarged Cardiomediastinum': 0, 'Fracture': 0, 'Lung Lesion': 0, 'Lung Opacity': 0, 'No Finding': 1, 'Pleural Effusion': 0, 'Pleural Other': 0, 'Pneumonia': 0, 'Pneumothorax': 0, 'Support Devices': 0}"
"/home/michel/data/Text2Image/mimicxr_train_100/_val_e46_generate_text_top0.85r,edit/No acute cardiopulmonary process. Unremarkable chest radiographic examination/rank_0_000000_fr0.0_cr1.0342orig.jpg","{'Atelectasis': 0, 'Cardiomegaly': 0, 'Consolidation': 0, 'Edema': 0, 'Enlarged Cardiomediastinum': 0, 'Fracture': 0, 'Lung Lesion': 0, 'Lung Opacity': 0, 'No Finding': 1, 'Pleural Effusion': 0, 'Pleural Other': 0, 'Pneumonia': 0, 'Pneumothorax': 0, 'Support Devices': 0}"
"/home/michel/data/Text2Image/mimicxr_train_100/_val_e46_generate_text_top0.85r,edit/No acute cardiopulmonary process. Unremarkable chest radiographic examination/rank_0_000000_fr0.0_cr1.0343orig.jpg","{'Atelectasis': 0, 'Cardiomegaly': 0, 'Consolidation': 0, 'Edema': 0, 'Enlarged Cardiomediastinum': 0, 'Fracture': 0, 'Lung Lesion': 0, 'Lung Opacity': 0, 'No Finding': 1, 'Pleural Effusion': 0, 'Pleural Other': 0, 'Pneumonia': 0, 'Pneumothorax': 0, 'Support Devices': 0}"
"/home/michel/data/Text2Image/mimicxr_train_100/_val_e46_generate_text_top0.85r,edit/No acute cardiopulmonary process. Unremarkable chest radiographic examination/rank_0_000000_fr0.0_cr1.0344orig.jpg","{'Atelectasis': 0, 'Cardiomegaly': 0, 'Consolidation': 0, 'Edema': 0, 'Enlarged Cardiomediastinum': 0, 'Fracture': 0, 'Lung Lesion': 0, 'Lung Opacity': 0, 'No Finding': 1, 'Pleural Effusion': 0, 'Pleural Other': 0, 'Pneumonia': 0, 'Pneumothorax': 0, 'Support Devices': 0}"
"/home/michel/data/Text2Image/mimicxr_train_100/_val_e46_generate_text_top0.85r,edit/No acute cardiopulmonary process. Unremarkable chest radiographic examination/rank_0_000000_fr0.0_cr1.0345orig.jpg","{'Atelectasis': 0, 'Cardiomegaly': 0, 'Consolidation': 0, 'Edema': 0, 'Enlarged Cardiomediastinum': 0, 'Fracture': 0, 'Lung Lesion': 0, 'Lung Opacity': 0, 'No Finding': 1, 'Pleural Effusion': 0, 'Pleural Other': 0, 'Pneumonia': 0, 'Pneumothorax': 0, 'Support Devices': 0}"
"/home/michel/data/Text2Image/mimicxr_train_100/_val_e46_generate_text_top0.85r,edit/No acute cardiopulmonary process. Unremarkable chest radiographic examination/rank_0_000000_fr0.0_cr1.0346orig.jpg","{'Atelectasis': 0, 'Cardiomegaly': 0, 'Consolidation': 0, 'Edema': 0, 'Enlarged Cardiomediastinum': 0, 'Fracture': 0, 'Lung Lesion': 0, 'Lung Opacity': 0, 'No Finding': 1, 'Pleural Effusion': 0, 'Pleural Other': 0, 'Pneumonia': 0, 'Pneumothorax': 0, 'Support Devices': 0}"
"/home/michel/data/Text2Image/mimicxr_train_100/_val_e46_generate_text_top0.85r,edit/No acute cardiopulmonary process. Unremarkable chest radiographic examination/rank_0_000000_fr0.0_cr1.0347orig.jpg","{'Atelectasis': 0, 'Cardiomegaly': 0, 'Consolidation': 0, 'Edema': 0, 'Enlarged Cardiomediastinum': 0, 'Fracture': 0, 'Lung Lesion': 0, 'Lung Opacity': 0, 'No Finding': 1, 'Pleural Effusion': 0, 'Pleural Other': 0, 'Pneumonia': 0, 'Pneumothorax': 0, 'Support Devices': 0}"
"/home/michel/data/Text2Image/mimicxr_train_100/_val_e46_generate_text_top0.85r,edit/No acute cardiopulmonary process. Unremarkable chest radiographic examination/rank_0_000000_fr0.0_cr1.0348orig.jpg","{'Atelectasis': 0, 'Cardiomegaly': 0, 'Consolidation': 0, 'Edema': 0, 'Enlarged Cardiomediastinum': 0, 'Fracture': 0, 'Lung Lesion': 0, 'Lung Opacity': 0, 'No Finding': 1, 'Pleural Effusion': 0, 'Pleural Other': 0, 'Pneumonia': 0, 'Pneumothorax': 0, 'Support Devices': 1}"
"/home/michel/data/Text2Image/mimicxr_train_100/_val_e46_generate_text_top0.85r,edit/No acute cardiopulmonary process. Unremarkable chest radiographic examination/rank_0_000000_fr0.0_cr1.0349orig.jpg","{'Atelectasis': 0, 'Cardiomegaly': 0, 'Consolidation': 0, 'Edema': 0, 'Enlarged Cardiomediastinum': 0, 'Fracture': 0, 'Lung Lesion': 0, 'Lung Opacity': 0, 'No Finding': 1, 'Pleural Effusion': 0, 'Pleural Other': 0, 'Pneumonia': 0, 'Pneumothorax': 0, 'Support Devices': 1}"
"/home/michel/data/Text2Image/mimicxr_train_100/_val_e46_generate_text_top0.85r,edit/No acute cardiopulmonary process. Unremarkable chest radiographic examination/rank_0_000000_fr0.0_cr1.0350orig.jpg","{'Atelectasis': 0, 'Cardiomegaly': 0, 'Consolidation': 0, 'Edema': 0, 'Enlarged Cardiomediastinum': 0, 'Fracture': 0, 'Lung Lesion': 0, 'Lung Opacity': 0, 'No Finding': 1, 'Pleural Effusion': 0, 'Pleural Other': 0, 'Pneumonia': 0, 'Pneumothorax': 0, 'Support Devices': 1}"
"/home/michel/data/Text2Image/mimicxr_train_100/_val_e46_generate_text_top0.85r,edit/No acute cardiopulmonary process. Unremarkable chest radiographic examination/rank_0_000000_fr0.0_cr1.0351orig.jpg","{'Atelectasis': 0, 'Cardiomegaly': 0, 'Consolidation': 0, 'Edema': 0, 'Enlarged Cardiomediastinum': 0, 'Fracture': 0, 'Lung Lesion': 0, 'Lung Opacity': 0, 'No Finding': 1, 'Pleural Effusion': 0, 'Pleural Other': 0, 'Pneumonia': 0, 'Pneumothorax': 0, 'Support Devices': 0}"
"/home/michel/data/Text2Image/mimicxr_train_100/_val_e46_generate_text_top0.85r,edit/No acute cardiopulmonary process. Unremarkable chest radiographic examination/rank_0_000000_fr0.0_cr1.0352orig.jpg","{'Atelectasis': 0, 'Cardiomegaly': 0, 'Consolidation': 0, 'Edema': 0, 'Enlarged Cardiomediastinum': 0, 'Fracture': 0, 'Lung Lesion': 0, 'Lung Opacity': 0, 'No Finding': 1, 'Pleural Effusion': 0, 'Pleural Other': 0, 'Pneumonia': 0, 'Pneumothorax': 0, 'Support Devices': 0}"
"/home/michel/data/Text2Image/mimicxr_train_100/_val_e46_generate_text_top0.85r,edit/No acute cardiopulmonary process. Unremarkable chest radiographic examination/rank_0_000000_fr0.0_cr1.0353orig.jpg","{'Atelectasis': 0, 'Cardiomegaly': 0, 'Consolidation': 0, 'Edema': 0, 'Enlarged Cardiomediastinum': 0, 'Fracture': 0, 'Lung Lesion': 0, 'Lung Opacity': 0, 'No Finding': 1, 'Pleural Effusion': 0, 'Pleural Other': 0, 'Pneumonia': 0, 'Pneumothorax': 0, 'Support Devices': 0}"
"/home/michel/data/Text2Image/mimicxr_train_100/_val_e46_generate_text_top0.85r,edit/No acute cardiopulmonary process. Unremarkable chest radiographic examination/rank_0_000000_fr0.0_cr1.0354orig.jpg","{'Atelectasis': 0, 'Cardiomegaly': 0, 'Consolidation': 0, 'Edema': 0, 'Enlarged Cardiomediastinum': 0, 'Fracture': 0, 'Lung Lesion': 0, 'Lung Opacity': 0, 'No Finding': 1, 'Pleural Effusion': 0, 'Pleural Other': 0, 'Pneumonia': 0, 'Pneumothorax': 0, 'Support Devices': 0}"
"/home/michel/data/Text2Image/mimicxr_train_100/_val_e46_generate_text_top0.85r,edit/No acute cardiopulmonary process. Unremarkable chest radiographic examination/rank_0_000000_fr0.0_cr1.0355orig.jpg","{'Atelectasis': 0, 'Cardiomegaly': 0, 'Consolidation': 0, 'Edema': 0, 'Enlarged Cardiomediastinum': 0, 'Fracture': 0, 'Lung Lesion': 0, 'Lung Opacity': 0, 'No Finding': 1, 'Pleural Effusion': 0, 'Pleural Other': 0, 'Pneumonia': 0, 'Pneumothorax': 0, 'Support Devices': 0}"
"/home/michel/data/Text2Image/mimicxr_train_100/_val_e46_generate_text_top0.85r,edit/No acute cardiopulmonary process. Unremarkable chest radiographic examination/rank_0_000000_fr0.0_cr1.0356orig.jpg","{'Atelectasis': 0, 'Cardiomegaly': 0, 'Consolidation': 0, 'Edema': 0, 'Enlarged Cardiomediastinum': 0, 'Fracture': 0, 'Lung Lesion': 0, 'Lung Opacity': 0, 'No Finding': 1, 'Pleural Effusion': 0, 'Pleural Other': 0, 'Pneumonia': 0, 'Pneumothorax': 0, 'Support Devices': 0}"
"/home/michel/data/Text2Image/mimicxr_train_100/_val_e46_generate_text_top0.85r,edit/No acute cardiopulmonary process. Unremarkable chest radiographic examination/rank_0_000000_fr0.0_cr1.0357orig.jpg","{'Atelectasis': 0, 'Cardiomegaly': 0, 'Consolidation': 0, 'Edema': 0, 'Enlarged Cardiomediastinum': 0, 'Fracture': 0, 'Lung Lesion': 0, 'Lung Opacity': 0, 'No Finding': 1, 'Pleural Effusion': 0, 'Pleural Other': 0, 'Pneumonia': 0, 'Pneumothorax': 0, 'Support Devices': 0}"
"/home/michel/data/Text2Image/mimicxr_train_100/_val_e46_generate_text_top0.85r,edit/No acute cardiopulmonary process. Unremarkable chest radiographic examination/rank_0_000000_fr0.0_cr1.0358orig.jpg","{'Atelectasis': 0, 'Cardiomegaly': 0, 'Consolidation': 0, 'Edema': 0, 'Enlarged Cardiomediastinum': 0, 'Fracture': 0, 'Lung Lesion': 0, 'Lung Opacity': 0, 'No Finding': 1, 'Pleural Effusion': 0, 'Pleural Other': 0, 'Pneumonia': 0, 'Pneumothorax': 0, 'Support Devices': 0}"
"/home/michel/data/Text2Image/mimicxr_train_100/_val_e46_generate_text_top0.85r,edit/No acute cardiopulmonary process. Unremarkable chest radiographic examination/rank_0_000000_fr0.0_cr1.0359orig.jpg","{'Atelectasis': 0, 'Cardiomegaly': 0, 'Consolidation': 0, 'Edema': 0, 'Enlarged Cardiomediastinum': 0, 'Fracture': 0, 'Lung Lesion': 0, 'Lung Opacity': 0, 'No Finding': 1, 'Pleural Effusion': 0, 'Pleural Other': 0, 'Pneumonia': 0, 'Pneumothorax': 0, 'Support Devices': 0}"
"/home/michel/data/Text2Image/mimicxr_train_100/_val_e46_generate_text_top0.85r,edit/No acute cardiopulmonary process. Unremarkable chest radiographic examination/rank_0_000000_fr0.0_cr1.0360orig.jpg","{'Atelectasis': 0, 'Cardiomegaly': 0, 'Consolidation': 0, 'Edema': 0, 'Enlarged Cardiomediastinum': 0, 'Fracture': 0, 'Lung Lesion': 0, 'Lung Opacity': 0, 'No Finding': 1, 'Pleural Effusion': 0, 'Pleural Other': 0, 'Pneumonia': 0, 'Pneumothorax': 0, 'Support Devices': 1}"
"/home/michel/data/Text2Image/mimicxr_train_100/_val_e46_generate_text_top0.85r,edit/No acute cardiopulmonary process. Unremarkable chest radiographic examination/rank_0_000000_fr0.0_cr1.0361orig.jpg","{'Atelectasis': 0, 'Cardiomegaly': 0, 'Consolidation': 0, 'Edema': 0, 'Enlarged Cardiomediastinum': 0, 'Fracture': 0, 'Lung Lesion': 0, 'Lung Opacity': 0, 'No Finding': 1, 'Pleural Effusion': 0, 'Pleural Other': 0, 'Pneumonia': 0, 'Pneumothorax': 0, 'Support Devices': 0}"
"/home/michel/data/Text2Image/mimicxr_train_100/_val_e46_generate_text_top0.85r,edit/No acute cardiopulmonary process. Unremarkable chest radiographic examination/rank_0_000000_fr0.0_cr1.0362orig.jpg","{'Atelectasis': 0, 'Cardiomegaly': 0, 'Consolidation': 0, 'Edema': 0, 'Enlarged Cardiomediastinum': 0, 'Fracture': 0, 'Lung Lesion': 0, 'Lung Opacity': 0, 'No Finding': 1, 'Pleural Effusion': 0, 'Pleural Other': 0, 'Pneumonia': 0, 'Pneumothorax': 0, 'Support Devices': 0}"
"/home/michel/data/Text2Image/mimicxr_train_100/_val_e46_generate_text_top0.85r,edit/No acute cardiopulmonary process. Unremarkable chest radiographic examination/rank_0_000000_fr0.0_cr1.0363orig.jpg","{'Atelectasis': 0, 'Cardiomegaly': 0, 'Consolidation': 0, 'Edema': 0, 'Enlarged Cardiomediastinum': 0, 'Fracture': 0, 'Lung Lesion': 0, 'Lung Opacity': 0, 'No Finding': 1, 'Pleural Effusion': 0, 'Pleural Other': 0, 'Pneumonia': 0, 'Pneumothorax': 0, 'Support Devices': 0}"
"/home/michel/data/Text2Image/mimicxr_train_100/_val_e46_generate_text_top0.85r,edit/No acute cardiopulmonary process. Unremarkable chest radiographic examination/rank_0_000000_fr0.0_cr1.0364orig.jpg","{'Atelectasis': 0, 'Cardiomegaly': 0, 'Consolidation': 0, 'Edema': 0, 'Enlarged Cardiomediastinum': 0, 'Fracture': 0, 'Lung Lesion': 0, 'Lung Opacity': 0, 'No Finding': 1, 'Pleural Effusion': 0, 'Pleural Other': 0, 'Pneumonia': 0, 'Pneumothorax': 0, 'Support Devices': 0}"
"/home/michel/data/Text2Image/mimicxr_train_100/_val_e46_generate_text_top0.85r,edit/No acute cardiopulmonary process. Unremarkable chest radiographic examination/rank_0_000000_fr0.0_cr1.0365orig.jpg","{'Atelectasis': 0, 'Cardiomegaly': 0, 'Consolidation': 0, 'Edema': 0, 'Enlarged Cardiomediastinum': 0, 'Fracture': 0, 'Lung Lesion': 0, 'Lung Opacity': 0, 'No Finding': 1, 'Pleural Effusion': 0, 'Pleural Other': 0, 'Pneumonia': 0, 'Pneumothorax': 0, 'Support Devices': 0}"
"/home/michel/data/Text2Image/mimicxr_train_100/_val_e46_generate_text_top0.85r,edit/No acute cardiopulmonary process. Unremarkable chest radiographic examination/rank_0_000000_fr0.0_cr1.0366orig.jpg","{'Atelectasis': 0, 'Cardiomegaly': 0, 'Consolidation': 0, 'Edema': 0, 'Enlarged Cardiomediastinum': 0, 'Fracture': 0, 'Lung Lesion': 0, 'Lung Opacity': 0, 'No Finding': 1, 'Pleural Effusion': 0, 'Pleural Other': 0, 'Pneumonia': 0, 'Pneumothorax': 0, 'Support Devices': 0}"
"/home/michel/data/Text2Image/mimicxr_train_100/_val_e46_generate_text_top0.85r,edit/No acute cardiopulmonary process. Unremarkable chest radiographic examination/rank_0_000000_fr0.0_cr1.0367orig.jpg","{'Atelectasis': 0, 'Cardiomegaly': 0, 'Consolidation': 0, 'Edema': 0, 'Enlarged Cardiomediastinum': 0, 'Fracture': 0, 'Lung Lesion': 0, 'Lung Opacity': 0, 'No Finding': 1, 'Pleural Effusion': 0, 'Pleural Other': 0, 'Pneumonia': 0, 'Pneumothorax': 0, 'Support Devices': 1}"
"/home/michel/data/Text2Image/mimicxr_train_100/_val_e46_generate_text_top0.85r,edit/No acute cardiopulmonary process. Unremarkable chest radiographic examination/rank_0_000000_fr0.0_cr1.0368orig.jpg","{'Atelectasis': 0, 'Cardiomegaly': 0, 'Consolidation': 0, 'Edema': 0, 'Enlarged Cardiomediastinum': 0, 'Fracture': 0, 'Lung Lesion': 0, 'Lung Opacity': 0, 'No Finding': 1, 'Pleural Effusion': 0, 'Pleural Other': 0, 'Pneumonia': 0, 'Pneumothorax': 0, 'Support Devices': 1}"
"/home/michel/data/Text2Image/mimicxr_train_100/_val_e46_generate_text_top0.85r,edit/No acute cardiopulmonary process. Unremarkable chest radiographic examination/rank_0_000000_fr0.0_cr1.0369orig.jpg","{'Atelectasis': 0, 'Cardiomegaly': 0, 'Consolidation': 0, 'Edema': 0, 'Enlarged Cardiomediastinum': 0, 'Fracture': 0, 'Lung Lesion': 0, 'Lung Opacity': 0, 'No Finding': 1, 'Pleural Effusion': 0, 'Pleural Other': 0, 'Pneumonia': 0, 'Pneumothorax': 0, 'Support Devices': 0}"
"/home/michel/data/Text2Image/mimicxr_train_100/_val_e46_generate_text_top0.85r,edit/No acute cardiopulmonary process. Unremarkable chest radiographic examination/rank_0_000000_fr0.0_cr1.0370orig.jpg","{'Atelectasis': 0, 'Cardiomegaly': 0, 'Consolidation': 0, 'Edema': 0, 'Enlarged Cardiomediastinum': 0, 'Fracture': 0, 'Lung Lesion': 0, 'Lung Opacity': 0, 'No Finding': 1, 'Pleural Effusion': 0, 'Pleural Other': 0, 'Pneumonia': 0, 'Pneumothorax': 0, 'Support Devices': 0}"
"/home/michel/data/Text2Image/mimicxr_train_100/_val_e46_generate_text_top0.85r,edit/No acute cardiopulmonary process. Unremarkable chest radiographic examination/rank_0_000000_fr0.0_cr1.0371orig.jpg","{'Atelectasis': 0, 'Cardiomegaly': 0, 'Consolidation': 0, 'Edema': 0, 'Enlarged Cardiomediastinum': 0, 'Fracture': 0, 'Lung Lesion': 0, 'Lung Opacity': 0, 'No Finding': 1, 'Pleural Effusion': 0, 'Pleural Other': 0, 'Pneumonia': 0, 'Pneumothorax': 0, 'Support Devices': 0}"
"/home/michel/data/Text2Image/mimicxr_train_100/_val_e46_generate_text_top0.85r,edit/No acute cardiopulmonary process. Unremarkable chest radiographic examination/rank_0_000000_fr0.0_cr1.0372orig.jpg","{'Atelectasis': 0, 'Cardiomegaly': 0, 'Consolidation': 0, 'Edema': 0, 'Enlarged Cardiomediastinum': 0, 'Fracture': 0, 'Lung Lesion': 0, 'Lung Opacity': 0, 'No Finding': 1, 'Pleural Effusion': 0, 'Pleural Other': 0, 'Pneumonia': 0, 'Pneumothorax': 0, 'Support Devices': 0}"
"/home/michel/data/Text2Image/mimicxr_train_100/_val_e46_generate_text_top0.85r,edit/No acute cardiopulmonary process. Unremarkable chest radiographic examination/rank_0_000000_fr0.0_cr1.0373orig.jpg","{'Atelectasis': 0, 'Cardiomegaly': 0, 'Consolidation': 0, 'Edema': 0, 'Enlarged Cardiomediastinum': 0, 'Fracture': 0, 'Lung Lesion': 0, 'Lung Opacity': 0, 'No Finding': 1, 'Pleural Effusion': 0, 'Pleural Other': 0, 'Pneumonia': 0, 'Pneumothorax': 0, 'Support Devices': 0}"
"/home/michel/data/Text2Image/mimicxr_train_100/_val_e46_generate_text_top0.85r,edit/No acute cardiopulmonary process. Unremarkable chest radiographic examination/rank_0_000000_fr0.0_cr1.0374orig.jpg","{'Atelectasis': 0, 'Cardiomegaly': 0, 'Consolidation': 0, 'Edema': 0, 'Enlarged Cardiomediastinum': 0, 'Fracture': 0, 'Lung Lesion': 0, 'Lung Opacity': 0, 'No Finding': 1, 'Pleural Effusion': 0, 'Pleural Other': 0, 'Pneumonia': 0, 'Pneumothorax': 0, 'Support Devices': 0}"
"/home/michel/data/Text2Image/mimicxr_train_100/_val_e46_generate_text_top0.85r,edit/No acute cardiopulmonary process. Unremarkable chest radiographic examination/rank_0_000000_fr0.0_cr1.0375orig.jpg","{'Atelectasis': 0, 'Cardiomegaly': 0, 'Consolidation': 0, 'Edema': 0, 'Enlarged Cardiomediastinum': 0, 'Fracture': 0, 'Lung Lesion': 0, 'Lung Opacity': 0, 'No Finding': 1, 'Pleural Effusion': 0, 'Pleural Other': 0, 'Pneumonia': 0, 'Pneumothorax': 0, 'Support Devices': 0}"
"/home/michel/data/Text2Image/mimicxr_train_100/_val_e46_generate_text_top0.85r,edit/No acute cardiopulmonary process. Unremarkable chest radiographic examination/rank_0_000000_fr0.0_cr1.0376orig.jpg","{'Atelectasis': 0, 'Cardiomegaly': 0, 'Consolidation': 0, 'Edema': 0, 'Enlarged Cardiomediastinum': 0, 'Fracture': 0, 'Lung Lesion': 0, 'Lung Opacity': 0, 'No Finding': 1, 'Pleural Effusion': 0, 'Pleural Other': 0, 'Pneumonia': 0, 'Pneumothorax': 0, 'Support Devices': 0}"
"/home/michel/data/Text2Image/mimicxr_train_100/_val_e46_generate_text_top0.85r,edit/No acute cardiopulmonary process. Unremarkable chest radiographic examination/rank_0_000000_fr0.0_cr1.0377orig.jpg","{'Atelectasis': 0, 'Cardiomegaly': 0, 'Consolidation': 0, 'Edema': 0, 'Enlarged Cardiomediastinum': 0, 'Fracture': 0, 'Lung Lesion': 0, 'Lung Opacity': 0, 'No Finding': 1, 'Pleural Effusion': 0, 'Pleural Other': 0, 'Pneumonia': 0, 'Pneumothorax': 0, 'Support Devices': 0}"
"/home/michel/data/Text2Image/mimicxr_train_100/_val_e46_generate_text_top0.85r,edit/No acute cardiopulmonary process. Unremarkable chest radiographic examination/rank_0_000000_fr0.0_cr1.0378orig.jpg","{'Atelectasis': 0, 'Cardiomegaly': 0, 'Consolidation': 0, 'Edema': 0, 'Enlarged Cardiomediastinum': 0, 'Fracture': 0, 'Lung Lesion': 0, 'Lung Opacity': 0, 'No Finding': 1, 'Pleural Effusion': 0, 'Pleural Other': 0, 'Pneumonia': 0, 'Pneumothorax': 0, 'Support Devices': 0}"
"/home/michel/data/Text2Image/mimicxr_train_100/_val_e46_generate_text_top0.85r,edit/No acute cardiopulmonary process. Unremarkable chest radiographic examination/rank_0_000000_fr0.0_cr1.0379orig.jpg","{'Atelectasis': 0, 'Cardiomegaly': 0, 'Consolidation': 0, 'Edema': 0, 'Enlarged Cardiomediastinum': 0, 'Fracture': 0, 'Lung Lesion': 0, 'Lung Opacity': 0, 'No Finding': 1, 'Pleural Effusion': 0, 'Pleural Other': 0, 'Pneumonia': 0, 'Pneumothorax': 0, 'Support Devices': 1}"
"/home/michel/data/Text2Image/mimicxr_train_100/_val_e46_generate_text_top0.85r,edit/No acute cardiopulmonary process. Unremarkable chest radiographic examination/rank_0_000000_fr0.0_cr1.0380orig.jpg","{'Atelectasis': 0, 'Cardiomegaly': 0, 'Consolidation': 0, 'Edema': 0, 'Enlarged Cardiomediastinum': 0, 'Fracture': 0, 'Lung Lesion': 0, 'Lung Opacity': 0, 'No Finding': 1, 'Pleural Effusion': 0, 'Pleural Other': 0, 'Pneumonia': 0, 'Pneumothorax': 0, 'Support Devices': 1}"
"/home/michel/data/Text2Image/mimicxr_train_100/_val_e46_generate_text_top0.85r,edit/No acute cardiopulmonary process. Unremarkable chest radiographic examination/rank_0_000000_fr0.0_cr1.0381orig.jpg","{'Atelectasis': 0, 'Cardiomegaly': 0, 'Consolidation': 0, 'Edema': 0, 'Enlarged Cardiomediastinum': 0, 'Fracture': 0, 'Lung Lesion': 0, 'Lung Opacity': 0, 'No Finding': 1, 'Pleural Effusion': 0, 'Pleural Other': 0, 'Pneumonia': 0, 'Pneumothorax': 0, 'Support Devices': 0}"
"/home/michel/data/Text2Image/mimicxr_train_100/_val_e46_generate_text_top0.85r,edit/No acute cardiopulmonary process. Unremarkable chest radiographic examination/rank_0_000000_fr0.0_cr1.0382orig.jpg","{'Atelectasis': 0, 'Cardiomegaly': 0, 'Consolidation': 0, 'Edema': 0, 'Enlarged Cardiomediastinum': 0, 'Fracture': 0, 'Lung Lesion': 0, 'Lung Opacity': 0, 'No Finding': 1, 'Pleural Effusion': 0, 'Pleural Other': 0, 'Pneumonia': 0, 'Pneumothorax': 0, 'Support Devices': 1}"
"/home/michel/data/Text2Image/mimicxr_train_100/_val_e46_generate_text_top0.85r,edit/No acute cardiopulmonary process. Unremarkable chest radiographic examination/rank_0_000000_fr0.0_cr1.0383orig.jpg","{'Atelectasis': 0, 'Cardiomegaly': 0, 'Consolidation': 0, 'Edema': 0, 'Enlarged Cardiomediastinum': 0, 'Fracture': 0, 'Lung Lesion': 0, 'Lung Opacity': 0, 'No Finding': 1, 'Pleural Effusion': 0, 'Pleural Other': 0, 'Pneumonia': 0, 'Pneumothorax': 0, 'Support Devices': 0}"
"/home/michel/data/Text2Image/mimicxr_train_100/_val_e46_generate_text_top0.85r,edit/No acute cardiopulmonary process. Unremarkable chest radiographic examination/rank_0_000000_fr0.0_cr1.0384orig.jpg","{'Atelectasis': 0, 'Cardiomegaly': 0, 'Consolidation': 0, 'Edema': 0, 'Enlarged Cardiomediastinum': 0, 'Fracture': 0, 'Lung Lesion': 0, 'Lung Opacity': 0, 'No Finding': 1, 'Pleural Effusion': 0, 'Pleural Other': 0, 'Pneumonia': 0, 'Pneumothorax': 0, 'Support Devices': 0}"
"/home/michel/data/Text2Image/mimicxr_train_100/_val_e46_generate_text_top0.85r,edit/No acute cardiopulmonary process. Unremarkable chest radiographic examination/rank_0_000000_fr0.0_cr1.0385orig.jpg","{'Atelectasis': 0, 'Cardiomegaly': 0, 'Consolidation': 0, 'Edema': 0, 'Enlarged Cardiomediastinum': 0, 'Fracture': 0, 'Lung Lesion': 0, 'Lung Opacity': 0, 'No Finding': 1, 'Pleural Effusion': 0, 'Pleural Other': 0, 'Pneumonia': 0, 'Pneumothorax': 0, 'Support Devices': 0}"
"/home/michel/data/Text2Image/mimicxr_train_100/_val_e46_generate_text_top0.85r,edit/No acute cardiopulmonary process. Unremarkable chest radiographic examination/rank_0_000000_fr0.0_cr1.0386orig.jpg","{'Atelectasis': 0, 'Cardiomegaly': 0, 'Consolidation': 0, 'Edema': 0, 'Enlarged Cardiomediastinum': 0, 'Fracture': 0, 'Lung Lesion': 0, 'Lung Opacity': 0, 'No Finding': 1, 'Pleural Effusion': 0, 'Pleural Other': 0, 'Pneumonia': 0, 'Pneumothorax': 0, 'Support Devices': 0}"
"/home/michel/data/Text2Image/mimicxr_train_100/_val_e46_generate_text_top0.85r,edit/No acute cardiopulmonary process. Unremarkable chest radiographic examination/rank_0_000000_fr0.0_cr1.0387orig.jpg","{'Atelectasis': 0, 'Cardiomegaly': 0, 'Consolidation': 0, 'Edema': 0, 'Enlarged Cardiomediastinum': 0, 'Fracture': 0, 'Lung Lesion': 0, 'Lung Opacity': 0, 'No Finding': 1, 'Pleural Effusion': 0, 'Pleural Other': 0, 'Pneumonia': 0, 'Pneumothorax': 0, 'Support Devices': 0}"
"/home/michel/data/Text2Image/mimicxr_train_100/_val_e46_generate_text_top0.85r,edit/No acute cardiopulmonary process. Unremarkable chest radiographic examination/rank_0_000000_fr0.0_cr1.0388orig.jpg","{'Atelectasis': 0, 'Cardiomegaly': 0, 'Consolidation': 0, 'Edema': 0, 'Enlarged Cardiomediastinum': 0, 'Fracture': 0, 'Lung Lesion': 0, 'Lung Opacity': 0, 'No Finding': 1, 'Pleural Effusion': 0, 'Pleural Other': 0, 'Pneumonia': 0, 'Pneumothorax': 0, 'Support Devices': 0}"
"/home/michel/data/Text2Image/mimicxr_train_100/_val_e46_generate_text_top0.85r,edit/No acute cardiopulmonary process. Unremarkable chest radiographic examination/rank_0_000000_fr0.0_cr1.0389orig.jpg","{'Atelectasis': 0, 'Cardiomegaly': 0, 'Consolidation': 0, 'Edema': 0, 'Enlarged Cardiomediastinum': 0, 'Fracture': 0, 'Lung Lesion': 0, 'Lung Opacity': 0, 'No Finding': 1, 'Pleural Effusion': 0, 'Pleural Other': 0, 'Pneumonia': 0, 'Pneumothorax': 0, 'Support Devices': 0}"
"/home/michel/data/Text2Image/mimicxr_train_100/_val_e46_generate_text_top0.85r,edit/No acute cardiopulmonary process. Unremarkable chest radiographic examination/rank_0_000000_fr0.0_cr1.0390orig.jpg","{'Atelectasis': 0, 'Cardiomegaly': 0, 'Consolidation': 0, 'Edema': 0, 'Enlarged Cardiomediastinum': 0, 'Fracture': 0, 'Lung Lesion': 0, 'Lung Opacity': 0, 'No Finding': 1, 'Pleural Effusion': 0, 'Pleural Other': 0, 'Pneumonia': 0, 'Pneumothorax': 0, 'Support Devices': 0}"
"/home/michel/data/Text2Image/mimicxr_train_100/_val_e46_generate_text_top0.85r,edit/No acute cardiopulmonary process. Unremarkable chest radiographic examination/rank_0_000000_fr0.0_cr1.0391orig.jpg","{'Atelectasis': 0, 'Cardiomegaly': 0, 'Consolidation': 0, 'Edema': 0, 'Enlarged Cardiomediastinum': 0, 'Fracture': 0, 'Lung Lesion': 0, 'Lung Opacity': 0, 'No Finding': 1, 'Pleural Effusion': 0, 'Pleural Other': 0, 'Pneumonia': 0, 'Pneumothorax': 0, 'Support Devices': 0}"
"/home/michel/data/Text2Image/mimicxr_train_100/_val_e46_generate_text_top0.85r,edit/No acute cardiopulmonary process. Unremarkable chest radiographic examination/rank_0_000000_fr0.0_cr1.0392orig.jpg","{'Atelectasis': 0, 'Cardiomegaly': 0, 'Consolidation': 0, 'Edema': 0, 'Enlarged Cardiomediastinum': 0, 'Fracture': 0, 'Lung Lesion': 0, 'Lung Opacity': 0, 'No Finding': 1, 'Pleural Effusion': 0, 'Pleural Other': 0, 'Pneumonia': 0, 'Pneumothorax': 0, 'Support Devices': 0}"
"/home/michel/data/Text2Image/mimicxr_train_100/_val_e46_generate_text_top0.85r,edit/No acute cardiopulmonary process. Unremarkable chest radiographic examination/rank_0_000000_fr0.0_cr1.0393orig.jpg","{'Atelectasis': 0, 'Cardiomegaly': 0, 'Consolidation': 0, 'Edema': 0, 'Enlarged Cardiomediastinum': 0, 'Fracture': 0, 'Lung Lesion': 0, 'Lung Opacity': 0, 'No Finding': 1, 'Pleural Effusion': 0, 'Pleural Other': 0, 'Pneumonia': 0, 'Pneumothorax': 0, 'Support Devices': 0}"
"/home/michel/data/Text2Image/mimicxr_train_100/_val_e46_generate_text_top0.85r,edit/No acute cardiopulmonary process. Unremarkable chest radiographic examination/rank_0_000000_fr0.0_cr1.0394orig.jpg","{'Atelectasis': 0, 'Cardiomegaly': 0, 'Consolidation': 0, 'Edema': 0, 'Enlarged Cardiomediastinum': 0, 'Fracture': 0, 'Lung Lesion': 0, 'Lung Opacity': 0, 'No Finding': 1, 'Pleural Effusion': 0, 'Pleural Other': 0, 'Pneumonia': 0, 'Pneumothorax': 0, 'Support Devices': 0}"
"/home/michel/data/Text2Image/mimicxr_train_100/_val_e46_generate_text_top0.85r,edit/No acute cardiopulmonary process. Unremarkable chest radiographic examination/rank_0_000000_fr0.0_cr1.0395orig.jpg","{'Atelectasis': 0, 'Cardiomegaly': 0, 'Consolidation': 0, 'Edema': 0, 'Enlarged Cardiomediastinum': 0, 'Fracture': 0, 'Lung Lesion': 0, 'Lung Opacity': 0, 'No Finding': 1, 'Pleural Effusion': 0, 'Pleural Other': 0, 'Pneumonia': 0, 'Pneumothorax': 0, 'Support Devices': 0}"
"/home/michel/data/Text2Image/mimicxr_train_100/_val_e46_generate_text_top0.85r,edit/No acute cardiopulmonary process. Unremarkable chest radiographic examination/rank_0_000000_fr0.0_cr1.0396orig.jpg","{'Atelectasis': 0, 'Cardiomegaly': 0, 'Consolidation': 0, 'Edema': 0, 'Enlarged Cardiomediastinum': 0, 'Fracture': 0, 'Lung Lesion': 0, 'Lung Opacity': 0, 'No Finding': 1, 'Pleural Effusion': 0, 'Pleural Other': 0, 'Pneumonia': 0, 'Pneumothorax': 0, 'Support Devices': 0}"
"/home/michel/data/Text2Image/mimicxr_train_100/_val_e46_generate_text_top0.85r,edit/No acute cardiopulmonary process. Unremarkable chest radiographic examination/rank_0_000000_fr0.0_cr1.0397orig.jpg","{'Atelectasis': 0, 'Cardiomegaly': 0, 'Consolidation': 0, 'Edema': 0, 'Enlarged Cardiomediastinum': 0, 'Fracture': 0, 'Lung Lesion': 0, 'Lung Opacity': 0, 'No Finding': 1, 'Pleural Effusion': 0, 'Pleural Other': 0, 'Pneumonia': 0, 'Pneumothorax': 0, 'Support Devices': 0}"
"/home/michel/data/Text2Image/mimicxr_train_100/_val_e46_generate_text_top0.85r,edit/No acute cardiopulmonary process. Unremarkable chest radiographic examination/rank_0_000000_fr0.0_cr1.0398orig.jpg","{'Atelectasis': 0, 'Cardiomegaly': 0, 'Consolidation': 0, 'Edema': 0, 'Enlarged Cardiomediastinum': 0, 'Fracture': 0, 'Lung Lesion': 0, 'Lung Opacity': 0, 'No Finding': 1, 'Pleural Effusion': 0, 'Pleural Other': 0, 'Pneumonia': 0, 'Pneumothorax': 0, 'Support Devices': 0}"
"/home/michel/data/Text2Image/mimicxr_train_100/_val_e46_generate_text_top0.85r,edit/No acute cardiopulmonary process. Unremarkable chest radiographic examination/rank_0_000000_fr0.0_cr1.0399orig.jpg","{'Atelectasis': 0, 'Cardiomegaly': 0, 'Consolidation': 0, 'Edema': 0, 'Enlarged Cardiomediastinum': 0, 'Fracture': 0, 'Lung Lesion': 0, 'Lung Opacity': 0, 'No Finding': 1, 'Pleural Effusion': 0, 'Pleural Other': 0, 'Pneumonia': 0, 'Pneumothorax': 0, 'Support Devices': 0}"
"/home/michel/data/Text2Image/mimicxr_train_100/_val_e46_generate_text_top0.85r,edit/No acute cardiopulmonary process. Unremarkable chest radiographic examination/rank_0_000000_fr0.0_cr1.0400orig.jpg","{'Atelectasis': 0, 'Cardiomegaly': 0, 'Consolidation': 0, 'Edema': 0, 'Enlarged Cardiomediastinum': 0, 'Fracture': 0, 'Lung Lesion': 0, 'Lung Opacity': 0, 'No Finding': 1, 'Pleural Effusion': 0, 'Pleural Other': 0, 'Pneumonia': 0, 'Pneumothorax': 0, 'Support Devices': 0}"
"/home/michel/data/Text2Image/mimicxr_train_100/_val_e46_generate_text_top0.85r,edit/No acute cardiopulmonary process. Unremarkable chest radiographic examination/rank_0_000000_fr0.0_cr1.0401orig.jpg","{'Atelectasis': 0, 'Cardiomegaly': 0, 'Consolidation': 0, 'Edema': 0, 'Enlarged Cardiomediastinum': 0, 'Fracture': 0, 'Lung Lesion': 0, 'Lung Opacity': 0, 'No Finding': 1, 'Pleural Effusion': 0, 'Pleural Other': 0, 'Pneumonia': 0, 'Pneumothorax': 0, 'Support Devices': 1}"
"/home/michel/data/Text2Image/mimicxr_train_100/_val_e46_generate_text_top0.85r,edit/No acute cardiopulmonary process. Unremarkable chest radiographic examination/rank_0_000000_fr0.0_cr1.0402orig.jpg","{'Atelectasis': 0, 'Cardiomegaly': 0, 'Consolidation': 0, 'Edema': 0, 'Enlarged Cardiomediastinum': 0, 'Fracture': 0, 'Lung Lesion': 0, 'Lung Opacity': 0, 'No Finding': 1, 'Pleural Effusion': 0, 'Pleural Other': 0, 'Pneumonia': 0, 'Pneumothorax': 0, 'Support Devices': 0}"
"/home/michel/data/Text2Image/mimicxr_train_100/_val_e46_generate_text_top0.85r,edit/No acute cardiopulmonary process. Unremarkable chest radiographic examination/rank_0_000000_fr0.0_cr1.0403orig.jpg","{'Atelectasis': 0, 'Cardiomegaly': 0, 'Consolidation': 0, 'Edema': 0, 'Enlarged Cardiomediastinum': 0, 'Fracture': 0, 'Lung Lesion': 0, 'Lung Opacity': 0, 'No Finding': 1, 'Pleural Effusion': 0, 'Pleural Other': 0, 'Pneumonia': 0, 'Pneumothorax': 0, 'Support Devices': 0}"
"/home/michel/data/Text2Image/mimicxr_train_100/_val_e46_generate_text_top0.85r,edit/No acute cardiopulmonary process. Unremarkable chest radiographic examination/rank_0_000000_fr0.0_cr1.0404orig.jpg","{'Atelectasis': 0, 'Cardiomegaly': 0, 'Consolidation': 0, 'Edema': 0, 'Enlarged Cardiomediastinum': 0, 'Fracture': 0, 'Lung Lesion': 0, 'Lung Opacity': 0, 'No Finding': 1, 'Pleural Effusion': 0, 'Pleural Other': 0, 'Pneumonia': 0, 'Pneumothorax': 0, 'Support Devices': 0}"
"/home/michel/data/Text2Image/mimicxr_train_100/_val_e46_generate_text_top0.85r,edit/No acute cardiopulmonary process. Unremarkable chest radiographic examination/rank_0_000000_fr0.0_cr1.0405orig.jpg","{'Atelectasis': 0, 'Cardiomegaly': 0, 'Consolidation': 0, 'Edema': 0, 'Enlarged Cardiomediastinum': 0, 'Fracture': 0, 'Lung Lesion': 0, 'Lung Opacity': 0, 'No Finding': 1, 'Pleural Effusion': 0, 'Pleural Other': 0, 'Pneumonia': 0, 'Pneumothorax': 0, 'Support Devices': 0}"
"/home/michel/data/Text2Image/mimicxr_train_100/_val_e46_generate_text_top0.85r,edit/No acute cardiopulmonary process. Unremarkable chest radiographic examination/rank_0_000000_fr0.0_cr1.0406orig.jpg","{'Atelectasis': 0, 'Cardiomegaly': 0, 'Consolidation': 0, 'Edema': 0, 'Enlarged Cardiomediastinum': 0, 'Fracture': 0, 'Lung Lesion': 0, 'Lung Opacity': 0, 'No Finding': 1, 'Pleural Effusion': 0, 'Pleural Other': 0, 'Pneumonia': 0, 'Pneumothorax': 0, 'Support Devices': 0}"
"/home/michel/data/Text2Image/mimicxr_train_100/_val_e46_generate_text_top0.85r,edit/No acute cardiopulmonary process. Unremarkable chest radiographic examination/rank_0_000000_fr0.0_cr1.0407orig.jpg","{'Atelectasis': 0, 'Cardiomegaly': 0, 'Consolidation': 0, 'Edema': 0, 'Enlarged Cardiomediastinum': 0, 'Fracture': 0, 'Lung Lesion': 0, 'Lung Opacity': 0, 'No Finding': 1, 'Pleural Effusion': 0, 'Pleural Other': 0, 'Pneumonia': 0, 'Pneumothorax': 0, 'Support Devices': 0}"
"/home/michel/data/Text2Image/mimicxr_train_100/_val_e46_generate_text_top0.85r,edit/No acute cardiopulmonary process. Unremarkable chest radiographic examination/rank_0_000000_fr0.0_cr1.0408orig.jpg","{'Atelectasis': 0, 'Cardiomegaly': 0, 'Consolidation': 0, 'Edema': 0, 'Enlarged Cardiomediastinum': 0, 'Fracture': 0, 'Lung Lesion': 0, 'Lung Opacity': 0, 'No Finding': 1, 'Pleural Effusion': 0, 'Pleural Other': 0, 'Pneumonia': 0, 'Pneumothorax': 0, 'Support Devices': 0}"
"/home/michel/data/Text2Image/mimicxr_train_100/_val_e46_generate_text_top0.85r,edit/No acute cardiopulmonary process. Unremarkable chest radiographic examination/rank_0_000000_fr0.0_cr1.0409orig.jpg","{'Atelectasis': 0, 'Cardiomegaly': 0, 'Consolidation': 0, 'Edema': 0, 'Enlarged Cardiomediastinum': 0, 'Fracture': 0, 'Lung Lesion': 0, 'Lung Opacity': 0, 'No Finding': 1, 'Pleural Effusion': 0, 'Pleural Other': 0, 'Pneumonia': 0, 'Pneumothorax': 0, 'Support Devices': 0}"
"/home/michel/data/Text2Image/mimicxr_train_100/_val_e46_generate_text_top0.85r,edit/No acute cardiopulmonary process. Unremarkable chest radiographic examination/rank_0_000000_fr0.0_cr1.0410orig.jpg","{'Atelectasis': 0, 'Cardiomegaly': 0, 'Consolidation': 0, 'Edema': 0, 'Enlarged Cardiomediastinum': 0, 'Fracture': 0, 'Lung Lesion': 0, 'Lung Opacity': 0, 'No Finding': 1, 'Pleural Effusion': 0, 'Pleural Other': 0, 'Pneumonia': 0, 'Pneumothorax': 0, 'Support Devices': 0}"
"/home/michel/data/Text2Image/mimicxr_train_100/_val_e46_generate_text_top0.85r,edit/No acute cardiopulmonary process. Unremarkable chest radiographic examination/rank_0_000000_fr0.0_cr1.0411orig.jpg","{'Atelectasis': 0, 'Cardiomegaly': 0, 'Consolidation': 0, 'Edema': 0, 'Enlarged Cardiomediastinum': 0, 'Fracture': 0, 'Lung Lesion': 0, 'Lung Opacity': 0, 'No Finding': 1, 'Pleural Effusion': 0, 'Pleural Other': 0, 'Pneumonia': 0, 'Pneumothorax': 0, 'Support Devices': 0}"
"/home/michel/data/Text2Image/mimicxr_train_100/_val_e46_generate_text_top0.85r,edit/No acute cardiopulmonary process. Unremarkable chest radiographic examination/rank_0_000000_fr0.0_cr1.0412orig.jpg","{'Atelectasis': 0, 'Cardiomegaly': 0, 'Consolidation': 0, 'Edema': 0, 'Enlarged Cardiomediastinum': 0, 'Fracture': 0, 'Lung Lesion': 0, 'Lung Opacity': 0, 'No Finding': 1, 'Pleural Effusion': 0, 'Pleural Other': 0, 'Pneumonia': 0, 'Pneumothorax': 0, 'Support Devices': 0}"
"/home/michel/data/Text2Image/mimicxr_train_100/_val_e46_generate_text_top0.85r,edit/No acute cardiopulmonary process. Unremarkable chest radiographic examination/rank_0_000000_fr0.0_cr1.0413orig.jpg","{'Atelectasis': 0, 'Cardiomegaly': 0, 'Consolidation': 0, 'Edema': 0, 'Enlarged Cardiomediastinum': 0, 'Fracture': 0, 'Lung Lesion': 0, 'Lung Opacity': 0, 'No Finding': 1, 'Pleural Effusion': 0, 'Pleural Other': 0, 'Pneumonia': 0, 'Pneumothorax': 0, 'Support Devices': 0}"
"/home/michel/data/Text2Image/mimicxr_train_100/_val_e46_generate_text_top0.85r,edit/No acute cardiopulmonary process. Unremarkable chest radiographic examination/rank_0_000000_fr0.0_cr1.0414orig.jpg","{'Atelectasis': 0, 'Cardiomegaly': 0, 'Consolidation': 0, 'Edema': 0, 'Enlarged Cardiomediastinum': 0, 'Fracture': 0, 'Lung Lesion': 0, 'Lung Opacity': 0, 'No Finding': 1, 'Pleural Effusion': 0, 'Pleural Other': 0, 'Pneumonia': 0, 'Pneumothorax': 0, 'Support Devices': 0}"
"/home/michel/data/Text2Image/mimicxr_train_100/_val_e46_generate_text_top0.85r,edit/No acute cardiopulmonary process. Unremarkable chest radiographic examination/rank_0_000000_fr0.0_cr1.0415orig.jpg","{'Atelectasis': 0, 'Cardiomegaly': 0, 'Consolidation': 0, 'Edema': 0, 'Enlarged Cardiomediastinum': 0, 'Fracture': 0, 'Lung Lesion': 0, 'Lung Opacity': 0, 'No Finding': 1, 'Pleural Effusion': 0, 'Pleural Other': 0, 'Pneumonia': 0, 'Pneumothorax': 0, 'Support Devices': 0}"
"/home/michel/data/Text2Image/mimicxr_train_100/_val_e46_generate_text_top0.85r,edit/No acute cardiopulmonary process. Unremarkable chest radiographic examination/rank_0_000000_fr0.0_cr1.0416orig.jpg","{'Atelectasis': 0, 'Cardiomegaly': 0, 'Consolidation': 0, 'Edema': 0, 'Enlarged Cardiomediastinum': 0, 'Fracture': 0, 'Lung Lesion': 0, 'Lung Opacity': 0, 'No Finding': 1, 'Pleural Effusion': 0, 'Pleural Other': 0, 'Pneumonia': 0, 'Pneumothorax': 0, 'Support Devices': 0}"
"/home/michel/data/Text2Image/mimicxr_train_100/_val_e46_generate_text_top0.85r,edit/No acute cardiopulmonary process. Unremarkable chest radiographic examination/rank_0_000000_fr0.0_cr1.0417orig.jpg","{'Atelectasis': 0, 'Cardiomegaly': 0, 'Consolidation': 0, 'Edema': 0, 'Enlarged Cardiomediastinum': 0, 'Fracture': 0, 'Lung Lesion': 0, 'Lung Opacity': 0, 'No Finding': 1, 'Pleural Effusion': 0, 'Pleural Other': 0, 'Pneumonia': 0, 'Pneumothorax': 0, 'Support Devices': 0}"
"/home/michel/data/Text2Image/mimicxr_train_100/_val_e46_generate_text_top0.85r,edit/No acute cardiopulmonary process. Unremarkable chest radiographic examination/rank_0_000000_fr0.0_cr1.0418orig.jpg","{'Atelectasis': 0, 'Cardiomegaly': 0, 'Consolidation': 0, 'Edema': 0, 'Enlarged Cardiomediastinum': 0, 'Fracture': 0, 'Lung Lesion': 0, 'Lung Opacity': 0, 'No Finding': 1, 'Pleural Effusion': 0, 'Pleural Other': 0, 'Pneumonia': 0, 'Pneumothorax': 0, 'Support Devices': 0}"
"/home/michel/data/Text2Image/mimicxr_train_100/_val_e46_generate_text_top0.85r,edit/No acute cardiopulmonary process. Unremarkable chest radiographic examination/rank_0_000000_fr0.0_cr1.0419orig.jpg","{'Atelectasis': 0, 'Cardiomegaly': 0, 'Consolidation': 0, 'Edema': 0, 'Enlarged Cardiomediastinum': 0, 'Fracture': 0, 'Lung Lesion': 0, 'Lung Opacity': 0, 'No Finding': 1, 'Pleural Effusion': 0, 'Pleural Other': 0, 'Pneumonia': 0, 'Pneumothorax': 0, 'Support Devices': 0}"
"/home/michel/data/Text2Image/mimicxr_train_100/_val_e46_generate_text_top0.85r,edit/No acute cardiopulmonary process. Unremarkable chest radiographic examination/rank_0_000000_fr0.0_cr1.0420orig.jpg","{'Atelectasis': 0, 'Cardiomegaly': 0, 'Consolidation': 0, 'Edema': 0, 'Enlarged Cardiomediastinum': 0, 'Fracture': 0, 'Lung Lesion': 0, 'Lung Opacity': 0, 'No Finding': 1, 'Pleural Effusion': 0, 'Pleural Other': 0, 'Pneumonia': 0, 'Pneumothorax': 0, 'Support Devices': 0}"
"/home/michel/data/Text2Image/mimicxr_train_100/_val_e46_generate_text_top0.85r,edit/No acute cardiopulmonary process. Unremarkable chest radiographic examination/rank_0_000000_fr0.0_cr1.0421orig.jpg","{'Atelectasis': 0, 'Cardiomegaly': 0, 'Consolidation': 0, 'Edema': 0, 'Enlarged Cardiomediastinum': 0, 'Fracture': 0, 'Lung Lesion': 0, 'Lung Opacity': 0, 'No Finding': 1, 'Pleural Effusion': 0, 'Pleural Other': 0, 'Pneumonia': 0, 'Pneumothorax': 0, 'Support Devices': 0}"
"/home/michel/data/Text2Image/mimicxr_train_100/_val_e46_generate_text_top0.85r,edit/No acute cardiopulmonary process. Unremarkable chest radiographic examination/rank_0_000000_fr0.0_cr1.0422orig.jpg","{'Atelectasis': 0, 'Cardiomegaly': 0, 'Consolidation': 0, 'Edema': 0, 'Enlarged Cardiomediastinum': 0, 'Fracture': 0, 'Lung Lesion': 0, 'Lung Opacity': 0, 'No Finding': 1, 'Pleural Effusion': 0, 'Pleural Other': 0, 'Pneumonia': 0, 'Pneumothorax': 0, 'Support Devices': 0}"
"/home/michel/data/Text2Image/mimicxr_train_100/_val_e46_generate_text_top0.85r,edit/No acute cardiopulmonary process. Unremarkable chest radiographic examination/rank_0_000000_fr0.0_cr1.0423orig.jpg","{'Atelectasis': 0, 'Cardiomegaly': 0, 'Consolidation': 0, 'Edema': 0, 'Enlarged Cardiomediastinum': 0, 'Fracture': 0, 'Lung Lesion': 0, 'Lung Opacity': 0, 'No Finding': 1, 'Pleural Effusion': 0, 'Pleural Other': 0, 'Pneumonia': 0, 'Pneumothorax': 0, 'Support Devices': 0}"
"/home/michel/data/Text2Image/mimicxr_train_100/_val_e46_generate_text_top0.85r,edit/No acute cardiopulmonary process. Unremarkable chest radiographic examination/rank_0_000000_fr0.0_cr1.0424orig.jpg","{'Atelectasis': 0, 'Cardiomegaly': 0, 'Consolidation': 0, 'Edema': 0, 'Enlarged Cardiomediastinum': 0, 'Fracture': 0, 'Lung Lesion': 0, 'Lung Opacity': 0, 'No Finding': 1, 'Pleural Effusion': 0, 'Pleural Other': 0, 'Pneumonia': 0, 'Pneumothorax': 0, 'Support Devices': 0}"
"/home/michel/data/Text2Image/mimicxr_train_100/_val_e46_generate_text_top0.85r,edit/No acute cardiopulmonary process. Unremarkable chest radiographic examination/rank_0_000000_fr0.0_cr1.0425orig.jpg","{'Atelectasis': 0, 'Cardiomegaly': 0, 'Consolidation': 0, 'Edema': 0, 'Enlarged Cardiomediastinum': 0, 'Fracture': 0, 'Lung Lesion': 0, 'Lung Opacity': 0, 'No Finding': 1, 'Pleural Effusion': 0, 'Pleural Other': 0, 'Pneumonia': 0, 'Pneumothorax': 0, 'Support Devices': 0}"
"/home/michel/data/Text2Image/mimicxr_train_100/_val_e46_generate_text_top0.85r,edit/No acute cardiopulmonary process. Unremarkable chest radiographic examination/rank_0_000000_fr0.0_cr1.0426orig.jpg","{'Atelectasis': 0, 'Cardiomegaly': 0, 'Consolidation': 0, 'Edema': 0, 'Enlarged Cardiomediastinum': 0, 'Fracture': 0, 'Lung Lesion': 0, 'Lung Opacity': 0, 'No Finding': 1, 'Pleural Effusion': 0, 'Pleural Other': 0, 'Pneumonia': 0, 'Pneumothorax': 0, 'Support Devices': 0}"
"/home/michel/data/Text2Image/mimicxr_train_100/_val_e46_generate_text_top0.85r,edit/No acute cardiopulmonary process. Unremarkable chest radiographic examination/rank_0_000000_fr0.0_cr1.0427orig.jpg","{'Atelectasis': 0, 'Cardiomegaly': 0, 'Consolidation': 0, 'Edema': 0, 'Enlarged Cardiomediastinum': 0, 'Fracture': 0, 'Lung Lesion': 0, 'Lung Opacity': 0, 'No Finding': 1, 'Pleural Effusion': 0, 'Pleural Other': 0, 'Pneumonia': 0, 'Pneumothorax': 0, 'Support Devices': 0}"
"/home/michel/data/Text2Image/mimicxr_train_100/_val_e46_generate_text_top0.85r,edit/No acute cardiopulmonary process. Unremarkable chest radiographic examination/rank_0_000000_fr0.0_cr1.0428orig.jpg","{'Atelectasis': 0, 'Cardiomegaly': 0, 'Consolidation': 0, 'Edema': 0, 'Enlarged Cardiomediastinum': 0, 'Fracture': 0, 'Lung Lesion': 0, 'Lung Opacity': 0, 'No Finding': 1, 'Pleural Effusion': 0, 'Pleural Other': 0, 'Pneumonia': 0, 'Pneumothorax': 0, 'Support Devices': 0}"
"/home/michel/data/Text2Image/mimicxr_train_100/_val_e46_generate_text_top0.85r,edit/No acute cardiopulmonary process. Unremarkable chest radiographic examination/rank_0_000000_fr0.0_cr1.0429orig.jpg","{'Atelectasis': 0, 'Cardiomegaly': 0, 'Consolidation': 0, 'Edema': 0, 'Enlarged Cardiomediastinum': 0, 'Fracture': 0, 'Lung Lesion': 0, 'Lung Opacity': 0, 'No Finding': 1, 'Pleural Effusion': 0, 'Pleural Other': 0, 'Pneumonia': 0, 'Pneumothorax': 0, 'Support Devices': 0}"
"/home/michel/data/Text2Image/mimicxr_train_100/_val_e46_generate_text_top0.85r,edit/No acute cardiopulmonary process. Unremarkable chest radiographic examination/rank_0_000000_fr0.0_cr1.0430orig.jpg","{'Atelectasis': 0, 'Cardiomegaly': 0, 'Consolidation': 0, 'Edema': 0, 'Enlarged Cardiomediastinum': 0, 'Fracture': 0, 'Lung Lesion': 0, 'Lung Opacity': 0, 'No Finding': 1, 'Pleural Effusion': 0, 'Pleural Other': 0, 'Pneumonia': 0, 'Pneumothorax': 0, 'Support Devices': 0}"
"/home/michel/data/Text2Image/mimicxr_train_100/_val_e46_generate_text_top0.85r,edit/No acute cardiopulmonary process. Unremarkable chest radiographic examination/rank_0_000000_fr0.0_cr1.0431orig.jpg","{'Atelectasis': 0, 'Cardiomegaly': 0, 'Consolidation': 0, 'Edema': 0, 'Enlarged Cardiomediastinum': 0, 'Fracture': 0, 'Lung Lesion': 0, 'Lung Opacity': 0, 'No Finding': 1, 'Pleural Effusion': 0, 'Pleural Other': 0, 'Pneumonia': 0, 'Pneumothorax': 0, 'Support Devices': 0}"
"/home/michel/data/Text2Image/mimicxr_train_100/_val_e46_generate_text_top0.85r,edit/No acute cardiopulmonary process. Unremarkable chest radiographic examination/rank_0_000000_fr0.0_cr1.0432orig.jpg","{'Atelectasis': 0, 'Cardiomegaly': 0, 'Consolidation': 0, 'Edema': 0, 'Enlarged Cardiomediastinum': 0, 'Fracture': 0, 'Lung Lesion': 0, 'Lung Opacity': 0, 'No Finding': 1, 'Pleural Effusion': 0, 'Pleural Other': 0, 'Pneumonia': 0, 'Pneumothorax': 0, 'Support Devices': 0}"
"/home/michel/data/Text2Image/mimicxr_train_100/_val_e46_generate_text_top0.85r,edit/No acute cardiopulmonary process. Unremarkable chest radiographic examination/rank_0_000000_fr0.0_cr1.0433orig.jpg","{'Atelectasis': 0, 'Cardiomegaly': 0, 'Consolidation': 0, 'Edema': 0, 'Enlarged Cardiomediastinum': 0, 'Fracture': 0, 'Lung Lesion': 0, 'Lung Opacity': 0, 'No Finding': 1, 'Pleural Effusion': 0, 'Pleural Other': 0, 'Pneumonia': 0, 'Pneumothorax': 0, 'Support Devices': 0}"
"/home/michel/data/Text2Image/mimicxr_train_100/_val_e46_generate_text_top0.85r,edit/No acute cardiopulmonary process. Unremarkable chest radiographic examination/rank_0_000000_fr0.0_cr1.0434orig.jpg","{'Atelectasis': 0, 'Cardiomegaly': 0, 'Consolidation': 0, 'Edema': 0, 'Enlarged Cardiomediastinum': 0, 'Fracture': 0, 'Lung Lesion': 0, 'Lung Opacity': 0, 'No Finding': 1, 'Pleural Effusion': 0, 'Pleural Other': 0, 'Pneumonia': 0, 'Pneumothorax': 0, 'Support Devices': 0}"
"/home/michel/data/Text2Image/mimicxr_train_100/_val_e46_generate_text_top0.85r,edit/No acute cardiopulmonary process. Unremarkable chest radiographic examination/rank_0_000000_fr0.0_cr1.0435orig.jpg","{'Atelectasis': 0, 'Cardiomegaly': 0, 'Consolidation': 0, 'Edema': 0, 'Enlarged Cardiomediastinum': 0, 'Fracture': 0, 'Lung Lesion': 0, 'Lung Opacity': 0, 'No Finding': 1, 'Pleural Effusion': 0, 'Pleural Other': 0, 'Pneumonia': 0, 'Pneumothorax': 0, 'Support Devices': 1}"
"/home/michel/data/Text2Image/mimicxr_train_100/_val_e46_generate_text_top0.85r,edit/No acute cardiopulmonary process. Unremarkable chest radiographic examination/rank_0_000000_fr0.0_cr1.0436orig.jpg","{'Atelectasis': 0, 'Cardiomegaly': 0, 'Consolidation': 0, 'Edema': 0, 'Enlarged Cardiomediastinum': 0, 'Fracture': 0, 'Lung Lesion': 0, 'Lung Opacity': 0, 'No Finding': 1, 'Pleural Effusion': 0, 'Pleural Other': 0, 'Pneumonia': 0, 'Pneumothorax': 0, 'Support Devices': 0}"
"/home/michel/data/Text2Image/mimicxr_train_100/_val_e46_generate_text_top0.85r,edit/No acute cardiopulmonary process. Unremarkable chest radiographic examination/rank_0_000000_fr0.0_cr1.0437orig.jpg","{'Atelectasis': 0, 'Cardiomegaly': 0, 'Consolidation': 0, 'Edema': 0, 'Enlarged Cardiomediastinum': 0, 'Fracture': 0, 'Lung Lesion': 0, 'Lung Opacity': 0, 'No Finding': 1, 'Pleural Effusion': 0, 'Pleural Other': 0, 'Pneumonia': 0, 'Pneumothorax': 0, 'Support Devices': 0}"
"/home/michel/data/Text2Image/mimicxr_train_100/_val_e46_generate_text_top0.85r,edit/No acute cardiopulmonary process. Unremarkable chest radiographic examination/rank_0_000000_fr0.0_cr1.0438orig.jpg","{'Atelectasis': 0, 'Cardiomegaly': 0, 'Consolidation': 0, 'Edema': 0, 'Enlarged Cardiomediastinum': 0, 'Fracture': 0, 'Lung Lesion': 0, 'Lung Opacity': 0, 'No Finding': 1, 'Pleural Effusion': 0, 'Pleural Other': 0, 'Pneumonia': 0, 'Pneumothorax': 0, 'Support Devices': 0}"
"/home/michel/data/Text2Image/mimicxr_train_100/_val_e46_generate_text_top0.85r,edit/No acute cardiopulmonary process. Unremarkable chest radiographic examination/rank_0_000000_fr0.0_cr1.0439orig.jpg","{'Atelectasis': 0, 'Cardiomegaly': 0, 'Consolidation': 0, 'Edema': 0, 'Enlarged Cardiomediastinum': 0, 'Fracture': 0, 'Lung Lesion': 0, 'Lung Opacity': 0, 'No Finding': 1, 'Pleural Effusion': 0, 'Pleural Other': 0, 'Pneumonia': 0, 'Pneumothorax': 0, 'Support Devices': 0}"
"/home/michel/data/Text2Image/mimicxr_train_100/_val_e46_generate_text_top0.85r,edit/No acute cardiopulmonary process. Unremarkable chest radiographic examination/rank_0_000000_fr0.0_cr1.0440orig.jpg","{'Atelectasis': 0, 'Cardiomegaly': 0, 'Consolidation': 0, 'Edema': 0, 'Enlarged Cardiomediastinum': 0, 'Fracture': 0, 'Lung Lesion': 0, 'Lung Opacity': 0, 'No Finding': 1, 'Pleural Effusion': 0, 'Pleural Other': 0, 'Pneumonia': 0, 'Pneumothorax': 0, 'Support Devices': 0}"
"/home/michel/data/Text2Image/mimicxr_train_100/_val_e46_generate_text_top0.85r,edit/No acute cardiopulmonary process. Unremarkable chest radiographic examination/rank_0_000000_fr0.0_cr1.0441orig.jpg","{'Atelectasis': 0, 'Cardiomegaly': 0, 'Consolidation': 0, 'Edema': 0, 'Enlarged Cardiomediastinum': 0, 'Fracture': 0, 'Lung Lesion': 0, 'Lung Opacity': 0, 'No Finding': 1, 'Pleural Effusion': 0, 'Pleural Other': 0, 'Pneumonia': 0, 'Pneumothorax': 0, 'Support Devices': 1}"
"/home/michel/data/Text2Image/mimicxr_train_100/_val_e46_generate_text_top0.85r,edit/No acute cardiopulmonary process. Unremarkable chest radiographic examination/rank_0_000000_fr0.0_cr1.0442orig.jpg","{'Atelectasis': 0, 'Cardiomegaly': 0, 'Consolidation': 0, 'Edema': 0, 'Enlarged Cardiomediastinum': 0, 'Fracture': 0, 'Lung Lesion': 0, 'Lung Opacity': 0, 'No Finding': 1, 'Pleural Effusion': 0, 'Pleural Other': 0, 'Pneumonia': 0, 'Pneumothorax': 0, 'Support Devices': 1}"
"/home/michel/data/Text2Image/mimicxr_train_100/_val_e46_generate_text_top0.85r,edit/No acute cardiopulmonary process. Unremarkable chest radiographic examination/rank_0_000000_fr0.0_cr1.0443orig.jpg","{'Atelectasis': 0, 'Cardiomegaly': 0, 'Consolidation': 0, 'Edema': 0, 'Enlarged Cardiomediastinum': 0, 'Fracture': 0, 'Lung Lesion': 0, 'Lung Opacity': 0, 'No Finding': 1, 'Pleural Effusion': 0, 'Pleural Other': 0, 'Pneumonia': 0, 'Pneumothorax': 0, 'Support Devices': 0}"
"/home/michel/data/Text2Image/mimicxr_train_100/_val_e46_generate_text_top0.85r,edit/No acute cardiopulmonary process. Unremarkable chest radiographic examination/rank_0_000000_fr0.0_cr1.0444orig.jpg","{'Atelectasis': 0, 'Cardiomegaly': 0, 'Consolidation': 0, 'Edema': 0, 'Enlarged Cardiomediastinum': 0, 'Fracture': 0, 'Lung Lesion': 0, 'Lung Opacity': 0, 'No Finding': 1, 'Pleural Effusion': 0, 'Pleural Other': 0, 'Pneumonia': 0, 'Pneumothorax': 0, 'Support Devices': 1}"
"/home/michel/data/Text2Image/mimicxr_train_100/_val_e46_generate_text_top0.85r,edit/No acute cardiopulmonary process. Unremarkable chest radiographic examination/rank_0_000000_fr0.0_cr1.0445orig.jpg","{'Atelectasis': 0, 'Cardiomegaly': 0, 'Consolidation': 0, 'Edema': 0, 'Enlarged Cardiomediastinum': 0, 'Fracture': 0, 'Lung Lesion': 0, 'Lung Opacity': 0, 'No Finding': 1, 'Pleural Effusion': 0, 'Pleural Other': 0, 'Pneumonia': 0, 'Pneumothorax': 0, 'Support Devices': 0}"
"/home/michel/data/Text2Image/mimicxr_train_100/_val_e46_generate_text_top0.85r,edit/No acute cardiopulmonary process. Unremarkable chest radiographic examination/rank_0_000000_fr0.0_cr1.0446orig.jpg","{'Atelectasis': 0, 'Cardiomegaly': 0, 'Consolidation': 0, 'Edema': 0, 'Enlarged Cardiomediastinum': 0, 'Fracture': 0, 'Lung Lesion': 0, 'Lung Opacity': 0, 'No Finding': 1, 'Pleural Effusion': 0, 'Pleural Other': 0, 'Pneumonia': 0, 'Pneumothorax': 0, 'Support Devices': 1}"
"/home/michel/data/Text2Image/mimicxr_train_100/_val_e46_generate_text_top0.85r,edit/No acute cardiopulmonary process. Unremarkable chest radiographic examination/rank_0_000000_fr0.0_cr1.0447orig.jpg","{'Atelectasis': 0, 'Cardiomegaly': 0, 'Consolidation': 0, 'Edema': 0, 'Enlarged Cardiomediastinum': 0, 'Fracture': 0, 'Lung Lesion': 0, 'Lung Opacity': 0, 'No Finding': 1, 'Pleural Effusion': 0, 'Pleural Other': 0, 'Pneumonia': 0, 'Pneumothorax': 0, 'Support Devices': 0}"
"/home/michel/data/Text2Image/mimicxr_train_100/_val_e46_generate_text_top0.85r,edit/No acute cardiopulmonary process. Unremarkable chest radiographic examination/rank_0_000000_fr0.0_cr1.0448orig.jpg","{'Atelectasis': 0, 'Cardiomegaly': 0, 'Consolidation': 0, 'Edema': 0, 'Enlarged Cardiomediastinum': 0, 'Fracture': 0, 'Lung Lesion': 0, 'Lung Opacity': 0, 'No Finding': 1, 'Pleural Effusion': 0, 'Pleural Other': 0, 'Pneumonia': 0, 'Pneumothorax': 0, 'Support Devices': 0}"
"/home/michel/data/Text2Image/mimicxr_train_100/_val_e46_generate_text_top0.85r,edit/No acute cardiopulmonary process. Unremarkable chest radiographic examination/rank_0_000000_fr0.0_cr1.0449orig.jpg","{'Atelectasis': 0, 'Cardiomegaly': 0, 'Consolidation': 0, 'Edema': 0, 'Enlarged Cardiomediastinum': 0, 'Fracture': 0, 'Lung Lesion': 0, 'Lung Opacity': 0, 'No Finding': 1, 'Pleural Effusion': 0, 'Pleural Other': 0, 'Pneumonia': 0, 'Pneumothorax': 0, 'Support Devices': 0}"
"/home/michel/data/Text2Image/mimicxr_train_100/_val_e46_generate_text_top0.85r,edit/No acute cardiopulmonary process. Unremarkable chest radiographic examination/rank_0_000000_fr0.0_cr1.0450orig.jpg","{'Atelectasis': 0, 'Cardiomegaly': 0, 'Consolidation': 0, 'Edema': 0, 'Enlarged Cardiomediastinum': 0, 'Fracture': 0, 'Lung Lesion': 0, 'Lung Opacity': 0, 'No Finding': 1, 'Pleural Effusion': 0, 'Pleural Other': 0, 'Pneumonia': 0, 'Pneumothorax': 0, 'Support Devices': 0}"
"/home/michel/data/Text2Image/mimicxr_train_100/_val_e46_generate_text_top0.85r,edit/No acute cardiopulmonary process. Unremarkable chest radiographic examination/rank_0_000000_fr0.0_cr1.0451orig.jpg","{'Atelectasis': 0, 'Cardiomegaly': 0, 'Consolidation': 0, 'Edema': 0, 'Enlarged Cardiomediastinum': 0, 'Fracture': 0, 'Lung Lesion': 0, 'Lung Opacity': 0, 'No Finding': 1, 'Pleural Effusion': 0, 'Pleural Other': 0, 'Pneumonia': 0, 'Pneumothorax': 0, 'Support Devices': 0}"
"/home/michel/data/Text2Image/mimicxr_train_100/_val_e46_generate_text_top0.85r,edit/No acute cardiopulmonary process. Unremarkable chest radiographic examination/rank_0_000000_fr0.0_cr1.0452orig.jpg","{'Atelectasis': 0, 'Cardiomegaly': 0, 'Consolidation': 0, 'Edema': 0, 'Enlarged Cardiomediastinum': 0, 'Fracture': 0, 'Lung Lesion': 0, 'Lung Opacity': 0, 'No Finding': 1, 'Pleural Effusion': 0, 'Pleural Other': 0, 'Pneumonia': 0, 'Pneumothorax': 0, 'Support Devices': 0}"
"/home/michel/data/Text2Image/mimicxr_train_100/_val_e46_generate_text_top0.85r,edit/No acute cardiopulmonary process. Unremarkable chest radiographic examination/rank_0_000000_fr0.0_cr1.0453orig.jpg","{'Atelectasis': 0, 'Cardiomegaly': 0, 'Consolidation': 0, 'Edema': 0, 'Enlarged Cardiomediastinum': 0, 'Fracture': 0, 'Lung Lesion': 0, 'Lung Opacity': 0, 'No Finding': 1, 'Pleural Effusion': 0, 'Pleural Other': 0, 'Pneumonia': 0, 'Pneumothorax': 0, 'Support Devices': 0}"
"/home/michel/data/Text2Image/mimicxr_train_100/_val_e46_generate_text_top0.85r,edit/No acute cardiopulmonary process. Unremarkable chest radiographic examination/rank_0_000000_fr0.0_cr1.0454orig.jpg","{'Atelectasis': 0, 'Cardiomegaly': 0, 'Consolidation': 0, 'Edema': 0, 'Enlarged Cardiomediastinum': 0, 'Fracture': 0, 'Lung Lesion': 0, 'Lung Opacity': 0, 'No Finding': 1, 'Pleural Effusion': 0, 'Pleural Other': 0, 'Pneumonia': 0, 'Pneumothorax': 0, 'Support Devices': 0}"
"/home/michel/data/Text2Image/mimicxr_train_100/_val_e46_generate_text_top0.85r,edit/No acute cardiopulmonary process. Unremarkable chest radiographic examination/rank_0_000000_fr0.0_cr1.0455orig.jpg","{'Atelectasis': 0, 'Cardiomegaly': 0, 'Consolidation': 0, 'Edema': 0, 'Enlarged Cardiomediastinum': 0, 'Fracture': 0, 'Lung Lesion': 0, 'Lung Opacity': 0, 'No Finding': 1, 'Pleural Effusion': 0, 'Pleural Other': 0, 'Pneumonia': 0, 'Pneumothorax': 0, 'Support Devices': 0}"
"/home/michel/data/Text2Image/mimicxr_train_100/_val_e46_generate_text_top0.85r,edit/No acute cardiopulmonary process. Unremarkable chest radiographic examination/rank_0_000000_fr0.0_cr1.0456orig.jpg","{'Atelectasis': 0, 'Cardiomegaly': 0, 'Consolidation': 0, 'Edema': 0, 'Enlarged Cardiomediastinum': 0, 'Fracture': 0, 'Lung Lesion': 0, 'Lung Opacity': 0, 'No Finding': 1, 'Pleural Effusion': 0, 'Pleural Other': 0, 'Pneumonia': 0, 'Pneumothorax': 0, 'Support Devices': 0}"
"/home/michel/data/Text2Image/mimicxr_train_100/_val_e46_generate_text_top0.85r,edit/No acute cardiopulmonary process. Unremarkable chest radiographic examination/rank_0_000000_fr0.0_cr1.0457orig.jpg","{'Atelectasis': 0, 'Cardiomegaly': 0, 'Consolidation': 0, 'Edema': 0, 'Enlarged Cardiomediastinum': 0, 'Fracture': 0, 'Lung Lesion': 0, 'Lung Opacity': 0, 'No Finding': 1, 'Pleural Effusion': 0, 'Pleural Other': 0, 'Pneumonia': 0, 'Pneumothorax': 0, 'Support Devices': 0}"
"/home/michel/data/Text2Image/mimicxr_train_100/_val_e46_generate_text_top0.85r,edit/No acute cardiopulmonary process. Unremarkable chest radiographic examination/rank_0_000000_fr0.0_cr1.0458orig.jpg","{'Atelectasis': 0, 'Cardiomegaly': 0, 'Consolidation': 0, 'Edema': 0, 'Enlarged Cardiomediastinum': 0, 'Fracture': 0, 'Lung Lesion': 0, 'Lung Opacity': 0, 'No Finding': 1, 'Pleural Effusion': 0, 'Pleural Other': 0, 'Pneumonia': 0, 'Pneumothorax': 0, 'Support Devices': 1}"
"/home/michel/data/Text2Image/mimicxr_train_100/_val_e46_generate_text_top0.85r,edit/No acute cardiopulmonary process. Unremarkable chest radiographic examination/rank_0_000000_fr0.0_cr1.0459orig.jpg","{'Atelectasis': 0, 'Cardiomegaly': 0, 'Consolidation': 0, 'Edema': 0, 'Enlarged Cardiomediastinum': 0, 'Fracture': 0, 'Lung Lesion': 0, 'Lung Opacity': 0, 'No Finding': 1, 'Pleural Effusion': 0, 'Pleural Other': 0, 'Pneumonia': 0, 'Pneumothorax': 0, 'Support Devices': 0}"
"/home/michel/data/Text2Image/mimicxr_train_100/_val_e46_generate_text_top0.85r,edit/No acute cardiopulmonary process. Unremarkable chest radiographic examination/rank_0_000000_fr0.0_cr1.0460orig.jpg","{'Atelectasis': 0, 'Cardiomegaly': 0, 'Consolidation': 0, 'Edema': 0, 'Enlarged Cardiomediastinum': 0, 'Fracture': 0, 'Lung Lesion': 0, 'Lung Opacity': 0, 'No Finding': 1, 'Pleural Effusion': 0, 'Pleural Other': 0, 'Pneumonia': 0, 'Pneumothorax': 0, 'Support Devices': 0}"
"/home/michel/data/Text2Image/mimicxr_train_100/_val_e46_generate_text_top0.85r,edit/No acute cardiopulmonary process. Unremarkable chest radiographic examination/rank_0_000000_fr0.0_cr1.0461orig.jpg","{'Atelectasis': 0, 'Cardiomegaly': 0, 'Consolidation': 0, 'Edema': 0, 'Enlarged Cardiomediastinum': 0, 'Fracture': 0, 'Lung Lesion': 0, 'Lung Opacity': 0, 'No Finding': 1, 'Pleural Effusion': 0, 'Pleural Other': 0, 'Pneumonia': 0, 'Pneumothorax': 0, 'Support Devices': 0}"
"/home/michel/data/Text2Image/mimicxr_train_100/_val_e46_generate_text_top0.85r,edit/No acute cardiopulmonary process. Unremarkable chest radiographic examination/rank_0_000000_fr0.0_cr1.0462orig.jpg","{'Atelectasis': 0, 'Cardiomegaly': 0, 'Consolidation': 0, 'Edema': 0, 'Enlarged Cardiomediastinum': 0, 'Fracture': 0, 'Lung Lesion': 0, 'Lung Opacity': 0, 'No Finding': 1, 'Pleural Effusion': 0, 'Pleural Other': 0, 'Pneumonia': 0, 'Pneumothorax': 0, 'Support Devices': 0}"
"/home/michel/data/Text2Image/mimicxr_train_100/_val_e46_generate_text_top0.85r,edit/No acute cardiopulmonary process. Unremarkable chest radiographic examination/rank_0_000000_fr0.0_cr1.0463orig.jpg","{'Atelectasis': 0, 'Cardiomegaly': 0, 'Consolidation': 0, 'Edema': 0, 'Enlarged Cardiomediastinum': 0, 'Fracture': 0, 'Lung Lesion': 0, 'Lung Opacity': 0, 'No Finding': 1, 'Pleural Effusion': 0, 'Pleural Other': 0, 'Pneumonia': 0, 'Pneumothorax': 0, 'Support Devices': 1}"
"/home/michel/data/Text2Image/mimicxr_train_100/_val_e46_generate_text_top0.85r,edit/No acute cardiopulmonary process. Unremarkable chest radiographic examination/rank_0_000000_fr0.0_cr1.0464orig.jpg","{'Atelectasis': 0, 'Cardiomegaly': 0, 'Consolidation': 0, 'Edema': 0, 'Enlarged Cardiomediastinum': 0, 'Fracture': 0, 'Lung Lesion': 0, 'Lung Opacity': 0, 'No Finding': 1, 'Pleural Effusion': 0, 'Pleural Other': 0, 'Pneumonia': 0, 'Pneumothorax': 0, 'Support Devices': 0}"
"/home/michel/data/Text2Image/mimicxr_train_100/_val_e46_generate_text_top0.85r,edit/No acute cardiopulmonary process. Unremarkable chest radiographic examination/rank_0_000000_fr0.0_cr1.0465orig.jpg","{'Atelectasis': 0, 'Cardiomegaly': 0, 'Consolidation': 0, 'Edema': 0, 'Enlarged Cardiomediastinum': 0, 'Fracture': 0, 'Lung Lesion': 0, 'Lung Opacity': 0, 'No Finding': 1, 'Pleural Effusion': 0, 'Pleural Other': 0, 'Pneumonia': 0, 'Pneumothorax': 0, 'Support Devices': 0}"
"/home/michel/data/Text2Image/mimicxr_train_100/_val_e46_generate_text_top0.85r,edit/No acute cardiopulmonary process. Unremarkable chest radiographic examination/rank_0_000000_fr0.0_cr1.0466orig.jpg","{'Atelectasis': 0, 'Cardiomegaly': 0, 'Consolidation': 0, 'Edema': 0, 'Enlarged Cardiomediastinum': 0, 'Fracture': 0, 'Lung Lesion': 0, 'Lung Opacity': 0, 'No Finding': 1, 'Pleural Effusion': 0, 'Pleural Other': 0, 'Pneumonia': 0, 'Pneumothorax': 0, 'Support Devices': 0}"
"/home/michel/data/Text2Image/mimicxr_train_100/_val_e46_generate_text_top0.85r,edit/No acute cardiopulmonary process. Unremarkable chest radiographic examination/rank_0_000000_fr0.0_cr1.0467orig.jpg","{'Atelectasis': 0, 'Cardiomegaly': 0, 'Consolidation': 0, 'Edema': 0, 'Enlarged Cardiomediastinum': 0, 'Fracture': 0, 'Lung Lesion': 0, 'Lung Opacity': 0, 'No Finding': 1, 'Pleural Effusion': 0, 'Pleural Other': 0, 'Pneumonia': 0, 'Pneumothorax': 0, 'Support Devices': 0}"
"/home/michel/data/Text2Image/mimicxr_train_100/_val_e46_generate_text_top0.85r,edit/No acute cardiopulmonary process. Unremarkable chest radiographic examination/rank_0_000000_fr0.0_cr1.0468orig.jpg","{'Atelectasis': 0, 'Cardiomegaly': 0, 'Consolidation': 0, 'Edema': 0, 'Enlarged Cardiomediastinum': 0, 'Fracture': 0, 'Lung Lesion': 0, 'Lung Opacity': 0, 'No Finding': 1, 'Pleural Effusion': 0, 'Pleural Other': 0, 'Pneumonia': 0, 'Pneumothorax': 0, 'Support Devices': 0}"
"/home/michel/data/Text2Image/mimicxr_train_100/_val_e46_generate_text_top0.85r,edit/No acute cardiopulmonary process. Unremarkable chest radiographic examination/rank_0_000000_fr0.0_cr1.0469orig.jpg","{'Atelectasis': 0, 'Cardiomegaly': 0, 'Consolidation': 0, 'Edema': 0, 'Enlarged Cardiomediastinum': 0, 'Fracture': 0, 'Lung Lesion': 0, 'Lung Opacity': 0, 'No Finding': 1, 'Pleural Effusion': 0, 'Pleural Other': 0, 'Pneumonia': 0, 'Pneumothorax': 0, 'Support Devices': 0}"
"/home/michel/data/Text2Image/mimicxr_train_100/_val_e46_generate_text_top0.85r,edit/No acute cardiopulmonary process. Unremarkable chest radiographic examination/rank_0_000000_fr0.0_cr1.0470orig.jpg","{'Atelectasis': 0, 'Cardiomegaly': 0, 'Consolidation': 0, 'Edema': 0, 'Enlarged Cardiomediastinum': 0, 'Fracture': 0, 'Lung Lesion': 0, 'Lung Opacity': 0, 'No Finding': 1, 'Pleural Effusion': 0, 'Pleural Other': 0, 'Pneumonia': 0, 'Pneumothorax': 0, 'Support Devices': 0}"
"/home/michel/data/Text2Image/mimicxr_train_100/_val_e46_generate_text_top0.85r,edit/No acute cardiopulmonary process. Unremarkable chest radiographic examination/rank_0_000000_fr0.0_cr1.0471orig.jpg","{'Atelectasis': 0, 'Cardiomegaly': 0, 'Consolidation': 0, 'Edema': 0, 'Enlarged Cardiomediastinum': 0, 'Fracture': 0, 'Lung Lesion': 0, 'Lung Opacity': 0, 'No Finding': 1, 'Pleural Effusion': 0, 'Pleural Other': 0, 'Pneumonia': 0, 'Pneumothorax': 0, 'Support Devices': 0}"
"/home/michel/data/Text2Image/mimicxr_train_100/_val_e46_generate_text_top0.85r,edit/No acute cardiopulmonary process. Unremarkable chest radiographic examination/rank_0_000000_fr0.0_cr1.0472orig.jpg","{'Atelectasis': 0, 'Cardiomegaly': 0, 'Consolidation': 0, 'Edema': 0, 'Enlarged Cardiomediastinum': 0, 'Fracture': 0, 'Lung Lesion': 0, 'Lung Opacity': 0, 'No Finding': 1, 'Pleural Effusion': 0, 'Pleural Other': 0, 'Pneumonia': 0, 'Pneumothorax': 0, 'Support Devices': 0}"
"/home/michel/data/Text2Image/mimicxr_train_100/_val_e46_generate_text_top0.85r,edit/No acute cardiopulmonary process. Unremarkable chest radiographic examination/rank_0_000000_fr0.0_cr1.0473orig.jpg","{'Atelectasis': 0, 'Cardiomegaly': 0, 'Consolidation': 0, 'Edema': 0, 'Enlarged Cardiomediastinum': 0, 'Fracture': 0, 'Lung Lesion': 0, 'Lung Opacity': 0, 'No Finding': 1, 'Pleural Effusion': 0, 'Pleural Other': 0, 'Pneumonia': 0, 'Pneumothorax': 0, 'Support Devices': 0}"
"/home/michel/data/Text2Image/mimicxr_train_100/_val_e46_generate_text_top0.85r,edit/No acute cardiopulmonary process. Unremarkable chest radiographic examination/rank_0_000000_fr0.0_cr1.0474orig.jpg","{'Atelectasis': 0, 'Cardiomegaly': 0, 'Consolidation': 0, 'Edema': 0, 'Enlarged Cardiomediastinum': 0, 'Fracture': 0, 'Lung Lesion': 0, 'Lung Opacity': 0, 'No Finding': 1, 'Pleural Effusion': 0, 'Pleural Other': 0, 'Pneumonia': 0, 'Pneumothorax': 0, 'Support Devices': 0}"
"/home/michel/data/Text2Image/mimicxr_train_100/_val_e46_generate_text_top0.85r,edit/No acute cardiopulmonary process. Unremarkable chest radiographic examination/rank_0_000000_fr0.0_cr1.0475orig.jpg","{'Atelectasis': 0, 'Cardiomegaly': 0, 'Consolidation': 0, 'Edema': 0, 'Enlarged Cardiomediastinum': 0, 'Fracture': 0, 'Lung Lesion': 0, 'Lung Opacity': 0, 'No Finding': 1, 'Pleural Effusion': 0, 'Pleural Other': 0, 'Pneumonia': 0, 'Pneumothorax': 0, 'Support Devices': 0}"
"/home/michel/data/Text2Image/mimicxr_train_100/_val_e46_generate_text_top0.85r,edit/No acute cardiopulmonary process. Unremarkable chest radiographic examination/rank_0_000000_fr0.0_cr1.0476orig.jpg","{'Atelectasis': 0, 'Cardiomegaly': 0, 'Consolidation': 0, 'Edema': 0, 'Enlarged Cardiomediastinum': 0, 'Fracture': 0, 'Lung Lesion': 0, 'Lung Opacity': 0, 'No Finding': 1, 'Pleural Effusion': 0, 'Pleural Other': 0, 'Pneumonia': 0, 'Pneumothorax': 0, 'Support Devices': 0}"
"/home/michel/data/Text2Image/mimicxr_train_100/_val_e46_generate_text_top0.85r,edit/No acute cardiopulmonary process. Unremarkable chest radiographic examination/rank_0_000000_fr0.0_cr1.0477orig.jpg","{'Atelectasis': 0, 'Cardiomegaly': 0, 'Consolidation': 0, 'Edema': 0, 'Enlarged Cardiomediastinum': 0, 'Fracture': 0, 'Lung Lesion': 0, 'Lung Opacity': 0, 'No Finding': 1, 'Pleural Effusion': 0, 'Pleural Other': 0, 'Pneumonia': 0, 'Pneumothorax': 0, 'Support Devices': 1}"
"/home/michel/data/Text2Image/mimicxr_train_100/_val_e46_generate_text_top0.85r,edit/No acute cardiopulmonary process. Unremarkable chest radiographic examination/rank_0_000000_fr0.0_cr1.0478orig.jpg","{'Atelectasis': 0, 'Cardiomegaly': 0, 'Consolidation': 0, 'Edema': 0, 'Enlarged Cardiomediastinum': 0, 'Fracture': 0, 'Lung Lesion': 0, 'Lung Opacity': 0, 'No Finding': 1, 'Pleural Effusion': 0, 'Pleural Other': 0, 'Pneumonia': 0, 'Pneumothorax': 0, 'Support Devices': 1}"
"/home/michel/data/Text2Image/mimicxr_train_100/_val_e46_generate_text_top0.85r,edit/No acute cardiopulmonary process. Unremarkable chest radiographic examination/rank_0_000000_fr0.0_cr1.0479orig.jpg","{'Atelectasis': 0, 'Cardiomegaly': 0, 'Consolidation': 0, 'Edema': 0, 'Enlarged Cardiomediastinum': 0, 'Fracture': 0, 'Lung Lesion': 0, 'Lung Opacity': 0, 'No Finding': 1, 'Pleural Effusion': 0, 'Pleural Other': 0, 'Pneumonia': 0, 'Pneumothorax': 0, 'Support Devices': 0}"
"/home/michel/data/Text2Image/mimicxr_train_100/_val_e46_generate_text_top0.85r,edit/No acute cardiopulmonary process. Unremarkable chest radiographic examination/rank_0_000000_fr0.0_cr1.0480orig.jpg","{'Atelectasis': 0, 'Cardiomegaly': 0, 'Consolidation': 0, 'Edema': 0, 'Enlarged Cardiomediastinum': 0, 'Fracture': 0, 'Lung Lesion': 0, 'Lung Opacity': 0, 'No Finding': 1, 'Pleural Effusion': 0, 'Pleural Other': 0, 'Pneumonia': 0, 'Pneumothorax': 0, 'Support Devices': 0}"
"/home/michel/data/Text2Image/mimicxr_train_100/_val_e46_generate_text_top0.85r,edit/No acute cardiopulmonary process. Unremarkable chest radiographic examination/rank_0_000000_fr0.0_cr1.0481orig.jpg","{'Atelectasis': 0, 'Cardiomegaly': 0, 'Consolidation': 0, 'Edema': 0, 'Enlarged Cardiomediastinum': 0, 'Fracture': 0, 'Lung Lesion': 0, 'Lung Opacity': 0, 'No Finding': 1, 'Pleural Effusion': 0, 'Pleural Other': 0, 'Pneumonia': 0, 'Pneumothorax': 0, 'Support Devices': 0}"
"/home/michel/data/Text2Image/mimicxr_train_100/_val_e46_generate_text_top0.85r,edit/No acute cardiopulmonary process. Unremarkable chest radiographic examination/rank_0_000000_fr0.0_cr1.0482orig.jpg","{'Atelectasis': 0, 'Cardiomegaly': 0, 'Consolidation': 0, 'Edema': 0, 'Enlarged Cardiomediastinum': 0, 'Fracture': 0, 'Lung Lesion': 0, 'Lung Opacity': 0, 'No Finding': 1, 'Pleural Effusion': 0, 'Pleural Other': 0, 'Pneumonia': 0, 'Pneumothorax': 0, 'Support Devices': 0}"
"/home/michel/data/Text2Image/mimicxr_train_100/_val_e46_generate_text_top0.85r,edit/No acute cardiopulmonary process. Unremarkable chest radiographic examination/rank_0_000000_fr0.0_cr1.0483orig.jpg","{'Atelectasis': 0, 'Cardiomegaly': 0, 'Consolidation': 0, 'Edema': 0, 'Enlarged Cardiomediastinum': 0, 'Fracture': 0, 'Lung Lesion': 0, 'Lung Opacity': 0, 'No Finding': 1, 'Pleural Effusion': 0, 'Pleural Other': 0, 'Pneumonia': 0, 'Pneumothorax': 0, 'Support Devices': 0}"
"/home/michel/data/Text2Image/mimicxr_train_100/_val_e46_generate_text_top0.85r,edit/No acute cardiopulmonary process. Unremarkable chest radiographic examination/rank_0_000000_fr0.0_cr1.0484orig.jpg","{'Atelectasis': 0, 'Cardiomegaly': 0, 'Consolidation': 0, 'Edema': 0, 'Enlarged Cardiomediastinum': 0, 'Fracture': 0, 'Lung Lesion': 0, 'Lung Opacity': 0, 'No Finding': 1, 'Pleural Effusion': 0, 'Pleural Other': 0, 'Pneumonia': 0, 'Pneumothorax': 0, 'Support Devices': 0}"
"/home/michel/data/Text2Image/mimicxr_train_100/_val_e46_generate_text_top0.85r,edit/No acute cardiopulmonary process. Unremarkable chest radiographic examination/rank_0_000000_fr0.0_cr1.0485orig.jpg","{'Atelectasis': 0, 'Cardiomegaly': 0, 'Consolidation': 0, 'Edema': 0, 'Enlarged Cardiomediastinum': 0, 'Fracture': 0, 'Lung Lesion': 0, 'Lung Opacity': 0, 'No Finding': 1, 'Pleural Effusion': 0, 'Pleural Other': 0, 'Pneumonia': 0, 'Pneumothorax': 0, 'Support Devices': 0}"
"/home/michel/data/Text2Image/mimicxr_train_100/_val_e46_generate_text_top0.85r,edit/No acute cardiopulmonary process. Unremarkable chest radiographic examination/rank_0_000000_fr0.0_cr1.0486orig.jpg","{'Atelectasis': 0, 'Cardiomegaly': 0, 'Consolidation': 0, 'Edema': 0, 'Enlarged Cardiomediastinum': 0, 'Fracture': 0, 'Lung Lesion': 0, 'Lung Opacity': 0, 'No Finding': 1, 'Pleural Effusion': 0, 'Pleural Other': 0, 'Pneumonia': 0, 'Pneumothorax': 0, 'Support Devices': 0}"
"/home/michel/data/Text2Image/mimicxr_train_100/_val_e46_generate_text_top0.85r,edit/No acute cardiopulmonary process. Unremarkable chest radiographic examination/rank_0_000000_fr0.0_cr1.0487orig.jpg","{'Atelectasis': 0, 'Cardiomegaly': 0, 'Consolidation': 0, 'Edema': 0, 'Enlarged Cardiomediastinum': 0, 'Fracture': 0, 'Lung Lesion': 0, 'Lung Opacity': 0, 'No Finding': 1, 'Pleural Effusion': 0, 'Pleural Other': 0, 'Pneumonia': 0, 'Pneumothorax': 0, 'Support Devices': 0}"
"/home/michel/data/Text2Image/mimicxr_train_100/_val_e46_generate_text_top0.85r,edit/No acute cardiopulmonary process. Unremarkable chest radiographic examination/rank_0_000000_fr0.0_cr1.0488orig.jpg","{'Atelectasis': 0, 'Cardiomegaly': 0, 'Consolidation': 0, 'Edema': 0, 'Enlarged Cardiomediastinum': 0, 'Fracture': 0, 'Lung Lesion': 0, 'Lung Opacity': 0, 'No Finding': 1, 'Pleural Effusion': 0, 'Pleural Other': 0, 'Pneumonia': 0, 'Pneumothorax': 0, 'Support Devices': 0}"
"/home/michel/data/Text2Image/mimicxr_train_100/_val_e46_generate_text_top0.85r,edit/No acute cardiopulmonary process. Unremarkable chest radiographic examination/rank_0_000000_fr0.0_cr1.0489orig.jpg","{'Atelectasis': 0, 'Cardiomegaly': 0, 'Consolidation': 0, 'Edema': 0, 'Enlarged Cardiomediastinum': 0, 'Fracture': 0, 'Lung Lesion': 0, 'Lung Opacity': 0, 'No Finding': 1, 'Pleural Effusion': 0, 'Pleural Other': 0, 'Pneumonia': 0, 'Pneumothorax': 0, 'Support Devices': 0}"
"/home/michel/data/Text2Image/mimicxr_train_100/_val_e46_generate_text_top0.85r,edit/No acute cardiopulmonary process. Unremarkable chest radiographic examination/rank_0_000000_fr0.0_cr1.0490orig.jpg","{'Atelectasis': 0, 'Cardiomegaly': 0, 'Consolidation': 0, 'Edema': 0, 'Enlarged Cardiomediastinum': 0, 'Fracture': 0, 'Lung Lesion': 0, 'Lung Opacity': 0, 'No Finding': 1, 'Pleural Effusion': 0, 'Pleural Other': 0, 'Pneumonia': 0, 'Pneumothorax': 0, 'Support Devices': 0}"
"/home/michel/data/Text2Image/mimicxr_train_100/_val_e46_generate_text_top0.85r,edit/No acute cardiopulmonary process. Unremarkable chest radiographic examination/rank_0_000000_fr0.0_cr1.0491orig.jpg","{'Atelectasis': 0, 'Cardiomegaly': 0, 'Consolidation': 0, 'Edema': 0, 'Enlarged Cardiomediastinum': 0, 'Fracture': 0, 'Lung Lesion': 0, 'Lung Opacity': 0, 'No Finding': 1, 'Pleural Effusion': 0, 'Pleural Other': 0, 'Pneumonia': 0, 'Pneumothorax': 0, 'Support Devices': 0}"
"/home/michel/data/Text2Image/mimicxr_train_100/_val_e46_generate_text_top0.85r,edit/No acute cardiopulmonary process. Unremarkable chest radiographic examination/rank_0_000000_fr0.0_cr1.0492orig.jpg","{'Atelectasis': 0, 'Cardiomegaly': 0, 'Consolidation': 0, 'Edema': 0, 'Enlarged Cardiomediastinum': 0, 'Fracture': 0, 'Lung Lesion': 0, 'Lung Opacity': 0, 'No Finding': 1, 'Pleural Effusion': 0, 'Pleural Other': 0, 'Pneumonia': 0, 'Pneumothorax': 0, 'Support Devices': 0}"
"/home/michel/data/Text2Image/mimicxr_train_100/_val_e46_generate_text_top0.85r,edit/No acute cardiopulmonary process. Unremarkable chest radiographic examination/rank_0_000000_fr0.0_cr1.0493orig.jpg","{'Atelectasis': 0, 'Cardiomegaly': 0, 'Consolidation': 0, 'Edema': 0, 'Enlarged Cardiomediastinum': 0, 'Fracture': 0, 'Lung Lesion': 0, 'Lung Opacity': 0, 'No Finding': 1, 'Pleural Effusion': 0, 'Pleural Other': 0, 'Pneumonia': 0, 'Pneumothorax': 0, 'Support Devices': 0}"
"/home/michel/data/Text2Image/mimicxr_train_100/_val_e46_generate_text_top0.85r,edit/No acute cardiopulmonary process. Unremarkable chest radiographic examination/rank_0_000000_fr0.0_cr1.0494orig.jpg","{'Atelectasis': 0, 'Cardiomegaly': 0, 'Consolidation': 0, 'Edema': 0, 'Enlarged Cardiomediastinum': 0, 'Fracture': 0, 'Lung Lesion': 0, 'Lung Opacity': 0, 'No Finding': 1, 'Pleural Effusion': 0, 'Pleural Other': 0, 'Pneumonia': 0, 'Pneumothorax': 0, 'Support Devices': 0}"
"/home/michel/data/Text2Image/mimicxr_train_100/_val_e46_generate_text_top0.85r,edit/No acute cardiopulmonary process. Unremarkable chest radiographic examination/rank_0_000000_fr0.0_cr1.0495orig.jpg","{'Atelectasis': 0, 'Cardiomegaly': 0, 'Consolidation': 0, 'Edema': 0, 'Enlarged Cardiomediastinum': 0, 'Fracture': 0, 'Lung Lesion': 0, 'Lung Opacity': 0, 'No Finding': 1, 'Pleural Effusion': 0, 'Pleural Other': 0, 'Pneumonia': 0, 'Pneumothorax': 0, 'Support Devices': 0}"
"/home/michel/data/Text2Image/mimicxr_train_100/_val_e46_generate_text_top0.85r,edit/No acute cardiopulmonary process. Unremarkable chest radiographic examination/rank_0_000000_fr0.0_cr1.0496orig.jpg","{'Atelectasis': 0, 'Cardiomegaly': 0, 'Consolidation': 0, 'Edema': 0, 'Enlarged Cardiomediastinum': 0, 'Fracture': 0, 'Lung Lesion': 0, 'Lung Opacity': 0, 'No Finding': 1, 'Pleural Effusion': 0, 'Pleural Other': 0, 'Pneumonia': 0, 'Pneumothorax': 0, 'Support Devices': 0}"
"/home/michel/data/Text2Image/mimicxr_train_100/_val_e46_generate_text_top0.85r,edit/No acute cardiopulmonary process. Unremarkable chest radiographic examination/rank_0_000000_fr0.0_cr1.0497orig.jpg","{'Atelectasis': 0, 'Cardiomegaly': 0, 'Consolidation': 0, 'Edema': 0, 'Enlarged Cardiomediastinum': 0, 'Fracture': 0, 'Lung Lesion': 0, 'Lung Opacity': 0, 'No Finding': 1, 'Pleural Effusion': 0, 'Pleural Other': 0, 'Pneumonia': 0, 'Pneumothorax': 0, 'Support Devices': 0}"
"/home/michel/data/Text2Image/mimicxr_train_100/_val_e46_generate_text_top0.85r,edit/No acute cardiopulmonary process. Unremarkable chest radiographic examination/rank_0_000000_fr0.0_cr1.0498orig.jpg","{'Atelectasis': 0, 'Cardiomegaly': 0, 'Consolidation': 0, 'Edema': 0, 'Enlarged Cardiomediastinum': 0, 'Fracture': 0, 'Lung Lesion': 0, 'Lung Opacity': 0, 'No Finding': 1, 'Pleural Effusion': 0, 'Pleural Other': 0, 'Pneumonia': 0, 'Pneumothorax': 0, 'Support Devices': 0}"
"/home/michel/data/Text2Image/mimicxr_train_100/_val_e46_generate_text_top0.85r,edit/No acute cardiopulmonary process. Unremarkable chest radiographic examination/rank_0_000000_fr0.0_cr1.0499orig.jpg","{'Atelectasis': 0, 'Cardiomegaly': 0, 'Consolidation': 0, 'Edema': 0, 'Enlarged Cardiomediastinum': 0, 'Fracture': 0, 'Lung Lesion': 0, 'Lung Opacity': 0, 'No Finding': 1, 'Pleural Effusion': 0, 'Pleural Other': 0, 'Pneumonia': 0, 'Pneumothorax': 0, 'Support Devices': 0}"
"/home/michel/data/Text2Image/mimicxr_train_100/_val_e46_generate_text_top0.85r,edit/No acute cardiopulmonary process. Unremarkable chest radiographic examination/rank_0_000000_fr0.0_cr1.0500orig.jpg","{'Atelectasis': 0, 'Cardiomegaly': 0, 'Consolidation': 0, 'Edema': 0, 'Enlarged Cardiomediastinum': 0, 'Fracture': 0, 'Lung Lesion': 0, 'Lung Opacity': 0, 'No Finding': 1, 'Pleural Effusion': 0, 'Pleural Other': 0, 'Pneumonia': 0, 'Pneumothorax': 0, 'Support Devices': 1}"
"/home/michel/data/Text2Image/mimicxr_train_100/_val_e46_generate_text_top0.85r,edit/No acute cardiopulmonary process. Unremarkable chest radiographic examination/rank_0_000000_fr0.0_cr1.0501orig.jpg","{'Atelectasis': 0, 'Cardiomegaly': 0, 'Consolidation': 0, 'Edema': 0, 'Enlarged Cardiomediastinum': 0, 'Fracture': 0, 'Lung Lesion': 0, 'Lung Opacity': 0, 'No Finding': 1, 'Pleural Effusion': 0, 'Pleural Other': 0, 'Pneumonia': 0, 'Pneumothorax': 0, 'Support Devices': 0}"
"/home/michel/data/Text2Image/mimicxr_train_100/_val_e46_generate_text_top0.85r,edit/No acute cardiopulmonary process. Unremarkable chest radiographic examination/rank_0_000000_fr0.0_cr1.0502orig.jpg","{'Atelectasis': 0, 'Cardiomegaly': 0, 'Consolidation': 0, 'Edema': 0, 'Enlarged Cardiomediastinum': 0, 'Fracture': 0, 'Lung Lesion': 0, 'Lung Opacity': 0, 'No Finding': 1, 'Pleural Effusion': 0, 'Pleural Other': 0, 'Pneumonia': 0, 'Pneumothorax': 0, 'Support Devices': 0}"
"/home/michel/data/Text2Image/mimicxr_train_100/_val_e46_generate_text_top0.85r,edit/No acute cardiopulmonary process. Unremarkable chest radiographic examination/rank_0_000000_fr0.0_cr1.0503orig.jpg","{'Atelectasis': 0, 'Cardiomegaly': 0, 'Consolidation': 0, 'Edema': 0, 'Enlarged Cardiomediastinum': 0, 'Fracture': 0, 'Lung Lesion': 0, 'Lung Opacity': 0, 'No Finding': 1, 'Pleural Effusion': 0, 'Pleural Other': 0, 'Pneumonia': 0, 'Pneumothorax': 0, 'Support Devices': 0}"
"/home/michel/data/Text2Image/mimicxr_train_100/_val_e46_generate_text_top0.85r,edit/No acute cardiopulmonary process. Unremarkable chest radiographic examination/rank_0_000000_fr0.0_cr1.0504orig.jpg","{'Atelectasis': 0, 'Cardiomegaly': 0, 'Consolidation': 0, 'Edema': 0, 'Enlarged Cardiomediastinum': 0, 'Fracture': 0, 'Lung Lesion': 0, 'Lung Opacity': 0, 'No Finding': 1, 'Pleural Effusion': 0, 'Pleural Other': 0, 'Pneumonia': 0, 'Pneumothorax': 0, 'Support Devices': 0}"
"/home/michel/data/Text2Image/mimicxr_train_100/_val_e46_generate_text_top0.85r,edit/No acute cardiopulmonary process. Unremarkable chest radiographic examination/rank_0_000000_fr0.0_cr1.0505orig.jpg","{'Atelectasis': 0, 'Cardiomegaly': 0, 'Consolidation': 0, 'Edema': 0, 'Enlarged Cardiomediastinum': 0, 'Fracture': 0, 'Lung Lesion': 0, 'Lung Opacity': 0, 'No Finding': 1, 'Pleural Effusion': 0, 'Pleural Other': 0, 'Pneumonia': 0, 'Pneumothorax': 0, 'Support Devices': 0}"
"/home/michel/data/Text2Image/mimicxr_train_100/_val_e46_generate_text_top0.85r,edit/No acute cardiopulmonary process. Unremarkable chest radiographic examination/rank_0_000000_fr0.0_cr1.0506orig.jpg","{'Atelectasis': 0, 'Cardiomegaly': 0, 'Consolidation': 0, 'Edema': 0, 'Enlarged Cardiomediastinum': 0, 'Fracture': 0, 'Lung Lesion': 0, 'Lung Opacity': 0, 'No Finding': 1, 'Pleural Effusion': 0, 'Pleural Other': 0, 'Pneumonia': 0, 'Pneumothorax': 0, 'Support Devices': 0}"
"/home/michel/data/Text2Image/mimicxr_train_100/_val_e46_generate_text_top0.85r,edit/No acute cardiopulmonary process. Unremarkable chest radiographic examination/rank_0_000000_fr0.0_cr1.0507orig.jpg","{'Atelectasis': 0, 'Cardiomegaly': 0, 'Consolidation': 0, 'Edema': 0, 'Enlarged Cardiomediastinum': 0, 'Fracture': 0, 'Lung Lesion': 0, 'Lung Opacity': 0, 'No Finding': 1, 'Pleural Effusion': 0, 'Pleural Other': 0, 'Pneumonia': 0, 'Pneumothorax': 0, 'Support Devices': 0}"
"/home/michel/data/Text2Image/mimicxr_train_100/_val_e46_generate_text_top0.85r,edit/No acute cardiopulmonary process. Unremarkable chest radiographic examination/rank_0_000000_fr0.0_cr1.0508orig.jpg","{'Atelectasis': 0, 'Cardiomegaly': 0, 'Consolidation': 0, 'Edema': 0, 'Enlarged Cardiomediastinum': 0, 'Fracture': 0, 'Lung Lesion': 0, 'Lung Opacity': 0, 'No Finding': 1, 'Pleural Effusion': 0, 'Pleural Other': 0, 'Pneumonia': 0, 'Pneumothorax': 0, 'Support Devices': 0}"
"/home/michel/data/Text2Image/mimicxr_train_100/_val_e46_generate_text_top0.85r,edit/No acute cardiopulmonary process. Unremarkable chest radiographic examination/rank_0_000000_fr0.0_cr1.0509orig.jpg","{'Atelectasis': 0, 'Cardiomegaly': 0, 'Consolidation': 0, 'Edema': 0, 'Enlarged Cardiomediastinum': 0, 'Fracture': 0, 'Lung Lesion': 0, 'Lung Opacity': 0, 'No Finding': 1, 'Pleural Effusion': 0, 'Pleural Other': 0, 'Pneumonia': 0, 'Pneumothorax': 0, 'Support Devices': 0}"
"/home/michel/data/Text2Image/mimicxr_train_100/_val_e46_generate_text_top0.85r,edit/No acute cardiopulmonary process. Unremarkable chest radiographic examination/rank_0_000000_fr0.0_cr1.0510orig.jpg","{'Atelectasis': 0, 'Cardiomegaly': 0, 'Consolidation': 0, 'Edema': 0, 'Enlarged Cardiomediastinum': 0, 'Fracture': 0, 'Lung Lesion': 0, 'Lung Opacity': 0, 'No Finding': 1, 'Pleural Effusion': 0, 'Pleural Other': 0, 'Pneumonia': 0, 'Pneumothorax': 0, 'Support Devices': 0}"
"/home/michel/data/Text2Image/mimicxr_train_100/_val_e46_generate_text_top0.85r,edit/No acute cardiopulmonary process. Unremarkable chest radiographic examination/rank_0_000000_fr0.0_cr1.0511orig.jpg","{'Atelectasis': 0, 'Cardiomegaly': 0, 'Consolidation': 0, 'Edema': 0, 'Enlarged Cardiomediastinum': 0, 'Fracture': 0, 'Lung Lesion': 0, 'Lung Opacity': 0, 'No Finding': 1, 'Pleural Effusion': 0, 'Pleural Other': 0, 'Pneumonia': 0, 'Pneumothorax': 0, 'Support Devices': 0}"
"/home/michel/data/Text2Image/mimicxr_train_100/_val_e46_generate_text_top0.85r,edit/No acute cardiopulmonary process. Unremarkable chest radiographic examination/rank_0_000000_fr0.0_cr1.0512orig.jpg","{'Atelectasis': 0, 'Cardiomegaly': 0, 'Consolidation': 0, 'Edema': 0, 'Enlarged Cardiomediastinum': 0, 'Fracture': 0, 'Lung Lesion': 0, 'Lung Opacity': 0, 'No Finding': 1, 'Pleural Effusion': 0, 'Pleural Other': 0, 'Pneumonia': 0, 'Pneumothorax': 0, 'Support Devices': 1}"
"/home/michel/data/Text2Image/mimicxr_train_100/_val_e46_generate_text_top0.85r,edit/No acute cardiopulmonary process. Unremarkable chest radiographic examination/rank_0_000000_fr0.0_cr1.0513orig.jpg","{'Atelectasis': 0, 'Cardiomegaly': 0, 'Consolidation': 0, 'Edema': 0, 'Enlarged Cardiomediastinum': 0, 'Fracture': 0, 'Lung Lesion': 0, 'Lung Opacity': 0, 'No Finding': 1, 'Pleural Effusion': 0, 'Pleural Other': 0, 'Pneumonia': 0, 'Pneumothorax': 0, 'Support Devices': 0}"
"/home/michel/data/Text2Image/mimicxr_train_100/_val_e46_generate_text_top0.85r,edit/No acute cardiopulmonary process. Unremarkable chest radiographic examination/rank_0_000000_fr0.0_cr1.0514orig.jpg","{'Atelectasis': 0, 'Cardiomegaly': 0, 'Consolidation': 0, 'Edema': 0, 'Enlarged Cardiomediastinum': 0, 'Fracture': 0, 'Lung Lesion': 0, 'Lung Opacity': 0, 'No Finding': 1, 'Pleural Effusion': 0, 'Pleural Other': 0, 'Pneumonia': 0, 'Pneumothorax': 0, 'Support Devices': 0}"
"/home/michel/data/Text2Image/mimicxr_train_100/_val_e46_generate_text_top0.85r,edit/No acute cardiopulmonary process. Unremarkable chest radiographic examination/rank_0_000000_fr0.0_cr1.0515orig.jpg","{'Atelectasis': 0, 'Cardiomegaly': 0, 'Consolidation': 0, 'Edema': 0, 'Enlarged Cardiomediastinum': 0, 'Fracture': 0, 'Lung Lesion': 0, 'Lung Opacity': 0, 'No Finding': 1, 'Pleural Effusion': 0, 'Pleural Other': 0, 'Pneumonia': 0, 'Pneumothorax': 0, 'Support Devices': 1}"
"/home/michel/data/Text2Image/mimicxr_train_100/_val_e46_generate_text_top0.85r,edit/No acute cardiopulmonary process. Unremarkable chest radiographic examination/rank_0_000000_fr0.0_cr1.0516orig.jpg","{'Atelectasis': 0, 'Cardiomegaly': 0, 'Consolidation': 0, 'Edema': 0, 'Enlarged Cardiomediastinum': 0, 'Fracture': 0, 'Lung Lesion': 0, 'Lung Opacity': 0, 'No Finding': 1, 'Pleural Effusion': 0, 'Pleural Other': 0, 'Pneumonia': 0, 'Pneumothorax': 0, 'Support Devices': 1}"
"/home/michel/data/Text2Image/mimicxr_train_100/_val_e46_generate_text_top0.85r,edit/No acute cardiopulmonary process. Unremarkable chest radiographic examination/rank_0_000000_fr0.0_cr1.0517orig.jpg","{'Atelectasis': 0, 'Cardiomegaly': 0, 'Consolidation': 0, 'Edema': 0, 'Enlarged Cardiomediastinum': 0, 'Fracture': 0, 'Lung Lesion': 0, 'Lung Opacity': 0, 'No Finding': 1, 'Pleural Effusion': 0, 'Pleural Other': 0, 'Pneumonia': 0, 'Pneumothorax': 0, 'Support Devices': 0}"
"/home/michel/data/Text2Image/mimicxr_train_100/_val_e46_generate_text_top0.85r,edit/No acute cardiopulmonary process. Unremarkable chest radiographic examination/rank_0_000000_fr0.0_cr1.0518orig.jpg","{'Atelectasis': 0, 'Cardiomegaly': 0, 'Consolidation': 0, 'Edema': 0, 'Enlarged Cardiomediastinum': 0, 'Fracture': 0, 'Lung Lesion': 0, 'Lung Opacity': 0, 'No Finding': 1, 'Pleural Effusion': 0, 'Pleural Other': 0, 'Pneumonia': 0, 'Pneumothorax': 0, 'Support Devices': 0}"
"/home/michel/data/Text2Image/mimicxr_train_100/_val_e46_generate_text_top0.85r,edit/No acute cardiopulmonary process. Unremarkable chest radiographic examination/rank_0_000000_fr0.0_cr1.0519orig.jpg","{'Atelectasis': 0, 'Cardiomegaly': 0, 'Consolidation': 0, 'Edema': 0, 'Enlarged Cardiomediastinum': 0, 'Fracture': 0, 'Lung Lesion': 0, 'Lung Opacity': 0, 'No Finding': 1, 'Pleural Effusion': 0, 'Pleural Other': 0, 'Pneumonia': 0, 'Pneumothorax': 0, 'Support Devices': 0}"
"/home/michel/data/Text2Image/mimicxr_train_100/_val_e46_generate_text_top0.85r,edit/No acute cardiopulmonary process. Unremarkable chest radiographic examination/rank_0_000000_fr0.0_cr1.0520orig.jpg","{'Atelectasis': 0, 'Cardiomegaly': 0, 'Consolidation': 0, 'Edema': 0, 'Enlarged Cardiomediastinum': 0, 'Fracture': 0, 'Lung Lesion': 0, 'Lung Opacity': 0, 'No Finding': 1, 'Pleural Effusion': 0, 'Pleural Other': 0, 'Pneumonia': 0, 'Pneumothorax': 0, 'Support Devices': 1}"
"/home/michel/data/Text2Image/mimicxr_train_100/_val_e46_generate_text_top0.85r,edit/No acute cardiopulmonary process. Unremarkable chest radiographic examination/rank_0_000000_fr0.0_cr1.0521orig.jpg","{'Atelectasis': 0, 'Cardiomegaly': 0, 'Consolidation': 0, 'Edema': 0, 'Enlarged Cardiomediastinum': 0, 'Fracture': 0, 'Lung Lesion': 0, 'Lung Opacity': 0, 'No Finding': 1, 'Pleural Effusion': 0, 'Pleural Other': 0, 'Pneumonia': 0, 'Pneumothorax': 0, 'Support Devices': 0}"
"/home/michel/data/Text2Image/mimicxr_train_100/_val_e46_generate_text_top0.85r,edit/No acute cardiopulmonary process. Unremarkable chest radiographic examination/rank_0_000000_fr0.0_cr1.0522orig.jpg","{'Atelectasis': 0, 'Cardiomegaly': 0, 'Consolidation': 0, 'Edema': 0, 'Enlarged Cardiomediastinum': 0, 'Fracture': 0, 'Lung Lesion': 0, 'Lung Opacity': 0, 'No Finding': 1, 'Pleural Effusion': 0, 'Pleural Other': 0, 'Pneumonia': 0, 'Pneumothorax': 0, 'Support Devices': 1}"
"/home/michel/data/Text2Image/mimicxr_train_100/_val_e46_generate_text_top0.85r,edit/No acute cardiopulmonary process. Unremarkable chest radiographic examination/rank_0_000000_fr0.0_cr1.0523orig.jpg","{'Atelectasis': 0, 'Cardiomegaly': 0, 'Consolidation': 0, 'Edema': 0, 'Enlarged Cardiomediastinum': 0, 'Fracture': 0, 'Lung Lesion': 0, 'Lung Opacity': 0, 'No Finding': 1, 'Pleural Effusion': 0, 'Pleural Other': 0, 'Pneumonia': 0, 'Pneumothorax': 0, 'Support Devices': 0}"
"/home/michel/data/Text2Image/mimicxr_train_100/_val_e46_generate_text_top0.85r,edit/No acute cardiopulmonary process. Unremarkable chest radiographic examination/rank_0_000000_fr0.0_cr1.0524orig.jpg","{'Atelectasis': 0, 'Cardiomegaly': 0, 'Consolidation': 0, 'Edema': 0, 'Enlarged Cardiomediastinum': 0, 'Fracture': 0, 'Lung Lesion': 0, 'Lung Opacity': 0, 'No Finding': 1, 'Pleural Effusion': 0, 'Pleural Other': 0, 'Pneumonia': 0, 'Pneumothorax': 0, 'Support Devices': 0}"
"/home/michel/data/Text2Image/mimicxr_train_100/_val_e46_generate_text_top0.85r,edit/No acute cardiopulmonary process. Unremarkable chest radiographic examination/rank_0_000000_fr0.0_cr1.0525orig.jpg","{'Atelectasis': 0, 'Cardiomegaly': 0, 'Consolidation': 0, 'Edema': 0, 'Enlarged Cardiomediastinum': 0, 'Fracture': 0, 'Lung Lesion': 0, 'Lung Opacity': 0, 'No Finding': 1, 'Pleural Effusion': 0, 'Pleural Other': 0, 'Pneumonia': 0, 'Pneumothorax': 0, 'Support Devices': 0}"
"/home/michel/data/Text2Image/mimicxr_train_100/_val_e46_generate_text_top0.85r,edit/No acute cardiopulmonary process. Unremarkable chest radiographic examination/rank_0_000000_fr0.0_cr1.0526orig.jpg","{'Atelectasis': 0, 'Cardiomegaly': 0, 'Consolidation': 0, 'Edema': 0, 'Enlarged Cardiomediastinum': 0, 'Fracture': 0, 'Lung Lesion': 0, 'Lung Opacity': 0, 'No Finding': 1, 'Pleural Effusion': 0, 'Pleural Other': 0, 'Pneumonia': 0, 'Pneumothorax': 0, 'Support Devices': 0}"
"/home/michel/data/Text2Image/mimicxr_train_100/_val_e46_generate_text_top0.85r,edit/No acute cardiopulmonary process. Unremarkable chest radiographic examination/rank_0_000000_fr0.0_cr1.0527orig.jpg","{'Atelectasis': 0, 'Cardiomegaly': 0, 'Consolidation': 0, 'Edema': 0, 'Enlarged Cardiomediastinum': 0, 'Fracture': 0, 'Lung Lesion': 0, 'Lung Opacity': 0, 'No Finding': 1, 'Pleural Effusion': 0, 'Pleural Other': 0, 'Pneumonia': 0, 'Pneumothorax': 0, 'Support Devices': 0}"
"/home/michel/data/Text2Image/mimicxr_train_100/_val_e46_generate_text_top0.85r,edit/No acute cardiopulmonary process. Unremarkable chest radiographic examination/rank_0_000000_fr0.0_cr1.0528orig.jpg","{'Atelectasis': 0, 'Cardiomegaly': 0, 'Consolidation': 0, 'Edema': 0, 'Enlarged Cardiomediastinum': 0, 'Fracture': 0, 'Lung Lesion': 0, 'Lung Opacity': 0, 'No Finding': 1, 'Pleural Effusion': 0, 'Pleural Other': 0, 'Pneumonia': 0, 'Pneumothorax': 0, 'Support Devices': 0}"
"/home/michel/data/Text2Image/mimicxr_train_100/_val_e46_generate_text_top0.85r,edit/No acute cardiopulmonary process. Unremarkable chest radiographic examination/rank_0_000000_fr0.0_cr1.0529orig.jpg","{'Atelectasis': 0, 'Cardiomegaly': 0, 'Consolidation': 0, 'Edema': 0, 'Enlarged Cardiomediastinum': 0, 'Fracture': 0, 'Lung Lesion': 0, 'Lung Opacity': 0, 'No Finding': 1, 'Pleural Effusion': 0, 'Pleural Other': 0, 'Pneumonia': 0, 'Pneumothorax': 0, 'Support Devices': 0}"
"/home/michel/data/Text2Image/mimicxr_train_100/_val_e46_generate_text_top0.85r,edit/No acute cardiopulmonary process. Unremarkable chest radiographic examination/rank_0_000000_fr0.0_cr1.0530orig.jpg","{'Atelectasis': 0, 'Cardiomegaly': 0, 'Consolidation': 0, 'Edema': 0, 'Enlarged Cardiomediastinum': 0, 'Fracture': 0, 'Lung Lesion': 0, 'Lung Opacity': 0, 'No Finding': 1, 'Pleural Effusion': 0, 'Pleural Other': 0, 'Pneumonia': 0, 'Pneumothorax': 0, 'Support Devices': 0}"
"/home/michel/data/Text2Image/mimicxr_train_100/_val_e46_generate_text_top0.85r,edit/No acute cardiopulmonary process. Unremarkable chest radiographic examination/rank_0_000000_fr0.0_cr1.0531orig.jpg","{'Atelectasis': 0, 'Cardiomegaly': 0, 'Consolidation': 0, 'Edema': 0, 'Enlarged Cardiomediastinum': 0, 'Fracture': 0, 'Lung Lesion': 0, 'Lung Opacity': 0, 'No Finding': 1, 'Pleural Effusion': 0, 'Pleural Other': 0, 'Pneumonia': 0, 'Pneumothorax': 0, 'Support Devices': 0}"
"/home/michel/data/Text2Image/mimicxr_train_100/_val_e46_generate_text_top0.85r,edit/No acute cardiopulmonary process. Unremarkable chest radiographic examination/rank_0_000000_fr0.0_cr1.0532orig.jpg","{'Atelectasis': 0, 'Cardiomegaly': 0, 'Consolidation': 0, 'Edema': 0, 'Enlarged Cardiomediastinum': 0, 'Fracture': 0, 'Lung Lesion': 0, 'Lung Opacity': 0, 'No Finding': 1, 'Pleural Effusion': 0, 'Pleural Other': 0, 'Pneumonia': 0, 'Pneumothorax': 0, 'Support Devices': 0}"
"/home/michel/data/Text2Image/mimicxr_train_100/_val_e46_generate_text_top0.85r,edit/No acute cardiopulmonary process. Unremarkable chest radiographic examination/rank_0_000000_fr0.0_cr1.0533orig.jpg","{'Atelectasis': 0, 'Cardiomegaly': 0, 'Consolidation': 0, 'Edema': 0, 'Enlarged Cardiomediastinum': 0, 'Fracture': 0, 'Lung Lesion': 0, 'Lung Opacity': 0, 'No Finding': 1, 'Pleural Effusion': 0, 'Pleural Other': 0, 'Pneumonia': 0, 'Pneumothorax': 0, 'Support Devices': 0}"
"/home/michel/data/Text2Image/mimicxr_train_100/_val_e46_generate_text_top0.85r,edit/No acute cardiopulmonary process. Unremarkable chest radiographic examination/rank_0_000000_fr0.0_cr1.0534orig.jpg","{'Atelectasis': 0, 'Cardiomegaly': 0, 'Consolidation': 0, 'Edema': 0, 'Enlarged Cardiomediastinum': 0, 'Fracture': 0, 'Lung Lesion': 0, 'Lung Opacity': 0, 'No Finding': 1, 'Pleural Effusion': 0, 'Pleural Other': 0, 'Pneumonia': 0, 'Pneumothorax': 0, 'Support Devices': 0}"
"/home/michel/data/Text2Image/mimicxr_train_100/_val_e46_generate_text_top0.85r,edit/No acute cardiopulmonary process. Unremarkable chest radiographic examination/rank_0_000000_fr0.0_cr1.0535orig.jpg","{'Atelectasis': 0, 'Cardiomegaly': 0, 'Consolidation': 0, 'Edema': 0, 'Enlarged Cardiomediastinum': 0, 'Fracture': 0, 'Lung Lesion': 0, 'Lung Opacity': 0, 'No Finding': 1, 'Pleural Effusion': 0, 'Pleural Other': 0, 'Pneumonia': 0, 'Pneumothorax': 0, 'Support Devices': 1}"
"/home/michel/data/Text2Image/mimicxr_train_100/_val_e46_generate_text_top0.85r,edit/No acute cardiopulmonary process. Unremarkable chest radiographic examination/rank_0_000000_fr0.0_cr1.0536orig.jpg","{'Atelectasis': 0, 'Cardiomegaly': 0, 'Consolidation': 0, 'Edema': 0, 'Enlarged Cardiomediastinum': 0, 'Fracture': 0, 'Lung Lesion': 0, 'Lung Opacity': 0, 'No Finding': 1, 'Pleural Effusion': 0, 'Pleural Other': 0, 'Pneumonia': 0, 'Pneumothorax': 0, 'Support Devices': 0}"
"/home/michel/data/Text2Image/mimicxr_train_100/_val_e46_generate_text_top0.85r,edit/No acute cardiopulmonary process. Unremarkable chest radiographic examination/rank_0_000000_fr0.0_cr1.0537orig.jpg","{'Atelectasis': 0, 'Cardiomegaly': 0, 'Consolidation': 0, 'Edema': 0, 'Enlarged Cardiomediastinum': 0, 'Fracture': 0, 'Lung Lesion': 0, 'Lung Opacity': 0, 'No Finding': 1, 'Pleural Effusion': 0, 'Pleural Other': 0, 'Pneumonia': 0, 'Pneumothorax': 0, 'Support Devices': 0}"
"/home/michel/data/Text2Image/mimicxr_train_100/_val_e46_generate_text_top0.85r,edit/No acute cardiopulmonary process. Unremarkable chest radiographic examination/rank_0_000000_fr0.0_cr1.0538orig.jpg","{'Atelectasis': 0, 'Cardiomegaly': 0, 'Consolidation': 0, 'Edema': 0, 'Enlarged Cardiomediastinum': 0, 'Fracture': 0, 'Lung Lesion': 0, 'Lung Opacity': 0, 'No Finding': 1, 'Pleural Effusion': 0, 'Pleural Other': 0, 'Pneumonia': 0, 'Pneumothorax': 0, 'Support Devices': 0}"
"/home/michel/data/Text2Image/mimicxr_train_100/_val_e46_generate_text_top0.85r,edit/No acute cardiopulmonary process. Unremarkable chest radiographic examination/rank_0_000000_fr0.0_cr1.0539orig.jpg","{'Atelectasis': 0, 'Cardiomegaly': 0, 'Consolidation': 0, 'Edema': 0, 'Enlarged Cardiomediastinum': 0, 'Fracture': 0, 'Lung Lesion': 0, 'Lung Opacity': 0, 'No Finding': 1, 'Pleural Effusion': 0, 'Pleural Other': 0, 'Pneumonia': 0, 'Pneumothorax': 0, 'Support Devices': 0}"
"/home/michel/data/Text2Image/mimicxr_train_100/_val_e46_generate_text_top0.85r,edit/No acute cardiopulmonary process. Unremarkable chest radiographic examination/rank_0_000000_fr0.0_cr1.0540orig.jpg","{'Atelectasis': 0, 'Cardiomegaly': 0, 'Consolidation': 0, 'Edema': 0, 'Enlarged Cardiomediastinum': 0, 'Fracture': 0, 'Lung Lesion': 0, 'Lung Opacity': 0, 'No Finding': 1, 'Pleural Effusion': 0, 'Pleural Other': 0, 'Pneumonia': 0, 'Pneumothorax': 0, 'Support Devices': 0}"
"/home/michel/data/Text2Image/mimicxr_train_100/_val_e46_generate_text_top0.85r,edit/No acute cardiopulmonary process. Unremarkable chest radiographic examination/rank_0_000000_fr0.0_cr1.0541orig.jpg","{'Atelectasis': 0, 'Cardiomegaly': 0, 'Consolidation': 0, 'Edema': 0, 'Enlarged Cardiomediastinum': 0, 'Fracture': 0, 'Lung Lesion': 0, 'Lung Opacity': 0, 'No Finding': 1, 'Pleural Effusion': 0, 'Pleural Other': 0, 'Pneumonia': 0, 'Pneumothorax': 0, 'Support Devices': 1}"
"/home/michel/data/Text2Image/mimicxr_train_100/_val_e46_generate_text_top0.85r,edit/No acute cardiopulmonary process. Unremarkable chest radiographic examination/rank_0_000000_fr0.0_cr1.0542orig.jpg","{'Atelectasis': 0, 'Cardiomegaly': 0, 'Consolidation': 0, 'Edema': 0, 'Enlarged Cardiomediastinum': 0, 'Fracture': 0, 'Lung Lesion': 0, 'Lung Opacity': 0, 'No Finding': 1, 'Pleural Effusion': 0, 'Pleural Other': 0, 'Pneumonia': 0, 'Pneumothorax': 0, 'Support Devices': 0}"
"/home/michel/data/Text2Image/mimicxr_train_100/_val_e46_generate_text_top0.85r,edit/No acute cardiopulmonary process. Unremarkable chest radiographic examination/rank_0_000000_fr0.0_cr1.0543orig.jpg","{'Atelectasis': 0, 'Cardiomegaly': 0, 'Consolidation': 0, 'Edema': 0, 'Enlarged Cardiomediastinum': 0, 'Fracture': 0, 'Lung Lesion': 0, 'Lung Opacity': 0, 'No Finding': 1, 'Pleural Effusion': 0, 'Pleural Other': 0, 'Pneumonia': 0, 'Pneumothorax': 0, 'Support Devices': 0}"
"/home/michel/data/Text2Image/mimicxr_train_100/_val_e46_generate_text_top0.85r,edit/No acute cardiopulmonary process. Unremarkable chest radiographic examination/rank_0_000000_fr0.0_cr1.0544orig.jpg","{'Atelectasis': 0, 'Cardiomegaly': 0, 'Consolidation': 0, 'Edema': 0, 'Enlarged Cardiomediastinum': 0, 'Fracture': 0, 'Lung Lesion': 0, 'Lung Opacity': 0, 'No Finding': 1, 'Pleural Effusion': 0, 'Pleural Other': 0, 'Pneumonia': 0, 'Pneumothorax': 0, 'Support Devices': 0}"
"/home/michel/data/Text2Image/mimicxr_train_100/_val_e46_generate_text_top0.85r,edit/No acute cardiopulmonary process. Unremarkable chest radiographic examination/rank_0_000000_fr0.0_cr1.0545orig.jpg","{'Atelectasis': 0, 'Cardiomegaly': 0, 'Consolidation': 0, 'Edema': 0, 'Enlarged Cardiomediastinum': 0, 'Fracture': 0, 'Lung Lesion': 0, 'Lung Opacity': 0, 'No Finding': 1, 'Pleural Effusion': 0, 'Pleural Other': 0, 'Pneumonia': 0, 'Pneumothorax': 0, 'Support Devices': 1}"
"/home/michel/data/Text2Image/mimicxr_train_100/_val_e46_generate_text_top0.85r,edit/No acute cardiopulmonary process. Unremarkable chest radiographic examination/rank_0_000000_fr0.0_cr1.0546orig.jpg","{'Atelectasis': 0, 'Cardiomegaly': 0, 'Consolidation': 0, 'Edema': 0, 'Enlarged Cardiomediastinum': 0, 'Fracture': 0, 'Lung Lesion': 0, 'Lung Opacity': 0, 'No Finding': 1, 'Pleural Effusion': 0, 'Pleural Other': 0, 'Pneumonia': 0, 'Pneumothorax': 0, 'Support Devices': 1}"
"/home/michel/data/Text2Image/mimicxr_train_100/_val_e46_generate_text_top0.85r,edit/No acute cardiopulmonary process. Unremarkable chest radiographic examination/rank_0_000000_fr0.0_cr1.0547orig.jpg","{'Atelectasis': 0, 'Cardiomegaly': 0, 'Consolidation': 0, 'Edema': 0, 'Enlarged Cardiomediastinum': 0, 'Fracture': 0, 'Lung Lesion': 0, 'Lung Opacity': 0, 'No Finding': 1, 'Pleural Effusion': 0, 'Pleural Other': 0, 'Pneumonia': 0, 'Pneumothorax': 0, 'Support Devices': 0}"
"/home/michel/data/Text2Image/mimicxr_train_100/_val_e46_generate_text_top0.85r,edit/No acute cardiopulmonary process. Unremarkable chest radiographic examination/rank_0_000000_fr0.0_cr1.0548orig.jpg","{'Atelectasis': 0, 'Cardiomegaly': 0, 'Consolidation': 0, 'Edema': 0, 'Enlarged Cardiomediastinum': 0, 'Fracture': 0, 'Lung Lesion': 0, 'Lung Opacity': 0, 'No Finding': 1, 'Pleural Effusion': 0, 'Pleural Other': 0, 'Pneumonia': 0, 'Pneumothorax': 0, 'Support Devices': 0}"
"/home/michel/data/Text2Image/mimicxr_train_100/_val_e46_generate_text_top0.85r,edit/No acute cardiopulmonary process. Unremarkable chest radiographic examination/rank_0_000000_fr0.0_cr1.0549orig.jpg","{'Atelectasis': 0, 'Cardiomegaly': 0, 'Consolidation': 0, 'Edema': 0, 'Enlarged Cardiomediastinum': 0, 'Fracture': 0, 'Lung Lesion': 0, 'Lung Opacity': 0, 'No Finding': 1, 'Pleural Effusion': 0, 'Pleural Other': 0, 'Pneumonia': 0, 'Pneumothorax': 0, 'Support Devices': 0}"
"/home/michel/data/Text2Image/mimicxr_train_100/_val_e46_generate_text_top0.85r,edit/No acute cardiopulmonary process. Unremarkable chest radiographic examination/rank_0_000000_fr0.0_cr1.0550orig.jpg","{'Atelectasis': 0, 'Cardiomegaly': 0, 'Consolidation': 0, 'Edema': 0, 'Enlarged Cardiomediastinum': 0, 'Fracture': 0, 'Lung Lesion': 0, 'Lung Opacity': 0, 'No Finding': 1, 'Pleural Effusion': 0, 'Pleural Other': 0, 'Pneumonia': 0, 'Pneumothorax': 0, 'Support Devices': 0}"
"/home/michel/data/Text2Image/mimicxr_train_100/_val_e46_generate_text_top0.85r,edit/No acute cardiopulmonary process. Unremarkable chest radiographic examination/rank_0_000000_fr0.0_cr1.0551orig.jpg","{'Atelectasis': 0, 'Cardiomegaly': 0, 'Consolidation': 0, 'Edema': 0, 'Enlarged Cardiomediastinum': 0, 'Fracture': 0, 'Lung Lesion': 0, 'Lung Opacity': 0, 'No Finding': 1, 'Pleural Effusion': 0, 'Pleural Other': 0, 'Pneumonia': 0, 'Pneumothorax': 0, 'Support Devices': 0}"
"/home/michel/data/Text2Image/mimicxr_train_100/_val_e46_generate_text_top0.85r,edit/No acute cardiopulmonary process. Unremarkable chest radiographic examination/rank_0_000000_fr0.0_cr1.0552orig.jpg","{'Atelectasis': 0, 'Cardiomegaly': 0, 'Consolidation': 0, 'Edema': 0, 'Enlarged Cardiomediastinum': 0, 'Fracture': 0, 'Lung Lesion': 0, 'Lung Opacity': 0, 'No Finding': 1, 'Pleural Effusion': 0, 'Pleural Other': 0, 'Pneumonia': 0, 'Pneumothorax': 0, 'Support Devices': 0}"
"/home/michel/data/Text2Image/mimicxr_train_100/_val_e46_generate_text_top0.85r,edit/No acute cardiopulmonary process. Unremarkable chest radiographic examination/rank_0_000000_fr0.0_cr1.0553orig.jpg","{'Atelectasis': 0, 'Cardiomegaly': 0, 'Consolidation': 0, 'Edema': 0, 'Enlarged Cardiomediastinum': 0, 'Fracture': 0, 'Lung Lesion': 0, 'Lung Opacity': 0, 'No Finding': 1, 'Pleural Effusion': 0, 'Pleural Other': 0, 'Pneumonia': 0, 'Pneumothorax': 0, 'Support Devices': 0}"
"/home/michel/data/Text2Image/mimicxr_train_100/_val_e46_generate_text_top0.85r,edit/No acute cardiopulmonary process. Unremarkable chest radiographic examination/rank_0_000000_fr0.0_cr1.0554orig.jpg","{'Atelectasis': 0, 'Cardiomegaly': 0, 'Consolidation': 0, 'Edema': 0, 'Enlarged Cardiomediastinum': 0, 'Fracture': 0, 'Lung Lesion': 0, 'Lung Opacity': 0, 'No Finding': 1, 'Pleural Effusion': 0, 'Pleural Other': 0, 'Pneumonia': 0, 'Pneumothorax': 0, 'Support Devices': 0}"
"/home/michel/data/Text2Image/mimicxr_train_100/_val_e46_generate_text_top0.85r,edit/No acute cardiopulmonary process. Unremarkable chest radiographic examination/rank_0_000000_fr0.0_cr1.0555orig.jpg","{'Atelectasis': 0, 'Cardiomegaly': 0, 'Consolidation': 0, 'Edema': 0, 'Enlarged Cardiomediastinum': 0, 'Fracture': 0, 'Lung Lesion': 0, 'Lung Opacity': 0, 'No Finding': 1, 'Pleural Effusion': 0, 'Pleural Other': 0, 'Pneumonia': 0, 'Pneumothorax': 0, 'Support Devices': 0}"
"/home/michel/data/Text2Image/mimicxr_train_100/_val_e46_generate_text_top0.85r,edit/No acute cardiopulmonary process. Unremarkable chest radiographic examination/rank_0_000000_fr0.0_cr1.0556orig.jpg","{'Atelectasis': 0, 'Cardiomegaly': 0, 'Consolidation': 0, 'Edema': 0, 'Enlarged Cardiomediastinum': 0, 'Fracture': 0, 'Lung Lesion': 0, 'Lung Opacity': 0, 'No Finding': 1, 'Pleural Effusion': 0, 'Pleural Other': 0, 'Pneumonia': 0, 'Pneumothorax': 0, 'Support Devices': 0}"
"/home/michel/data/Text2Image/mimicxr_train_100/_val_e46_generate_text_top0.85r,edit/No acute cardiopulmonary process. Unremarkable chest radiographic examination/rank_0_000000_fr0.0_cr1.0557orig.jpg","{'Atelectasis': 0, 'Cardiomegaly': 0, 'Consolidation': 0, 'Edema': 0, 'Enlarged Cardiomediastinum': 0, 'Fracture': 0, 'Lung Lesion': 0, 'Lung Opacity': 0, 'No Finding': 1, 'Pleural Effusion': 0, 'Pleural Other': 0, 'Pneumonia': 0, 'Pneumothorax': 0, 'Support Devices': 0}"
"/home/michel/data/Text2Image/mimicxr_train_100/_val_e46_generate_text_top0.85r,edit/No acute cardiopulmonary process. Unremarkable chest radiographic examination/rank_0_000000_fr0.0_cr1.0558orig.jpg","{'Atelectasis': 0, 'Cardiomegaly': 0, 'Consolidation': 0, 'Edema': 0, 'Enlarged Cardiomediastinum': 0, 'Fracture': 0, 'Lung Lesion': 0, 'Lung Opacity': 0, 'No Finding': 1, 'Pleural Effusion': 0, 'Pleural Other': 0, 'Pneumonia': 0, 'Pneumothorax': 0, 'Support Devices': 0}"
"/home/michel/data/Text2Image/mimicxr_train_100/_val_e46_generate_text_top0.85r,edit/No acute cardiopulmonary process. Unremarkable chest radiographic examination/rank_0_000000_fr0.0_cr1.0559orig.jpg","{'Atelectasis': 0, 'Cardiomegaly': 0, 'Consolidation': 0, 'Edema': 0, 'Enlarged Cardiomediastinum': 0, 'Fracture': 0, 'Lung Lesion': 0, 'Lung Opacity': 0, 'No Finding': 1, 'Pleural Effusion': 0, 'Pleural Other': 0, 'Pneumonia': 0, 'Pneumothorax': 0, 'Support Devices': 0}"
"/home/michel/data/Text2Image/mimicxr_train_100/_val_e46_generate_text_top0.85r,edit/No acute cardiopulmonary process. Unremarkable chest radiographic examination/rank_0_000000_fr0.0_cr1.0560orig.jpg","{'Atelectasis': 0, 'Cardiomegaly': 0, 'Consolidation': 0, 'Edema': 0, 'Enlarged Cardiomediastinum': 0, 'Fracture': 0, 'Lung Lesion': 0, 'Lung Opacity': 0, 'No Finding': 1, 'Pleural Effusion': 0, 'Pleural Other': 0, 'Pneumonia': 0, 'Pneumothorax': 0, 'Support Devices': 0}"
"/home/michel/data/Text2Image/mimicxr_train_100/_val_e46_generate_text_top0.85r,edit/No acute cardiopulmonary process. Unremarkable chest radiographic examination/rank_0_000000_fr0.0_cr1.0561orig.jpg","{'Atelectasis': 0, 'Cardiomegaly': 0, 'Consolidation': 0, 'Edema': 0, 'Enlarged Cardiomediastinum': 0, 'Fracture': 0, 'Lung Lesion': 0, 'Lung Opacity': 0, 'No Finding': 1, 'Pleural Effusion': 0, 'Pleural Other': 0, 'Pneumonia': 0, 'Pneumothorax': 0, 'Support Devices': 0}"
"/home/michel/data/Text2Image/mimicxr_train_100/_val_e46_generate_text_top0.85r,edit/No acute cardiopulmonary process. Unremarkable chest radiographic examination/rank_0_000000_fr0.0_cr1.0562orig.jpg","{'Atelectasis': 0, 'Cardiomegaly': 0, 'Consolidation': 0, 'Edema': 0, 'Enlarged Cardiomediastinum': 0, 'Fracture': 0, 'Lung Lesion': 0, 'Lung Opacity': 0, 'No Finding': 1, 'Pleural Effusion': 0, 'Pleural Other': 0, 'Pneumonia': 0, 'Pneumothorax': 0, 'Support Devices': 0}"
"/home/michel/data/Text2Image/mimicxr_train_100/_val_e46_generate_text_top0.85r,edit/No acute cardiopulmonary process. Unremarkable chest radiographic examination/rank_0_000000_fr0.0_cr1.0563orig.jpg","{'Atelectasis': 0, 'Cardiomegaly': 0, 'Consolidation': 0, 'Edema': 0, 'Enlarged Cardiomediastinum': 0, 'Fracture': 0, 'Lung Lesion': 0, 'Lung Opacity': 0, 'No Finding': 1, 'Pleural Effusion': 0, 'Pleural Other': 0, 'Pneumonia': 0, 'Pneumothorax': 0, 'Support Devices': 0}"
"/home/michel/data/Text2Image/mimicxr_train_100/_val_e46_generate_text_top0.85r,edit/No acute cardiopulmonary process. Unremarkable chest radiographic examination/rank_0_000000_fr0.0_cr1.0564orig.jpg","{'Atelectasis': 0, 'Cardiomegaly': 0, 'Consolidation': 0, 'Edema': 0, 'Enlarged Cardiomediastinum': 0, 'Fracture': 0, 'Lung Lesion': 0, 'Lung Opacity': 0, 'No Finding': 1, 'Pleural Effusion': 0, 'Pleural Other': 0, 'Pneumonia': 0, 'Pneumothorax': 0, 'Support Devices': 0}"
"/home/michel/data/Text2Image/mimicxr_train_100/_val_e46_generate_text_top0.85r,edit/No acute cardiopulmonary process. Unremarkable chest radiographic examination/rank_0_000000_fr0.0_cr1.0565orig.jpg","{'Atelectasis': 0, 'Cardiomegaly': 0, 'Consolidation': 0, 'Edema': 0, 'Enlarged Cardiomediastinum': 0, 'Fracture': 0, 'Lung Lesion': 0, 'Lung Opacity': 0, 'No Finding': 1, 'Pleural Effusion': 0, 'Pleural Other': 0, 'Pneumonia': 0, 'Pneumothorax': 0, 'Support Devices': 0}"
"/home/michel/data/Text2Image/mimicxr_train_100/_val_e46_generate_text_top0.85r,edit/No acute cardiopulmonary process. Unremarkable chest radiographic examination/rank_0_000000_fr0.0_cr1.0566orig.jpg","{'Atelectasis': 0, 'Cardiomegaly': 0, 'Consolidation': 0, 'Edema': 0, 'Enlarged Cardiomediastinum': 0, 'Fracture': 0, 'Lung Lesion': 0, 'Lung Opacity': 0, 'No Finding': 1, 'Pleural Effusion': 0, 'Pleural Other': 0, 'Pneumonia': 0, 'Pneumothorax': 0, 'Support Devices': 0}"
"/home/michel/data/Text2Image/mimicxr_train_100/_val_e46_generate_text_top0.85r,edit/No acute cardiopulmonary process. Unremarkable chest radiographic examination/rank_0_000000_fr0.0_cr1.0567orig.jpg","{'Atelectasis': 0, 'Cardiomegaly': 0, 'Consolidation': 0, 'Edema': 0, 'Enlarged Cardiomediastinum': 0, 'Fracture': 0, 'Lung Lesion': 0, 'Lung Opacity': 0, 'No Finding': 1, 'Pleural Effusion': 0, 'Pleural Other': 0, 'Pneumonia': 0, 'Pneumothorax': 0, 'Support Devices': 0}"
"/home/michel/data/Text2Image/mimicxr_train_100/_val_e46_generate_text_top0.85r,edit/No acute cardiopulmonary process. Unremarkable chest radiographic examination/rank_0_000000_fr0.0_cr1.0568orig.jpg","{'Atelectasis': 0, 'Cardiomegaly': 0, 'Consolidation': 0, 'Edema': 0, 'Enlarged Cardiomediastinum': 0, 'Fracture': 0, 'Lung Lesion': 0, 'Lung Opacity': 0, 'No Finding': 1, 'Pleural Effusion': 0, 'Pleural Other': 0, 'Pneumonia': 0, 'Pneumothorax': 0, 'Support Devices': 0}"
"/home/michel/data/Text2Image/mimicxr_train_100/_val_e46_generate_text_top0.85r,edit/No acute cardiopulmonary process. Unremarkable chest radiographic examination/rank_0_000000_fr0.0_cr1.0569orig.jpg","{'Atelectasis': 0, 'Cardiomegaly': 0, 'Consolidation': 0, 'Edema': 0, 'Enlarged Cardiomediastinum': 0, 'Fracture': 0, 'Lung Lesion': 0, 'Lung Opacity': 0, 'No Finding': 1, 'Pleural Effusion': 0, 'Pleural Other': 0, 'Pneumonia': 0, 'Pneumothorax': 0, 'Support Devices': 0}"
"/home/michel/data/Text2Image/mimicxr_train_100/_val_e46_generate_text_top0.85r,edit/No acute cardiopulmonary process. Unremarkable chest radiographic examination/rank_0_000000_fr0.0_cr1.0570orig.jpg","{'Atelectasis': 0, 'Cardiomegaly': 0, 'Consolidation': 0, 'Edema': 0, 'Enlarged Cardiomediastinum': 0, 'Fracture': 0, 'Lung Lesion': 0, 'Lung Opacity': 0, 'No Finding': 1, 'Pleural Effusion': 0, 'Pleural Other': 0, 'Pneumonia': 0, 'Pneumothorax': 0, 'Support Devices': 0}"
"/home/michel/data/Text2Image/mimicxr_train_100/_val_e46_generate_text_top0.85r,edit/No acute cardiopulmonary process. Unremarkable chest radiographic examination/rank_0_000000_fr0.0_cr1.0571orig.jpg","{'Atelectasis': 0, 'Cardiomegaly': 0, 'Consolidation': 0, 'Edema': 0, 'Enlarged Cardiomediastinum': 0, 'Fracture': 0, 'Lung Lesion': 0, 'Lung Opacity': 0, 'No Finding': 1, 'Pleural Effusion': 0, 'Pleural Other': 0, 'Pneumonia': 0, 'Pneumothorax': 0, 'Support Devices': 0}"
"/home/michel/data/Text2Image/mimicxr_train_100/_val_e46_generate_text_top0.85r,edit/No acute cardiopulmonary process. Unremarkable chest radiographic examination/rank_0_000000_fr0.0_cr1.0572orig.jpg","{'Atelectasis': 0, 'Cardiomegaly': 0, 'Consolidation': 0, 'Edema': 0, 'Enlarged Cardiomediastinum': 0, 'Fracture': 0, 'Lung Lesion': 0, 'Lung Opacity': 0, 'No Finding': 1, 'Pleural Effusion': 0, 'Pleural Other': 0, 'Pneumonia': 0, 'Pneumothorax': 0, 'Support Devices': 0}"
"/home/michel/data/Text2Image/mimicxr_train_100/_val_e46_generate_text_top0.85r,edit/No acute cardiopulmonary process. Unremarkable chest radiographic examination/rank_0_000000_fr0.0_cr1.0573orig.jpg","{'Atelectasis': 0, 'Cardiomegaly': 0, 'Consolidation': 0, 'Edema': 0, 'Enlarged Cardiomediastinum': 0, 'Fracture': 0, 'Lung Lesion': 0, 'Lung Opacity': 0, 'No Finding': 1, 'Pleural Effusion': 0, 'Pleural Other': 0, 'Pneumonia': 0, 'Pneumothorax': 0, 'Support Devices': 0}"
"/home/michel/data/Text2Image/mimicxr_train_100/_val_e46_generate_text_top0.85r,edit/No acute cardiopulmonary process. Unremarkable chest radiographic examination/rank_0_000000_fr0.0_cr1.0574orig.jpg","{'Atelectasis': 0, 'Cardiomegaly': 0, 'Consolidation': 0, 'Edema': 0, 'Enlarged Cardiomediastinum': 0, 'Fracture': 0, 'Lung Lesion': 0, 'Lung Opacity': 0, 'No Finding': 1, 'Pleural Effusion': 0, 'Pleural Other': 0, 'Pneumonia': 0, 'Pneumothorax': 0, 'Support Devices': 0}"
"/home/michel/data/Text2Image/mimicxr_train_100/_val_e46_generate_text_top0.85r,edit/No acute cardiopulmonary process. Unremarkable chest radiographic examination/rank_0_000000_fr0.0_cr1.0575orig.jpg","{'Atelectasis': 0, 'Cardiomegaly': 0, 'Consolidation': 0, 'Edema': 0, 'Enlarged Cardiomediastinum': 0, 'Fracture': 0, 'Lung Lesion': 0, 'Lung Opacity': 0, 'No Finding': 1, 'Pleural Effusion': 0, 'Pleural Other': 0, 'Pneumonia': 0, 'Pneumothorax': 0, 'Support Devices': 0}"
"/home/michel/data/Text2Image/mimicxr_train_100/_val_e46_generate_text_top0.85r,edit/No acute cardiopulmonary process. Unremarkable chest radiographic examination/rank_0_000000_fr0.0_cr1.0576orig.jpg","{'Atelectasis': 0, 'Cardiomegaly': 0, 'Consolidation': 0, 'Edema': 0, 'Enlarged Cardiomediastinum': 0, 'Fracture': 0, 'Lung Lesion': 0, 'Lung Opacity': 0, 'No Finding': 1, 'Pleural Effusion': 0, 'Pleural Other': 0, 'Pneumonia': 0, 'Pneumothorax': 0, 'Support Devices': 0}"
"/home/michel/data/Text2Image/mimicxr_train_100/_val_e46_generate_text_top0.85r,edit/No acute cardiopulmonary process. Unremarkable chest radiographic examination/rank_0_000000_fr0.0_cr1.0577orig.jpg","{'Atelectasis': 0, 'Cardiomegaly': 0, 'Consolidation': 0, 'Edema': 0, 'Enlarged Cardiomediastinum': 0, 'Fracture': 0, 'Lung Lesion': 0, 'Lung Opacity': 0, 'No Finding': 1, 'Pleural Effusion': 0, 'Pleural Other': 0, 'Pneumonia': 0, 'Pneumothorax': 0, 'Support Devices': 0}"
"/home/michel/data/Text2Image/mimicxr_train_100/_val_e46_generate_text_top0.85r,edit/No acute cardiopulmonary process. Unremarkable chest radiographic examination/rank_0_000000_fr0.0_cr1.0578orig.jpg","{'Atelectasis': 0, 'Cardiomegaly': 0, 'Consolidation': 0, 'Edema': 0, 'Enlarged Cardiomediastinum': 0, 'Fracture': 0, 'Lung Lesion': 0, 'Lung Opacity': 0, 'No Finding': 1, 'Pleural Effusion': 0, 'Pleural Other': 0, 'Pneumonia': 0, 'Pneumothorax': 0, 'Support Devices': 0}"
"/home/michel/data/Text2Image/mimicxr_train_100/_val_e46_generate_text_top0.85r,edit/No acute cardiopulmonary process. Unremarkable chest radiographic examination/rank_0_000000_fr0.0_cr1.0579orig.jpg","{'Atelectasis': 0, 'Cardiomegaly': 0, 'Consolidation': 0, 'Edema': 0, 'Enlarged Cardiomediastinum': 0, 'Fracture': 0, 'Lung Lesion': 0, 'Lung Opacity': 0, 'No Finding': 1, 'Pleural Effusion': 0, 'Pleural Other': 0, 'Pneumonia': 0, 'Pneumothorax': 0, 'Support Devices': 0}"
"/home/michel/data/Text2Image/mimicxr_train_100/_val_e46_generate_text_top0.85r,edit/No acute cardiopulmonary process. Unremarkable chest radiographic examination/rank_0_000000_fr0.0_cr1.0580orig.jpg","{'Atelectasis': 0, 'Cardiomegaly': 0, 'Consolidation': 0, 'Edema': 0, 'Enlarged Cardiomediastinum': 0, 'Fracture': 0, 'Lung Lesion': 0, 'Lung Opacity': 0, 'No Finding': 1, 'Pleural Effusion': 0, 'Pleural Other': 0, 'Pneumonia': 0, 'Pneumothorax': 0, 'Support Devices': 0}"
"/home/michel/data/Text2Image/mimicxr_train_100/_val_e46_generate_text_top0.85r,edit/No acute cardiopulmonary process. Unremarkable chest radiographic examination/rank_0_000000_fr0.0_cr1.0581orig.jpg","{'Atelectasis': 0, 'Cardiomegaly': 0, 'Consolidation': 0, 'Edema': 0, 'Enlarged Cardiomediastinum': 0, 'Fracture': 0, 'Lung Lesion': 0, 'Lung Opacity': 0, 'No Finding': 1, 'Pleural Effusion': 0, 'Pleural Other': 0, 'Pneumonia': 0, 'Pneumothorax': 0, 'Support Devices': 0}"
"/home/michel/data/Text2Image/mimicxr_train_100/_val_e46_generate_text_top0.85r,edit/No acute cardiopulmonary process. Unremarkable chest radiographic examination/rank_0_000000_fr0.0_cr1.0582orig.jpg","{'Atelectasis': 0, 'Cardiomegaly': 0, 'Consolidation': 0, 'Edema': 0, 'Enlarged Cardiomediastinum': 0, 'Fracture': 0, 'Lung Lesion': 0, 'Lung Opacity': 0, 'No Finding': 1, 'Pleural Effusion': 0, 'Pleural Other': 0, 'Pneumonia': 0, 'Pneumothorax': 0, 'Support Devices': 0}"
"/home/michel/data/Text2Image/mimicxr_train_100/_val_e46_generate_text_top0.85r,edit/No acute cardiopulmonary process. Unremarkable chest radiographic examination/rank_0_000000_fr0.0_cr1.0583orig.jpg","{'Atelectasis': 0, 'Cardiomegaly': 0, 'Consolidation': 0, 'Edema': 0, 'Enlarged Cardiomediastinum': 0, 'Fracture': 0, 'Lung Lesion': 0, 'Lung Opacity': 0, 'No Finding': 1, 'Pleural Effusion': 0, 'Pleural Other': 0, 'Pneumonia': 0, 'Pneumothorax': 0, 'Support Devices': 0}"
"/home/michel/data/Text2Image/mimicxr_train_100/_val_e46_generate_text_top0.85r,edit/No acute cardiopulmonary process. Unremarkable chest radiographic examination/rank_0_000000_fr0.0_cr1.0584orig.jpg","{'Atelectasis': 0, 'Cardiomegaly': 0, 'Consolidation': 0, 'Edema': 0, 'Enlarged Cardiomediastinum': 0, 'Fracture': 0, 'Lung Lesion': 0, 'Lung Opacity': 0, 'No Finding': 1, 'Pleural Effusion': 0, 'Pleural Other': 0, 'Pneumonia': 0, 'Pneumothorax': 0, 'Support Devices': 0}"
"/home/michel/data/Text2Image/mimicxr_train_100/_val_e46_generate_text_top0.85r,edit/No acute cardiopulmonary process. Unremarkable chest radiographic examination/rank_0_000000_fr0.0_cr1.0585orig.jpg","{'Atelectasis': 0, 'Cardiomegaly': 0, 'Consolidation': 0, 'Edema': 0, 'Enlarged Cardiomediastinum': 0, 'Fracture': 0, 'Lung Lesion': 0, 'Lung Opacity': 0, 'No Finding': 1, 'Pleural Effusion': 0, 'Pleural Other': 0, 'Pneumonia': 0, 'Pneumothorax': 0, 'Support Devices': 0}"
"/home/michel/data/Text2Image/mimicxr_train_100/_val_e46_generate_text_top0.85r,edit/No acute cardiopulmonary process. Unremarkable chest radiographic examination/rank_0_000000_fr0.0_cr1.0586orig.jpg","{'Atelectasis': 0, 'Cardiomegaly': 0, 'Consolidation': 0, 'Edema': 0, 'Enlarged Cardiomediastinum': 0, 'Fracture': 0, 'Lung Lesion': 0, 'Lung Opacity': 0, 'No Finding': 1, 'Pleural Effusion': 0, 'Pleural Other': 0, 'Pneumonia': 0, 'Pneumothorax': 0, 'Support Devices': 0}"
"/home/michel/data/Text2Image/mimicxr_train_100/_val_e46_generate_text_top0.85r,edit/No acute cardiopulmonary process. Unremarkable chest radiographic examination/rank_0_000000_fr0.0_cr1.0587orig.jpg","{'Atelectasis': 0, 'Cardiomegaly': 0, 'Consolidation': 0, 'Edema': 0, 'Enlarged Cardiomediastinum': 0, 'Fracture': 0, 'Lung Lesion': 0, 'Lung Opacity': 0, 'No Finding': 1, 'Pleural Effusion': 0, 'Pleural Other': 0, 'Pneumonia': 0, 'Pneumothorax': 0, 'Support Devices': 0}"
"/home/michel/data/Text2Image/mimicxr_train_100/_val_e46_generate_text_top0.85r,edit/No acute cardiopulmonary process. Unremarkable chest radiographic examination/rank_0_000000_fr0.0_cr1.0588orig.jpg","{'Atelectasis': 0, 'Cardiomegaly': 0, 'Consolidation': 0, 'Edema': 0, 'Enlarged Cardiomediastinum': 0, 'Fracture': 0, 'Lung Lesion': 0, 'Lung Opacity': 0, 'No Finding': 1, 'Pleural Effusion': 0, 'Pleural Other': 0, 'Pneumonia': 0, 'Pneumothorax': 0, 'Support Devices': 0}"
"/home/michel/data/Text2Image/mimicxr_train_100/_val_e46_generate_text_top0.85r,edit/No acute cardiopulmonary process. Unremarkable chest radiographic examination/rank_0_000000_fr0.0_cr1.0589orig.jpg","{'Atelectasis': 0, 'Cardiomegaly': 0, 'Consolidation': 0, 'Edema': 0, 'Enlarged Cardiomediastinum': 0, 'Fracture': 0, 'Lung Lesion': 0, 'Lung Opacity': 0, 'No Finding': 1, 'Pleural Effusion': 0, 'Pleural Other': 0, 'Pneumonia': 0, 'Pneumothorax': 0, 'Support Devices': 0}"
"/home/michel/data/Text2Image/mimicxr_train_100/_val_e46_generate_text_top0.85r,edit/No acute cardiopulmonary process. Unremarkable chest radiographic examination/rank_0_000000_fr0.0_cr1.0590orig.jpg","{'Atelectasis': 0, 'Cardiomegaly': 0, 'Consolidation': 0, 'Edema': 0, 'Enlarged Cardiomediastinum': 0, 'Fracture': 0, 'Lung Lesion': 0, 'Lung Opacity': 0, 'No Finding': 1, 'Pleural Effusion': 0, 'Pleural Other': 0, 'Pneumonia': 0, 'Pneumothorax': 0, 'Support Devices': 0}"
"/home/michel/data/Text2Image/mimicxr_train_100/_val_e46_generate_text_top0.85r,edit/No acute cardiopulmonary process. Unremarkable chest radiographic examination/rank_0_000000_fr0.0_cr1.0591orig.jpg","{'Atelectasis': 0, 'Cardiomegaly': 0, 'Consolidation': 0, 'Edema': 0, 'Enlarged Cardiomediastinum': 0, 'Fracture': 0, 'Lung Lesion': 0, 'Lung Opacity': 0, 'No Finding': 1, 'Pleural Effusion': 0, 'Pleural Other': 0, 'Pneumonia': 0, 'Pneumothorax': 0, 'Support Devices': 0}"
"/home/michel/data/Text2Image/mimicxr_train_100/_val_e46_generate_text_top0.85r,edit/No acute cardiopulmonary process. Unremarkable chest radiographic examination/rank_0_000000_fr0.0_cr1.0592orig.jpg","{'Atelectasis': 0, 'Cardiomegaly': 0, 'Consolidation': 0, 'Edema': 0, 'Enlarged Cardiomediastinum': 0, 'Fracture': 0, 'Lung Lesion': 0, 'Lung Opacity': 0, 'No Finding': 1, 'Pleural Effusion': 0, 'Pleural Other': 0, 'Pneumonia': 0, 'Pneumothorax': 0, 'Support Devices': 0}"
"/home/michel/data/Text2Image/mimicxr_train_100/_val_e46_generate_text_top0.85r,edit/No acute cardiopulmonary process. Unremarkable chest radiographic examination/rank_0_000000_fr0.0_cr1.0593orig.jpg","{'Atelectasis': 0, 'Cardiomegaly': 0, 'Consolidation': 0, 'Edema': 0, 'Enlarged Cardiomediastinum': 0, 'Fracture': 0, 'Lung Lesion': 0, 'Lung Opacity': 0, 'No Finding': 1, 'Pleural Effusion': 0, 'Pleural Other': 0, 'Pneumonia': 0, 'Pneumothorax': 0, 'Support Devices': 0}"
"/home/michel/data/Text2Image/mimicxr_train_100/_val_e46_generate_text_top0.85r,edit/No acute cardiopulmonary process. Unremarkable chest radiographic examination/rank_0_000000_fr0.0_cr1.0594orig.jpg","{'Atelectasis': 0, 'Cardiomegaly': 0, 'Consolidation': 0, 'Edema': 0, 'Enlarged Cardiomediastinum': 0, 'Fracture': 0, 'Lung Lesion': 0, 'Lung Opacity': 0, 'No Finding': 1, 'Pleural Effusion': 0, 'Pleural Other': 0, 'Pneumonia': 0, 'Pneumothorax': 0, 'Support Devices': 0}"
"/home/michel/data/Text2Image/mimicxr_train_100/_val_e46_generate_text_top0.85r,edit/No acute cardiopulmonary process. Unremarkable chest radiographic examination/rank_0_000000_fr0.0_cr1.0595orig.jpg","{'Atelectasis': 0, 'Cardiomegaly': 0, 'Consolidation': 0, 'Edema': 0, 'Enlarged Cardiomediastinum': 0, 'Fracture': 0, 'Lung Lesion': 0, 'Lung Opacity': 0, 'No Finding': 1, 'Pleural Effusion': 0, 'Pleural Other': 0, 'Pneumonia': 0, 'Pneumothorax': 0, 'Support Devices': 0}"
"/home/michel/data/Text2Image/mimicxr_train_100/_val_e46_generate_text_top0.85r,edit/No acute cardiopulmonary process. Unremarkable chest radiographic examination/rank_0_000000_fr0.0_cr1.0596orig.jpg","{'Atelectasis': 0, 'Cardiomegaly': 0, 'Consolidation': 0, 'Edema': 0, 'Enlarged Cardiomediastinum': 0, 'Fracture': 0, 'Lung Lesion': 0, 'Lung Opacity': 0, 'No Finding': 1, 'Pleural Effusion': 0, 'Pleural Other': 0, 'Pneumonia': 0, 'Pneumothorax': 0, 'Support Devices': 0}"
"/home/michel/data/Text2Image/mimicxr_train_100/_val_e46_generate_text_top0.85r,edit/No acute cardiopulmonary process. Unremarkable chest radiographic examination/rank_0_000000_fr0.0_cr1.0597orig.jpg","{'Atelectasis': 0, 'Cardiomegaly': 0, 'Consolidation': 0, 'Edema': 0, 'Enlarged Cardiomediastinum': 0, 'Fracture': 0, 'Lung Lesion': 0, 'Lung Opacity': 0, 'No Finding': 1, 'Pleural Effusion': 0, 'Pleural Other': 0, 'Pneumonia': 0, 'Pneumothorax': 0, 'Support Devices': 1}"
"/home/michel/data/Text2Image/mimicxr_train_100/_val_e46_generate_text_top0.85r,edit/No acute cardiopulmonary process. Unremarkable chest radiographic examination/rank_0_000000_fr0.0_cr1.0598orig.jpg","{'Atelectasis': 0, 'Cardiomegaly': 0, 'Consolidation': 0, 'Edema': 0, 'Enlarged Cardiomediastinum': 0, 'Fracture': 0, 'Lung Lesion': 0, 'Lung Opacity': 0, 'No Finding': 1, 'Pleural Effusion': 0, 'Pleural Other': 0, 'Pneumonia': 0, 'Pneumothorax': 0, 'Support Devices': 0}"
"/home/michel/data/Text2Image/mimicxr_train_100/_val_e46_generate_text_top0.85r,edit/No acute cardiopulmonary process. Unremarkable chest radiographic examination/rank_0_000000_fr0.0_cr1.0599orig.jpg","{'Atelectasis': 0, 'Cardiomegaly': 0, 'Consolidation': 0, 'Edema': 0, 'Enlarged Cardiomediastinum': 0, 'Fracture': 0, 'Lung Lesion': 0, 'Lung Opacity': 0, 'No Finding': 1, 'Pleural Effusion': 0, 'Pleural Other': 0, 'Pneumonia': 0, 'Pneumothorax': 0, 'Support Devices': 1}"
"/home/michel/data/Text2Image/mimicxr_train_100/_val_e46_generate_text_top0.85r,edit/No acute cardiopulmonary process. Unremarkable chest radiographic examination/rank_0_000000_fr0.0_cr1.0600orig.jpg","{'Atelectasis': 0, 'Cardiomegaly': 0, 'Consolidation': 0, 'Edema': 0, 'Enlarged Cardiomediastinum': 0, 'Fracture': 0, 'Lung Lesion': 0, 'Lung Opacity': 0, 'No Finding': 1, 'Pleural Effusion': 0, 'Pleural Other': 0, 'Pneumonia': 0, 'Pneumothorax': 0, 'Support Devices': 0}"
"/home/michel/data/Text2Image/mimicxr_train_100/_val_e46_generate_text_top0.85r,edit/No acute cardiopulmonary process. Unremarkable chest radiographic examination/rank_0_000000_fr0.0_cr1.0601orig.jpg","{'Atelectasis': 0, 'Cardiomegaly': 0, 'Consolidation': 0, 'Edema': 0, 'Enlarged Cardiomediastinum': 0, 'Fracture': 0, 'Lung Lesion': 0, 'Lung Opacity': 0, 'No Finding': 1, 'Pleural Effusion': 0, 'Pleural Other': 0, 'Pneumonia': 0, 'Pneumothorax': 0, 'Support Devices': 0}"
"/home/michel/data/Text2Image/mimicxr_train_100/_val_e46_generate_text_top0.85r,edit/No acute cardiopulmonary process. Unremarkable chest radiographic examination/rank_0_000000_fr0.0_cr1.0602orig.jpg","{'Atelectasis': 0, 'Cardiomegaly': 0, 'Consolidation': 0, 'Edema': 0, 'Enlarged Cardiomediastinum': 0, 'Fracture': 0, 'Lung Lesion': 0, 'Lung Opacity': 0, 'No Finding': 1, 'Pleural Effusion': 0, 'Pleural Other': 0, 'Pneumonia': 0, 'Pneumothorax': 0, 'Support Devices': -1}"
"/home/michel/data/Text2Image/mimicxr_train_100/_val_e46_generate_text_top0.85r,edit/No acute cardiopulmonary process. Unremarkable chest radiographic examination/rank_0_000000_fr0.0_cr1.0603orig.jpg","{'Atelectasis': 0, 'Cardiomegaly': 0, 'Consolidation': 0, 'Edema': 0, 'Enlarged Cardiomediastinum': 0, 'Fracture': 0, 'Lung Lesion': 0, 'Lung Opacity': 0, 'No Finding': 1, 'Pleural Effusion': 0, 'Pleural Other': 0, 'Pneumonia': 0, 'Pneumothorax': 0, 'Support Devices': 0}"
"/home/michel/data/Text2Image/mimicxr_train_100/_val_e46_generate_text_top0.85r,edit/No acute cardiopulmonary process. Unremarkable chest radiographic examination/rank_0_000000_fr0.0_cr1.0604orig.jpg","{'Atelectasis': 0, 'Cardiomegaly': 0, 'Consolidation': 0, 'Edema': 0, 'Enlarged Cardiomediastinum': 0, 'Fracture': 0, 'Lung Lesion': 0, 'Lung Opacity': 0, 'No Finding': 1, 'Pleural Effusion': 0, 'Pleural Other': 0, 'Pneumonia': 0, 'Pneumothorax': 0, 'Support Devices': 0}"
"/home/michel/data/Text2Image/mimicxr_train_100/_val_e46_generate_text_top0.85r,edit/No acute cardiopulmonary process. Unremarkable chest radiographic examination/rank_0_000000_fr0.0_cr1.0605orig.jpg","{'Atelectasis': 0, 'Cardiomegaly': 0, 'Consolidation': 0, 'Edema': 0, 'Enlarged Cardiomediastinum': 0, 'Fracture': 0, 'Lung Lesion': 0, 'Lung Opacity': 0, 'No Finding': 1, 'Pleural Effusion': 0, 'Pleural Other': 0, 'Pneumonia': 0, 'Pneumothorax': 0, 'Support Devices': 0}"
"/home/michel/data/Text2Image/mimicxr_train_100/_val_e46_generate_text_top0.85r,edit/No acute cardiopulmonary process. Unremarkable chest radiographic examination/rank_0_000000_fr0.0_cr1.0606orig.jpg","{'Atelectasis': 0, 'Cardiomegaly': 0, 'Consolidation': 0, 'Edema': 0, 'Enlarged Cardiomediastinum': 0, 'Fracture': 0, 'Lung Lesion': 0, 'Lung Opacity': 0, 'No Finding': 1, 'Pleural Effusion': 0, 'Pleural Other': 0, 'Pneumonia': 0, 'Pneumothorax': 0, 'Support Devices': 0}"
"/home/michel/data/Text2Image/mimicxr_train_100/_val_e46_generate_text_top0.85r,edit/No acute cardiopulmonary process. Unremarkable chest radiographic examination/rank_0_000000_fr0.0_cr1.0607orig.jpg","{'Atelectasis': 0, 'Cardiomegaly': 0, 'Consolidation': 0, 'Edema': 0, 'Enlarged Cardiomediastinum': 0, 'Fracture': 0, 'Lung Lesion': 0, 'Lung Opacity': 0, 'No Finding': 1, 'Pleural Effusion': 0, 'Pleural Other': 0, 'Pneumonia': 0, 'Pneumothorax': 0, 'Support Devices': 0}"
"/home/michel/data/Text2Image/mimicxr_train_100/_val_e46_generate_text_top0.85r,edit/No acute cardiopulmonary process. Unremarkable chest radiographic examination/rank_0_000000_fr0.0_cr1.0608orig.jpg","{'Atelectasis': 0, 'Cardiomegaly': 0, 'Consolidation': 0, 'Edema': 0, 'Enlarged Cardiomediastinum': 0, 'Fracture': 0, 'Lung Lesion': 0, 'Lung Opacity': 0, 'No Finding': 1, 'Pleural Effusion': 0, 'Pleural Other': 0, 'Pneumonia': 0, 'Pneumothorax': 0, 'Support Devices': 0}"
"/home/michel/data/Text2Image/mimicxr_train_100/_val_e46_generate_text_top0.85r,edit/No acute cardiopulmonary process. Unremarkable chest radiographic examination/rank_0_000000_fr0.0_cr1.0609orig.jpg","{'Atelectasis': 0, 'Cardiomegaly': 0, 'Consolidation': 0, 'Edema': 0, 'Enlarged Cardiomediastinum': 0, 'Fracture': 0, 'Lung Lesion': 0, 'Lung Opacity': 0, 'No Finding': 1, 'Pleural Effusion': 0, 'Pleural Other': 0, 'Pneumonia': 0, 'Pneumothorax': 0, 'Support Devices': 0}"
"/home/michel/data/Text2Image/mimicxr_train_100/_val_e46_generate_text_top0.85r,edit/No acute cardiopulmonary process. Unremarkable chest radiographic examination/rank_0_000000_fr0.0_cr1.0610orig.jpg","{'Atelectasis': 0, 'Cardiomegaly': 0, 'Consolidation': 0, 'Edema': 0, 'Enlarged Cardiomediastinum': 0, 'Fracture': 0, 'Lung Lesion': 0, 'Lung Opacity': 0, 'No Finding': 1, 'Pleural Effusion': 0, 'Pleural Other': 0, 'Pneumonia': 0, 'Pneumothorax': 0, 'Support Devices': 0}"
"/home/michel/data/Text2Image/mimicxr_train_100/_val_e46_generate_text_top0.85r,edit/No acute cardiopulmonary process. Unremarkable chest radiographic examination/rank_0_000000_fr0.0_cr1.0611orig.jpg","{'Atelectasis': 0, 'Cardiomegaly': 0, 'Consolidation': 0, 'Edema': 0, 'Enlarged Cardiomediastinum': 0, 'Fracture': 0, 'Lung Lesion': 0, 'Lung Opacity': 0, 'No Finding': 1, 'Pleural Effusion': 0, 'Pleural Other': 0, 'Pneumonia': 0, 'Pneumothorax': 0, 'Support Devices': 0}"
"/home/michel/data/Text2Image/mimicxr_train_100/_val_e46_generate_text_top0.85r,edit/No acute cardiopulmonary process. Unremarkable chest radiographic examination/rank_0_000000_fr0.0_cr1.0612orig.jpg","{'Atelectasis': 0, 'Cardiomegaly': 0, 'Consolidation': 0, 'Edema': 0, 'Enlarged Cardiomediastinum': 0, 'Fracture': 0, 'Lung Lesion': 0, 'Lung Opacity': 0, 'No Finding': 1, 'Pleural Effusion': 0, 'Pleural Other': 0, 'Pneumonia': 0, 'Pneumothorax': 0, 'Support Devices': 0}"
"/home/michel/data/Text2Image/mimicxr_train_100/_val_e46_generate_text_top0.85r,edit/No acute cardiopulmonary process. Unremarkable chest radiographic examination/rank_0_000000_fr0.0_cr1.0613orig.jpg","{'Atelectasis': 0, 'Cardiomegaly': 0, 'Consolidation': 0, 'Edema': 0, 'Enlarged Cardiomediastinum': 0, 'Fracture': 0, 'Lung Lesion': 0, 'Lung Opacity': 0, 'No Finding': 1, 'Pleural Effusion': 0, 'Pleural Other': 0, 'Pneumonia': 0, 'Pneumothorax': 0, 'Support Devices': 0}"
"/home/michel/data/Text2Image/mimicxr_train_100/_val_e46_generate_text_top0.85r,edit/No acute cardiopulmonary process. Unremarkable chest radiographic examination/rank_0_000000_fr0.0_cr1.0614orig.jpg","{'Atelectasis': 0, 'Cardiomegaly': 0, 'Consolidation': 0, 'Edema': 0, 'Enlarged Cardiomediastinum': 0, 'Fracture': 0, 'Lung Lesion': 0, 'Lung Opacity': 0, 'No Finding': 1, 'Pleural Effusion': 0, 'Pleural Other': 0, 'Pneumonia': 0, 'Pneumothorax': 0, 'Support Devices': 0}"
"/home/michel/data/Text2Image/mimicxr_train_100/_val_e46_generate_text_top0.85r,edit/No acute cardiopulmonary process. Unremarkable chest radiographic examination/rank_0_000000_fr0.0_cr1.0615orig.jpg","{'Atelectasis': 0, 'Cardiomegaly': 0, 'Consolidation': 0, 'Edema': 0, 'Enlarged Cardiomediastinum': 0, 'Fracture': 0, 'Lung Lesion': 0, 'Lung Opacity': 0, 'No Finding': 1, 'Pleural Effusion': 0, 'Pleural Other': 0, 'Pneumonia': 0, 'Pneumothorax': 0, 'Support Devices': 1}"
"/home/michel/data/Text2Image/mimicxr_train_100/_val_e46_generate_text_top0.85r,edit/No acute cardiopulmonary process. Unremarkable chest radiographic examination/rank_0_000000_fr0.0_cr1.0616orig.jpg","{'Atelectasis': 0, 'Cardiomegaly': 0, 'Consolidation': 0, 'Edema': 0, 'Enlarged Cardiomediastinum': 0, 'Fracture': 0, 'Lung Lesion': 0, 'Lung Opacity': 0, 'No Finding': 1, 'Pleural Effusion': 0, 'Pleural Other': 0, 'Pneumonia': 0, 'Pneumothorax': 0, 'Support Devices': 0}"
"/home/michel/data/Text2Image/mimicxr_train_100/_val_e46_generate_text_top0.85r,edit/No acute cardiopulmonary process. Unremarkable chest radiographic examination/rank_0_000000_fr0.0_cr1.0617orig.jpg","{'Atelectasis': 0, 'Cardiomegaly': 0, 'Consolidation': 0, 'Edema': 0, 'Enlarged Cardiomediastinum': 0, 'Fracture': 0, 'Lung Lesion': 0, 'Lung Opacity': 0, 'No Finding': 1, 'Pleural Effusion': 0, 'Pleural Other': 0, 'Pneumonia': 0, 'Pneumothorax': 0, 'Support Devices': 0}"
"/home/michel/data/Text2Image/mimicxr_train_100/_val_e46_generate_text_top0.85r,edit/No acute cardiopulmonary process. Unremarkable chest radiographic examination/rank_0_000000_fr0.0_cr1.0618orig.jpg","{'Atelectasis': 0, 'Cardiomegaly': 0, 'Consolidation': 0, 'Edema': 0, 'Enlarged Cardiomediastinum': 0, 'Fracture': 0, 'Lung Lesion': 0, 'Lung Opacity': 0, 'No Finding': 1, 'Pleural Effusion': 0, 'Pleural Other': 0, 'Pneumonia': 0, 'Pneumothorax': 0, 'Support Devices': 0}"
"/home/michel/data/Text2Image/mimicxr_train_100/_val_e46_generate_text_top0.85r,edit/No acute cardiopulmonary process. Unremarkable chest radiographic examination/rank_0_000000_fr0.0_cr1.0619orig.jpg","{'Atelectasis': 0, 'Cardiomegaly': 0, 'Consolidation': 0, 'Edema': 0, 'Enlarged Cardiomediastinum': 0, 'Fracture': 0, 'Lung Lesion': 0, 'Lung Opacity': 0, 'No Finding': 1, 'Pleural Effusion': 0, 'Pleural Other': 0, 'Pneumonia': 0, 'Pneumothorax': 0, 'Support Devices': 0}"
"/home/michel/data/Text2Image/mimicxr_train_100/_val_e46_generate_text_top0.85r,edit/No acute cardiopulmonary process. Unremarkable chest radiographic examination/rank_0_000000_fr0.0_cr1.0620orig.jpg","{'Atelectasis': 0, 'Cardiomegaly': 0, 'Consolidation': 0, 'Edema': 0, 'Enlarged Cardiomediastinum': 0, 'Fracture': 0, 'Lung Lesion': 0, 'Lung Opacity': 0, 'No Finding': 1, 'Pleural Effusion': 0, 'Pleural Other': 0, 'Pneumonia': 0, 'Pneumothorax': 0, 'Support Devices': 0}"
"/home/michel/data/Text2Image/mimicxr_train_100/_val_e46_generate_text_top0.85r,edit/No acute cardiopulmonary process. Unremarkable chest radiographic examination/rank_0_000000_fr0.0_cr1.0621orig.jpg","{'Atelectasis': 0, 'Cardiomegaly': 0, 'Consolidation': 0, 'Edema': 0, 'Enlarged Cardiomediastinum': 0, 'Fracture': 0, 'Lung Lesion': 0, 'Lung Opacity': 0, 'No Finding': 1, 'Pleural Effusion': 0, 'Pleural Other': 0, 'Pneumonia': 0, 'Pneumothorax': 0, 'Support Devices': 0}"
"/home/michel/data/Text2Image/mimicxr_train_100/_val_e46_generate_text_top0.85r,edit/No acute cardiopulmonary process. Unremarkable chest radiographic examination/rank_0_000000_fr0.0_cr1.0622orig.jpg","{'Atelectasis': 0, 'Cardiomegaly': 0, 'Consolidation': 0, 'Edema': 0, 'Enlarged Cardiomediastinum': 0, 'Fracture': 0, 'Lung Lesion': 0, 'Lung Opacity': 0, 'No Finding': 1, 'Pleural Effusion': 0, 'Pleural Other': 0, 'Pneumonia': 0, 'Pneumothorax': 0, 'Support Devices': 0}"
"/home/michel/data/Text2Image/mimicxr_train_100/_val_e46_generate_text_top0.85r,edit/No acute cardiopulmonary process. Unremarkable chest radiographic examination/rank_0_000000_fr0.0_cr1.0623orig.jpg","{'Atelectasis': 0, 'Cardiomegaly': 0, 'Consolidation': 0, 'Edema': 0, 'Enlarged Cardiomediastinum': 0, 'Fracture': 0, 'Lung Lesion': 0, 'Lung Opacity': 0, 'No Finding': 1, 'Pleural Effusion': 0, 'Pleural Other': 0, 'Pneumonia': 0, 'Pneumothorax': 0, 'Support Devices': 0}"
"/home/michel/data/Text2Image/mimicxr_train_100/_val_e46_generate_text_top0.85r,edit/No acute cardiopulmonary process. Unremarkable chest radiographic examination/rank_0_000000_fr0.0_cr1.0624orig.jpg","{'Atelectasis': 0, 'Cardiomegaly': 0, 'Consolidation': 0, 'Edema': 0, 'Enlarged Cardiomediastinum': 0, 'Fracture': 0, 'Lung Lesion': 0, 'Lung Opacity': 0, 'No Finding': 1, 'Pleural Effusion': 0, 'Pleural Other': 0, 'Pneumonia': 0, 'Pneumothorax': 0, 'Support Devices': 0}"
"/home/michel/data/Text2Image/mimicxr_train_100/_val_e46_generate_text_top0.85r,edit/No acute cardiopulmonary process. Unremarkable chest radiographic examination/rank_0_000000_fr0.0_cr1.0625orig.jpg","{'Atelectasis': 0, 'Cardiomegaly': 0, 'Consolidation': 0, 'Edema': 0, 'Enlarged Cardiomediastinum': 0, 'Fracture': 0, 'Lung Lesion': 0, 'Lung Opacity': 0, 'No Finding': 1, 'Pleural Effusion': 0, 'Pleural Other': 0, 'Pneumonia': 0, 'Pneumothorax': 0, 'Support Devices': 0}"
"/home/michel/data/Text2Image/mimicxr_train_100/_val_e46_generate_text_top0.85r,edit/No acute cardiopulmonary process. Unremarkable chest radiographic examination/rank_0_000000_fr0.0_cr1.0626orig.jpg","{'Atelectasis': 0, 'Cardiomegaly': 0, 'Consolidation': 0, 'Edema': 0, 'Enlarged Cardiomediastinum': 0, 'Fracture': 0, 'Lung Lesion': 0, 'Lung Opacity': 0, 'No Finding': 1, 'Pleural Effusion': 0, 'Pleural Other': 0, 'Pneumonia': 0, 'Pneumothorax': 0, 'Support Devices': 1}"
"/home/michel/data/Text2Image/mimicxr_train_100/_val_e46_generate_text_top0.85r,edit/No acute cardiopulmonary process. Unremarkable chest radiographic examination/rank_0_000000_fr0.0_cr1.0627orig.jpg","{'Atelectasis': 0, 'Cardiomegaly': 0, 'Consolidation': 0, 'Edema': 0, 'Enlarged Cardiomediastinum': 0, 'Fracture': 0, 'Lung Lesion': 0, 'Lung Opacity': 0, 'No Finding': 1, 'Pleural Effusion': 0, 'Pleural Other': 0, 'Pneumonia': 0, 'Pneumothorax': 0, 'Support Devices': 0}"
"/home/michel/data/Text2Image/mimicxr_train_100/_val_e46_generate_text_top0.85r,edit/No acute cardiopulmonary process. Unremarkable chest radiographic examination/rank_0_000000_fr0.0_cr1.0628orig.jpg","{'Atelectasis': 0, 'Cardiomegaly': 0, 'Consolidation': 0, 'Edema': 0, 'Enlarged Cardiomediastinum': 0, 'Fracture': 0, 'Lung Lesion': 0, 'Lung Opacity': 0, 'No Finding': 1, 'Pleural Effusion': 0, 'Pleural Other': 0, 'Pneumonia': 0, 'Pneumothorax': 0, 'Support Devices': 0}"
"/home/michel/data/Text2Image/mimicxr_train_100/_val_e46_generate_text_top0.85r,edit/No acute cardiopulmonary process. Unremarkable chest radiographic examination/rank_0_000000_fr0.0_cr1.0629orig.jpg","{'Atelectasis': 0, 'Cardiomegaly': 0, 'Consolidation': 0, 'Edema': 0, 'Enlarged Cardiomediastinum': 0, 'Fracture': 0, 'Lung Lesion': 0, 'Lung Opacity': 0, 'No Finding': 1, 'Pleural Effusion': 0, 'Pleural Other': 0, 'Pneumonia': 0, 'Pneumothorax': 0, 'Support Devices': 0}"
"/home/michel/data/Text2Image/mimicxr_train_100/_val_e46_generate_text_top0.85r,edit/No acute cardiopulmonary process. Unremarkable chest radiographic examination/rank_0_000000_fr0.0_cr1.0630orig.jpg","{'Atelectasis': 0, 'Cardiomegaly': 0, 'Consolidation': 0, 'Edema': 0, 'Enlarged Cardiomediastinum': 0, 'Fracture': 0, 'Lung Lesion': 0, 'Lung Opacity': 0, 'No Finding': 1, 'Pleural Effusion': 0, 'Pleural Other': 0, 'Pneumonia': 0, 'Pneumothorax': 0, 'Support Devices': 0}"
"/home/michel/data/Text2Image/mimicxr_train_100/_val_e46_generate_text_top0.85r,edit/No acute cardiopulmonary process. Unremarkable chest radiographic examination/rank_0_000000_fr0.0_cr1.0631orig.jpg","{'Atelectasis': 0, 'Cardiomegaly': 0, 'Consolidation': 0, 'Edema': 0, 'Enlarged Cardiomediastinum': 0, 'Fracture': 0, 'Lung Lesion': 0, 'Lung Opacity': 0, 'No Finding': 1, 'Pleural Effusion': 0, 'Pleural Other': 0, 'Pneumonia': 0, 'Pneumothorax': 0, 'Support Devices': 0}"
"/home/michel/data/Text2Image/mimicxr_train_100/_val_e46_generate_text_top0.85r,edit/No acute cardiopulmonary process. Unremarkable chest radiographic examination/rank_0_000000_fr0.0_cr1.0632orig.jpg","{'Atelectasis': 0, 'Cardiomegaly': 0, 'Consolidation': 0, 'Edema': 0, 'Enlarged Cardiomediastinum': 0, 'Fracture': 0, 'Lung Lesion': 0, 'Lung Opacity': 0, 'No Finding': 1, 'Pleural Effusion': 0, 'Pleural Other': 0, 'Pneumonia': 0, 'Pneumothorax': 0, 'Support Devices': 1}"
"/home/michel/data/Text2Image/mimicxr_train_100/_val_e46_generate_text_top0.85r,edit/No acute cardiopulmonary process. Unremarkable chest radiographic examination/rank_0_000000_fr0.0_cr1.0633orig.jpg","{'Atelectasis': 0, 'Cardiomegaly': 0, 'Consolidation': 0, 'Edema': 0, 'Enlarged Cardiomediastinum': 0, 'Fracture': 0, 'Lung Lesion': 0, 'Lung Opacity': 0, 'No Finding': 1, 'Pleural Effusion': 0, 'Pleural Other': 0, 'Pneumonia': 0, 'Pneumothorax': 0, 'Support Devices': 0}"
"/home/michel/data/Text2Image/mimicxr_train_100/_val_e46_generate_text_top0.85r,edit/No acute cardiopulmonary process. Unremarkable chest radiographic examination/rank_0_000000_fr0.0_cr1.0634orig.jpg","{'Atelectasis': 0, 'Cardiomegaly': 0, 'Consolidation': 0, 'Edema': 0, 'Enlarged Cardiomediastinum': 0, 'Fracture': 0, 'Lung Lesion': 0, 'Lung Opacity': 0, 'No Finding': 1, 'Pleural Effusion': 0, 'Pleural Other': 0, 'Pneumonia': 0, 'Pneumothorax': 0, 'Support Devices': 0}"
"/home/michel/data/Text2Image/mimicxr_train_100/_val_e46_generate_text_top0.85r,edit/No acute cardiopulmonary process. Unremarkable chest radiographic examination/rank_0_000000_fr0.0_cr1.0635orig.jpg","{'Atelectasis': 0, 'Cardiomegaly': 0, 'Consolidation': 0, 'Edema': 0, 'Enlarged Cardiomediastinum': 0, 'Fracture': 0, 'Lung Lesion': 0, 'Lung Opacity': 0, 'No Finding': 1, 'Pleural Effusion': 0, 'Pleural Other': 0, 'Pneumonia': 0, 'Pneumothorax': 0, 'Support Devices': 0}"
"/home/michel/data/Text2Image/mimicxr_train_100/_val_e46_generate_text_top0.85r,edit/No acute cardiopulmonary process. Unremarkable chest radiographic examination/rank_0_000000_fr0.0_cr1.0636orig.jpg","{'Atelectasis': 0, 'Cardiomegaly': 0, 'Consolidation': 0, 'Edema': 0, 'Enlarged Cardiomediastinum': 0, 'Fracture': 0, 'Lung Lesion': 0, 'Lung Opacity': 0, 'No Finding': 1, 'Pleural Effusion': 0, 'Pleural Other': 0, 'Pneumonia': 0, 'Pneumothorax': 0, 'Support Devices': 1}"
"/home/michel/data/Text2Image/mimicxr_train_100/_val_e46_generate_text_top0.85r,edit/No acute cardiopulmonary process. Unremarkable chest radiographic examination/rank_0_000000_fr0.0_cr1.0637orig.jpg","{'Atelectasis': 0, 'Cardiomegaly': 0, 'Consolidation': 0, 'Edema': 0, 'Enlarged Cardiomediastinum': 0, 'Fracture': 0, 'Lung Lesion': 0, 'Lung Opacity': 0, 'No Finding': 1, 'Pleural Effusion': 0, 'Pleural Other': 0, 'Pneumonia': 0, 'Pneumothorax': 0, 'Support Devices': 0}"
"/home/michel/data/Text2Image/mimicxr_train_100/_val_e46_generate_text_top0.85r,edit/No acute cardiopulmonary process. Unremarkable chest radiographic examination/rank_0_000000_fr0.0_cr1.0638orig.jpg","{'Atelectasis': 0, 'Cardiomegaly': 0, 'Consolidation': 0, 'Edema': 0, 'Enlarged Cardiomediastinum': 0, 'Fracture': 0, 'Lung Lesion': 0, 'Lung Opacity': 0, 'No Finding': 1, 'Pleural Effusion': 0, 'Pleural Other': 0, 'Pneumonia': 0, 'Pneumothorax': 0, 'Support Devices': 1}"
"/home/michel/data/Text2Image/mimicxr_train_100/_val_e46_generate_text_top0.85r,edit/No acute cardiopulmonary process. Unremarkable chest radiographic examination/rank_0_000000_fr0.0_cr1.0639orig.jpg","{'Atelectasis': 0, 'Cardiomegaly': 0, 'Consolidation': 0, 'Edema': 0, 'Enlarged Cardiomediastinum': 0, 'Fracture': 0, 'Lung Lesion': 0, 'Lung Opacity': 0, 'No Finding': 1, 'Pleural Effusion': 0, 'Pleural Other': 0, 'Pneumonia': 0, 'Pneumothorax': 0, 'Support Devices': 0}"
"/home/michel/data/Text2Image/mimicxr_train_100/_val_e46_generate_text_top0.85r,edit/No acute cardiopulmonary process. Unremarkable chest radiographic examination/rank_0_000000_fr0.0_cr1.0640orig.jpg","{'Atelectasis': 0, 'Cardiomegaly': 0, 'Consolidation': 0, 'Edema': 0, 'Enlarged Cardiomediastinum': 0, 'Fracture': 0, 'Lung Lesion': 0, 'Lung Opacity': 0, 'No Finding': 1, 'Pleural Effusion': 0, 'Pleural Other': 0, 'Pneumonia': 0, 'Pneumothorax': 0, 'Support Devices': 0}"
"/home/michel/data/Text2Image/mimicxr_train_100/_val_e46_generate_text_top0.85r,edit/No acute cardiopulmonary process. Unremarkable chest radiographic examination/rank_0_000000_fr0.0_cr1.0641orig.jpg","{'Atelectasis': 0, 'Cardiomegaly': 0, 'Consolidation': 0, 'Edema': 0, 'Enlarged Cardiomediastinum': 0, 'Fracture': 0, 'Lung Lesion': 0, 'Lung Opacity': 0, 'No Finding': 1, 'Pleural Effusion': 0, 'Pleural Other': 0, 'Pneumonia': 0, 'Pneumothorax': 0, 'Support Devices': 0}"
"/home/michel/data/Text2Image/mimicxr_train_100/_val_e46_generate_text_top0.85r,edit/No acute cardiopulmonary process. Unremarkable chest radiographic examination/rank_0_000000_fr0.0_cr1.0642orig.jpg","{'Atelectasis': 0, 'Cardiomegaly': 0, 'Consolidation': 0, 'Edema': 0, 'Enlarged Cardiomediastinum': 0, 'Fracture': 0, 'Lung Lesion': 0, 'Lung Opacity': 0, 'No Finding': 1, 'Pleural Effusion': 0, 'Pleural Other': 0, 'Pneumonia': 0, 'Pneumothorax': 0, 'Support Devices': 0}"
"/home/michel/data/Text2Image/mimicxr_train_100/_val_e46_generate_text_top0.85r,edit/No acute cardiopulmonary process. Unremarkable chest radiographic examination/rank_0_000000_fr0.0_cr1.0643orig.jpg","{'Atelectasis': 0, 'Cardiomegaly': 0, 'Consolidation': 0, 'Edema': 0, 'Enlarged Cardiomediastinum': 0, 'Fracture': 0, 'Lung Lesion': 0, 'Lung Opacity': 0, 'No Finding': 1, 'Pleural Effusion': 0, 'Pleural Other': 0, 'Pneumonia': 0, 'Pneumothorax': 0, 'Support Devices': 1}"
"/home/michel/data/Text2Image/mimicxr_train_100/_val_e46_generate_text_top0.85r,edit/No acute cardiopulmonary process. Unremarkable chest radiographic examination/rank_0_000000_fr0.0_cr1.0644orig.jpg","{'Atelectasis': 0, 'Cardiomegaly': 0, 'Consolidation': 0, 'Edema': 0, 'Enlarged Cardiomediastinum': 0, 'Fracture': 0, 'Lung Lesion': 0, 'Lung Opacity': 0, 'No Finding': 1, 'Pleural Effusion': 0, 'Pleural Other': 0, 'Pneumonia': 0, 'Pneumothorax': 0, 'Support Devices': 1}"
"/home/michel/data/Text2Image/mimicxr_train_100/_val_e46_generate_text_top0.85r,edit/No acute cardiopulmonary process. Unremarkable chest radiographic examination/rank_0_000000_fr0.0_cr1.0645orig.jpg","{'Atelectasis': 0, 'Cardiomegaly': 0, 'Consolidation': 0, 'Edema': 0, 'Enlarged Cardiomediastinum': 0, 'Fracture': 0, 'Lung Lesion': 0, 'Lung Opacity': 0, 'No Finding': 1, 'Pleural Effusion': 0, 'Pleural Other': 0, 'Pneumonia': 0, 'Pneumothorax': 0, 'Support Devices': 1}"
"/home/michel/data/Text2Image/mimicxr_train_100/_val_e46_generate_text_top0.85r,edit/No acute cardiopulmonary process. Unremarkable chest radiographic examination/rank_0_000000_fr0.0_cr1.0646orig.jpg","{'Atelectasis': 0, 'Cardiomegaly': 0, 'Consolidation': 0, 'Edema': 0, 'Enlarged Cardiomediastinum': 0, 'Fracture': 0, 'Lung Lesion': 0, 'Lung Opacity': 0, 'No Finding': 1, 'Pleural Effusion': 0, 'Pleural Other': 0, 'Pneumonia': 0, 'Pneumothorax': 0, 'Support Devices': 1}"
"/home/michel/data/Text2Image/mimicxr_train_100/_val_e46_generate_text_top0.85r,edit/No acute cardiopulmonary process. Unremarkable chest radiographic examination/rank_0_000000_fr0.0_cr1.0647orig.jpg","{'Atelectasis': 0, 'Cardiomegaly': 0, 'Consolidation': 0, 'Edema': 0, 'Enlarged Cardiomediastinum': 0, 'Fracture': 0, 'Lung Lesion': 0, 'Lung Opacity': 0, 'No Finding': 1, 'Pleural Effusion': 0, 'Pleural Other': 0, 'Pneumonia': 0, 'Pneumothorax': 0, 'Support Devices': 0}"
"/home/michel/data/Text2Image/mimicxr_train_100/_val_e46_generate_text_top0.85r,edit/No acute cardiopulmonary process. Unremarkable chest radiographic examination/rank_0_000000_fr0.0_cr1.0648orig.jpg","{'Atelectasis': 0, 'Cardiomegaly': 0, 'Consolidation': 0, 'Edema': 0, 'Enlarged Cardiomediastinum': 0, 'Fracture': 0, 'Lung Lesion': 0, 'Lung Opacity': 0, 'No Finding': 1, 'Pleural Effusion': 0, 'Pleural Other': 0, 'Pneumonia': 0, 'Pneumothorax': 0, 'Support Devices': 0}"
"/home/michel/data/Text2Image/mimicxr_train_100/_val_e46_generate_text_top0.85r,edit/No acute cardiopulmonary process. Unremarkable chest radiographic examination/rank_0_000000_fr0.0_cr1.0649orig.jpg","{'Atelectasis': 0, 'Cardiomegaly': 0, 'Consolidation': 0, 'Edema': 0, 'Enlarged Cardiomediastinum': 0, 'Fracture': 0, 'Lung Lesion': 0, 'Lung Opacity': 0, 'No Finding': 1, 'Pleural Effusion': 0, 'Pleural Other': 0, 'Pneumonia': 0, 'Pneumothorax': 0, 'Support Devices': 0}"
"/home/michel/data/Text2Image/mimicxr_train_100/_val_e46_generate_text_top0.85r,edit/No acute cardiopulmonary process. Unremarkable chest radiographic examination/rank_0_000000_fr0.0_cr1.0650orig.jpg","{'Atelectasis': 0, 'Cardiomegaly': 0, 'Consolidation': 0, 'Edema': 0, 'Enlarged Cardiomediastinum': 0, 'Fracture': 0, 'Lung Lesion': 0, 'Lung Opacity': 0, 'No Finding': 1, 'Pleural Effusion': 0, 'Pleural Other': 0, 'Pneumonia': 0, 'Pneumothorax': 0, 'Support Devices': 0}"
"/home/michel/data/Text2Image/mimicxr_train_100/_val_e46_generate_text_top0.85r,edit/No acute cardiopulmonary process. Unremarkable chest radiographic examination/rank_0_000000_fr0.0_cr1.0651orig.jpg","{'Atelectasis': 0, 'Cardiomegaly': 0, 'Consolidation': 0, 'Edema': 0, 'Enlarged Cardiomediastinum': 0, 'Fracture': 0, 'Lung Lesion': 0, 'Lung Opacity': 0, 'No Finding': 1, 'Pleural Effusion': 0, 'Pleural Other': 0, 'Pneumonia': 0, 'Pneumothorax': 0, 'Support Devices': 0}"
"/home/michel/data/Text2Image/mimicxr_train_100/_val_e46_generate_text_top0.85r,edit/No acute cardiopulmonary process. Unremarkable chest radiographic examination/rank_0_000000_fr0.0_cr1.0652orig.jpg","{'Atelectasis': 0, 'Cardiomegaly': 0, 'Consolidation': 0, 'Edema': 0, 'Enlarged Cardiomediastinum': 0, 'Fracture': 0, 'Lung Lesion': 0, 'Lung Opacity': 0, 'No Finding': 1, 'Pleural Effusion': 0, 'Pleural Other': 0, 'Pneumonia': 0, 'Pneumothorax': 0, 'Support Devices': 1}"
"/home/michel/data/Text2Image/mimicxr_train_100/_val_e46_generate_text_top0.85r,edit/No acute cardiopulmonary process. Unremarkable chest radiographic examination/rank_0_000000_fr0.0_cr1.0653orig.jpg","{'Atelectasis': 0, 'Cardiomegaly': 0, 'Consolidation': 0, 'Edema': 0, 'Enlarged Cardiomediastinum': 0, 'Fracture': 0, 'Lung Lesion': 0, 'Lung Opacity': 0, 'No Finding': 1, 'Pleural Effusion': 0, 'Pleural Other': 0, 'Pneumonia': 0, 'Pneumothorax': 0, 'Support Devices': 1}"
"/home/michel/data/Text2Image/mimicxr_train_100/_val_e46_generate_text_top0.85r,edit/No acute cardiopulmonary process. Unremarkable chest radiographic examination/rank_0_000000_fr0.0_cr1.0654orig.jpg","{'Atelectasis': 0, 'Cardiomegaly': 0, 'Consolidation': 0, 'Edema': 0, 'Enlarged Cardiomediastinum': 0, 'Fracture': 0, 'Lung Lesion': 0, 'Lung Opacity': 0, 'No Finding': 1, 'Pleural Effusion': 0, 'Pleural Other': 0, 'Pneumonia': 0, 'Pneumothorax': 0, 'Support Devices': 0}"
"/home/michel/data/Text2Image/mimicxr_train_100/_val_e46_generate_text_top0.85r,edit/No acute cardiopulmonary process. Unremarkable chest radiographic examination/rank_0_000000_fr0.0_cr1.0655orig.jpg","{'Atelectasis': 0, 'Cardiomegaly': 0, 'Consolidation': 0, 'Edema': 0, 'Enlarged Cardiomediastinum': 0, 'Fracture': 0, 'Lung Lesion': 0, 'Lung Opacity': 0, 'No Finding': 1, 'Pleural Effusion': 0, 'Pleural Other': 0, 'Pneumonia': 0, 'Pneumothorax': 0, 'Support Devices': 1}"
"/home/michel/data/Text2Image/mimicxr_train_100/_val_e46_generate_text_top0.85r,edit/No acute cardiopulmonary process. Unremarkable chest radiographic examination/rank_0_000000_fr0.0_cr1.0656orig.jpg","{'Atelectasis': 0, 'Cardiomegaly': 0, 'Consolidation': 0, 'Edema': 0, 'Enlarged Cardiomediastinum': 0, 'Fracture': 0, 'Lung Lesion': 0, 'Lung Opacity': 0, 'No Finding': 1, 'Pleural Effusion': 0, 'Pleural Other': 0, 'Pneumonia': 0, 'Pneumothorax': 0, 'Support Devices': 0}"
"/home/michel/data/Text2Image/mimicxr_train_100/_val_e46_generate_text_top0.85r,edit/No acute cardiopulmonary process. Unremarkable chest radiographic examination/rank_0_000000_fr0.0_cr1.0657orig.jpg","{'Atelectasis': 0, 'Cardiomegaly': 0, 'Consolidation': 0, 'Edema': 0, 'Enlarged Cardiomediastinum': 0, 'Fracture': 0, 'Lung Lesion': 0, 'Lung Opacity': 0, 'No Finding': 1, 'Pleural Effusion': 0, 'Pleural Other': 0, 'Pneumonia': 0, 'Pneumothorax': 0, 'Support Devices': 0}"
"/home/michel/data/Text2Image/mimicxr_train_100/_val_e46_generate_text_top0.85r,edit/No acute cardiopulmonary process. Unremarkable chest radiographic examination/rank_0_000000_fr0.0_cr1.0658orig.jpg","{'Atelectasis': 0, 'Cardiomegaly': 0, 'Consolidation': 0, 'Edema': 0, 'Enlarged Cardiomediastinum': 0, 'Fracture': 0, 'Lung Lesion': 0, 'Lung Opacity': 0, 'No Finding': 1, 'Pleural Effusion': 0, 'Pleural Other': 0, 'Pneumonia': 0, 'Pneumothorax': 0, 'Support Devices': 0}"
"/home/michel/data/Text2Image/mimicxr_train_100/_val_e46_generate_text_top0.85r,edit/No acute cardiopulmonary process. Unremarkable chest radiographic examination/rank_0_000000_fr0.0_cr1.0659orig.jpg","{'Atelectasis': 0, 'Cardiomegaly': 0, 'Consolidation': 0, 'Edema': 0, 'Enlarged Cardiomediastinum': 0, 'Fracture': 0, 'Lung Lesion': 0, 'Lung Opacity': 0, 'No Finding': 1, 'Pleural Effusion': 0, 'Pleural Other': 0, 'Pneumonia': 0, 'Pneumothorax': 0, 'Support Devices': 1}"
"/home/michel/data/Text2Image/mimicxr_train_100/_val_e46_generate_text_top0.85r,edit/No acute cardiopulmonary process. Unremarkable chest radiographic examination/rank_0_000000_fr0.0_cr1.0660orig.jpg","{'Atelectasis': 0, 'Cardiomegaly': 0, 'Consolidation': 0, 'Edema': 0, 'Enlarged Cardiomediastinum': 0, 'Fracture': 0, 'Lung Lesion': 0, 'Lung Opacity': 0, 'No Finding': 1, 'Pleural Effusion': 0, 'Pleural Other': 0, 'Pneumonia': 0, 'Pneumothorax': 0, 'Support Devices': 1}"
"/home/michel/data/Text2Image/mimicxr_train_100/_val_e46_generate_text_top0.85r,edit/No acute cardiopulmonary process. Unremarkable chest radiographic examination/rank_0_000000_fr0.0_cr1.0661orig.jpg","{'Atelectasis': 0, 'Cardiomegaly': 0, 'Consolidation': 0, 'Edema': 0, 'Enlarged Cardiomediastinum': 0, 'Fracture': 0, 'Lung Lesion': 0, 'Lung Opacity': 0, 'No Finding': 1, 'Pleural Effusion': 0, 'Pleural Other': 0, 'Pneumonia': 0, 'Pneumothorax': 0, 'Support Devices': 0}"
"/home/michel/data/Text2Image/mimicxr_train_100/_val_e46_generate_text_top0.85r,edit/No acute cardiopulmonary process. Unremarkable chest radiographic examination/rank_0_000000_fr0.0_cr1.0662orig.jpg","{'Atelectasis': 0, 'Cardiomegaly': 0, 'Consolidation': 0, 'Edema': 0, 'Enlarged Cardiomediastinum': 0, 'Fracture': 0, 'Lung Lesion': 0, 'Lung Opacity': 0, 'No Finding': 1, 'Pleural Effusion': 0, 'Pleural Other': 0, 'Pneumonia': 0, 'Pneumothorax': 0, 'Support Devices': 1}"
"/home/michel/data/Text2Image/mimicxr_train_100/_val_e46_generate_text_top0.85r,edit/No acute cardiopulmonary process. Unremarkable chest radiographic examination/rank_0_000000_fr0.0_cr1.0663orig.jpg","{'Atelectasis': 0, 'Cardiomegaly': 0, 'Consolidation': 0, 'Edema': 0, 'Enlarged Cardiomediastinum': 0, 'Fracture': 0, 'Lung Lesion': 0, 'Lung Opacity': 0, 'No Finding': 1, 'Pleural Effusion': 0, 'Pleural Other': 0, 'Pneumonia': 0, 'Pneumothorax': 0, 'Support Devices': 1}"
"/home/michel/data/Text2Image/mimicxr_train_100/_val_e46_generate_text_top0.85r,edit/No acute cardiopulmonary process. Unremarkable chest radiographic examination/rank_0_000000_fr0.0_cr1.0664orig.jpg","{'Atelectasis': 0, 'Cardiomegaly': 0, 'Consolidation': 0, 'Edema': 0, 'Enlarged Cardiomediastinum': 0, 'Fracture': 0, 'Lung Lesion': 0, 'Lung Opacity': 0, 'No Finding': 1, 'Pleural Effusion': 0, 'Pleural Other': 0, 'Pneumonia': 0, 'Pneumothorax': 0, 'Support Devices': 0}"
"/home/michel/data/Text2Image/mimicxr_train_100/_val_e46_generate_text_top0.85r,edit/No acute cardiopulmonary process. Unremarkable chest radiographic examination/rank_0_000000_fr0.0_cr1.0665orig.jpg","{'Atelectasis': 0, 'Cardiomegaly': 0, 'Consolidation': 0, 'Edema': 0, 'Enlarged Cardiomediastinum': 0, 'Fracture': 0, 'Lung Lesion': 0, 'Lung Opacity': 0, 'No Finding': 1, 'Pleural Effusion': 0, 'Pleural Other': 0, 'Pneumonia': 0, 'Pneumothorax': 0, 'Support Devices': 0}"
"/home/michel/data/Text2Image/mimicxr_train_100/_val_e46_generate_text_top0.85r,edit/No acute cardiopulmonary process. Unremarkable chest radiographic examination/rank_0_000000_fr0.0_cr1.0666orig.jpg","{'Atelectasis': 0, 'Cardiomegaly': 0, 'Consolidation': 0, 'Edema': 0, 'Enlarged Cardiomediastinum': 0, 'Fracture': 0, 'Lung Lesion': 0, 'Lung Opacity': 0, 'No Finding': 1, 'Pleural Effusion': 0, 'Pleural Other': 0, 'Pneumonia': 0, 'Pneumothorax': 0, 'Support Devices': 0}"
"/home/michel/data/Text2Image/mimicxr_train_100/_val_e46_generate_text_top0.85r,edit/No acute cardiopulmonary process. Unremarkable chest radiographic examination/rank_0_000000_fr0.0_cr1.0667orig.jpg","{'Atelectasis': 0, 'Cardiomegaly': 0, 'Consolidation': 0, 'Edema': 0, 'Enlarged Cardiomediastinum': 0, 'Fracture': 0, 'Lung Lesion': 0, 'Lung Opacity': 0, 'No Finding': 1, 'Pleural Effusion': 0, 'Pleural Other': 0, 'Pneumonia': 0, 'Pneumothorax': 0, 'Support Devices': 0}"
"/home/michel/data/Text2Image/mimicxr_train_100/_val_e46_generate_text_top0.85r,edit/No acute cardiopulmonary process. Unremarkable chest radiographic examination/rank_0_000000_fr0.0_cr1.0668orig.jpg","{'Atelectasis': 0, 'Cardiomegaly': 0, 'Consolidation': 0, 'Edema': 0, 'Enlarged Cardiomediastinum': 0, 'Fracture': 0, 'Lung Lesion': 0, 'Lung Opacity': 0, 'No Finding': 1, 'Pleural Effusion': 0, 'Pleural Other': 0, 'Pneumonia': 0, 'Pneumothorax': 0, 'Support Devices': 0}"
"/home/michel/data/Text2Image/mimicxr_train_100/_val_e46_generate_text_top0.85r,edit/No acute cardiopulmonary process. Unremarkable chest radiographic examination/rank_0_000000_fr0.0_cr1.0669orig.jpg","{'Atelectasis': 0, 'Cardiomegaly': 0, 'Consolidation': 0, 'Edema': 0, 'Enlarged Cardiomediastinum': 0, 'Fracture': 0, 'Lung Lesion': 0, 'Lung Opacity': 0, 'No Finding': 1, 'Pleural Effusion': 0, 'Pleural Other': 0, 'Pneumonia': 0, 'Pneumothorax': 0, 'Support Devices': 0}"
"/home/michel/data/Text2Image/mimicxr_train_100/_val_e46_generate_text_top0.85r,edit/No acute cardiopulmonary process. Unremarkable chest radiographic examination/rank_0_000000_fr0.0_cr1.0670orig.jpg","{'Atelectasis': 0, 'Cardiomegaly': 0, 'Consolidation': 0, 'Edema': 0, 'Enlarged Cardiomediastinum': 0, 'Fracture': 0, 'Lung Lesion': 0, 'Lung Opacity': 0, 'No Finding': 1, 'Pleural Effusion': 0, 'Pleural Other': 0, 'Pneumonia': 0, 'Pneumothorax': 0, 'Support Devices': 0}"
"/home/michel/data/Text2Image/mimicxr_train_100/_val_e46_generate_text_top0.85r,edit/No acute cardiopulmonary process. Unremarkable chest radiographic examination/rank_0_000000_fr0.0_cr1.0671orig.jpg","{'Atelectasis': 0, 'Cardiomegaly': 0, 'Consolidation': 0, 'Edema': 0, 'Enlarged Cardiomediastinum': 0, 'Fracture': 0, 'Lung Lesion': 0, 'Lung Opacity': 0, 'No Finding': 1, 'Pleural Effusion': 0, 'Pleural Other': 0, 'Pneumonia': 0, 'Pneumothorax': 0, 'Support Devices': 0}"
"/home/michel/data/Text2Image/mimicxr_train_100/_val_e46_generate_text_top0.85r,edit/No acute cardiopulmonary process. Unremarkable chest radiographic examination/rank_0_000000_fr0.0_cr1.0672orig.jpg","{'Atelectasis': 0, 'Cardiomegaly': 0, 'Consolidation': 0, 'Edema': 0, 'Enlarged Cardiomediastinum': 0, 'Fracture': 0, 'Lung Lesion': 0, 'Lung Opacity': 0, 'No Finding': 1, 'Pleural Effusion': 0, 'Pleural Other': 0, 'Pneumonia': 0, 'Pneumothorax': 0, 'Support Devices': 0}"
"/home/michel/data/Text2Image/mimicxr_train_100/_val_e46_generate_text_top0.85r,edit/No acute cardiopulmonary process. Unremarkable chest radiographic examination/rank_0_000000_fr0.0_cr1.0673orig.jpg","{'Atelectasis': 0, 'Cardiomegaly': 0, 'Consolidation': 0, 'Edema': 0, 'Enlarged Cardiomediastinum': 0, 'Fracture': 0, 'Lung Lesion': 0, 'Lung Opacity': 0, 'No Finding': 1, 'Pleural Effusion': 0, 'Pleural Other': 0, 'Pneumonia': 0, 'Pneumothorax': 0, 'Support Devices': 0}"
"/home/michel/data/Text2Image/mimicxr_train_100/_val_e46_generate_text_top0.85r,edit/No acute cardiopulmonary process. Unremarkable chest radiographic examination/rank_0_000000_fr0.0_cr1.0674orig.jpg","{'Atelectasis': 0, 'Cardiomegaly': 0, 'Consolidation': 0, 'Edema': 0, 'Enlarged Cardiomediastinum': 0, 'Fracture': 0, 'Lung Lesion': 0, 'Lung Opacity': 0, 'No Finding': 1, 'Pleural Effusion': 0, 'Pleural Other': 0, 'Pneumonia': 0, 'Pneumothorax': 0, 'Support Devices': 0}"
"/home/michel/data/Text2Image/mimicxr_train_100/_val_e46_generate_text_top0.85r,edit/No acute cardiopulmonary process. Unremarkable chest radiographic examination/rank_0_000000_fr0.0_cr1.0675orig.jpg","{'Atelectasis': 0, 'Cardiomegaly': 0, 'Consolidation': 0, 'Edema': 0, 'Enlarged Cardiomediastinum': 0, 'Fracture': 0, 'Lung Lesion': 0, 'Lung Opacity': 0, 'No Finding': 1, 'Pleural Effusion': 0, 'Pleural Other': 0, 'Pneumonia': 0, 'Pneumothorax': 0, 'Support Devices': 0}"
"/home/michel/data/Text2Image/mimicxr_train_100/_val_e46_generate_text_top0.85r,edit/No acute cardiopulmonary process. Unremarkable chest radiographic examination/rank_0_000000_fr0.0_cr1.0676orig.jpg","{'Atelectasis': 0, 'Cardiomegaly': 0, 'Consolidation': 0, 'Edema': 0, 'Enlarged Cardiomediastinum': 0, 'Fracture': 0, 'Lung Lesion': 0, 'Lung Opacity': 0, 'No Finding': 1, 'Pleural Effusion': 0, 'Pleural Other': 0, 'Pneumonia': 0, 'Pneumothorax': 0, 'Support Devices': 0}"
"/home/michel/data/Text2Image/mimicxr_train_100/_val_e46_generate_text_top0.85r,edit/No acute cardiopulmonary process. Unremarkable chest radiographic examination/rank_0_000000_fr0.0_cr1.0677orig.jpg","{'Atelectasis': 0, 'Cardiomegaly': 0, 'Consolidation': 0, 'Edema': 0, 'Enlarged Cardiomediastinum': 0, 'Fracture': 0, 'Lung Lesion': 0, 'Lung Opacity': 0, 'No Finding': 1, 'Pleural Effusion': 0, 'Pleural Other': 0, 'Pneumonia': 0, 'Pneumothorax': 0, 'Support Devices': 0}"
"/home/michel/data/Text2Image/mimicxr_train_100/_val_e46_generate_text_top0.85r,edit/No acute cardiopulmonary process. Unremarkable chest radiographic examination/rank_0_000000_fr0.0_cr1.0678orig.jpg","{'Atelectasis': 0, 'Cardiomegaly': 0, 'Consolidation': 0, 'Edema': 0, 'Enlarged Cardiomediastinum': 0, 'Fracture': 0, 'Lung Lesion': 0, 'Lung Opacity': 0, 'No Finding': 1, 'Pleural Effusion': 0, 'Pleural Other': 0, 'Pneumonia': 0, 'Pneumothorax': 0, 'Support Devices': 0}"
"/home/michel/data/Text2Image/mimicxr_train_100/_val_e46_generate_text_top0.85r,edit/No acute cardiopulmonary process. Unremarkable chest radiographic examination/rank_0_000000_fr0.0_cr1.0679orig.jpg","{'Atelectasis': 0, 'Cardiomegaly': 0, 'Consolidation': 0, 'Edema': 0, 'Enlarged Cardiomediastinum': 0, 'Fracture': 0, 'Lung Lesion': 0, 'Lung Opacity': 0, 'No Finding': 1, 'Pleural Effusion': 0, 'Pleural Other': 0, 'Pneumonia': 0, 'Pneumothorax': 0, 'Support Devices': 0}"
"/home/michel/data/Text2Image/mimicxr_train_100/_val_e46_generate_text_top0.85r,edit/No acute cardiopulmonary process. Unremarkable chest radiographic examination/rank_0_000000_fr0.0_cr1.0680orig.jpg","{'Atelectasis': 0, 'Cardiomegaly': 0, 'Consolidation': 0, 'Edema': 0, 'Enlarged Cardiomediastinum': 0, 'Fracture': 0, 'Lung Lesion': 0, 'Lung Opacity': 0, 'No Finding': 1, 'Pleural Effusion': 0, 'Pleural Other': 0, 'Pneumonia': 0, 'Pneumothorax': 0, 'Support Devices': 1}"
"/home/michel/data/Text2Image/mimicxr_train_100/_val_e46_generate_text_top0.85r,edit/No acute cardiopulmonary process. Unremarkable chest radiographic examination/rank_0_000000_fr0.0_cr1.0681orig.jpg","{'Atelectasis': 0, 'Cardiomegaly': 0, 'Consolidation': 0, 'Edema': 0, 'Enlarged Cardiomediastinum': 0, 'Fracture': 0, 'Lung Lesion': 0, 'Lung Opacity': 0, 'No Finding': 1, 'Pleural Effusion': 0, 'Pleural Other': 0, 'Pneumonia': 0, 'Pneumothorax': 0, 'Support Devices': 0}"
"/home/michel/data/Text2Image/mimicxr_train_100/_val_e46_generate_text_top0.85r,edit/No acute cardiopulmonary process. Unremarkable chest radiographic examination/rank_0_000000_fr0.0_cr1.0682orig.jpg","{'Atelectasis': 0, 'Cardiomegaly': 0, 'Consolidation': 0, 'Edema': 0, 'Enlarged Cardiomediastinum': 0, 'Fracture': 0, 'Lung Lesion': 0, 'Lung Opacity': 0, 'No Finding': 1, 'Pleural Effusion': 0, 'Pleural Other': 0, 'Pneumonia': 0, 'Pneumothorax': 0, 'Support Devices': 0}"
"/home/michel/data/Text2Image/mimicxr_train_100/_val_e46_generate_text_top0.85r,edit/No acute cardiopulmonary process. Unremarkable chest radiographic examination/rank_0_000000_fr0.0_cr1.0683orig.jpg","{'Atelectasis': 0, 'Cardiomegaly': 0, 'Consolidation': 0, 'Edema': 0, 'Enlarged Cardiomediastinum': 0, 'Fracture': 0, 'Lung Lesion': 0, 'Lung Opacity': 0, 'No Finding': 1, 'Pleural Effusion': 0, 'Pleural Other': 0, 'Pneumonia': 0, 'Pneumothorax': 0, 'Support Devices': 0}"
"/home/michel/data/Text2Image/mimicxr_train_100/_val_e46_generate_text_top0.85r,edit/No acute cardiopulmonary process. Unremarkable chest radiographic examination/rank_0_000000_fr0.0_cr1.0684orig.jpg","{'Atelectasis': 0, 'Cardiomegaly': 0, 'Consolidation': 0, 'Edema': 0, 'Enlarged Cardiomediastinum': 0, 'Fracture': 0, 'Lung Lesion': 0, 'Lung Opacity': 0, 'No Finding': 1, 'Pleural Effusion': 0, 'Pleural Other': 0, 'Pneumonia': 0, 'Pneumothorax': 0, 'Support Devices': 0}"
"/home/michel/data/Text2Image/mimicxr_train_100/_val_e46_generate_text_top0.85r,edit/No acute cardiopulmonary process. Unremarkable chest radiographic examination/rank_0_000000_fr0.0_cr1.0685orig.jpg","{'Atelectasis': 0, 'Cardiomegaly': 0, 'Consolidation': 0, 'Edema': 0, 'Enlarged Cardiomediastinum': 0, 'Fracture': 0, 'Lung Lesion': 0, 'Lung Opacity': 0, 'No Finding': 1, 'Pleural Effusion': 0, 'Pleural Other': 0, 'Pneumonia': 0, 'Pneumothorax': 0, 'Support Devices': 0}"
"/home/michel/data/Text2Image/mimicxr_train_100/_val_e46_generate_text_top0.85r,edit/No acute cardiopulmonary process. Unremarkable chest radiographic examination/rank_0_000000_fr0.0_cr1.0686orig.jpg","{'Atelectasis': 0, 'Cardiomegaly': 0, 'Consolidation': 0, 'Edema': 0, 'Enlarged Cardiomediastinum': 0, 'Fracture': 0, 'Lung Lesion': 0, 'Lung Opacity': 0, 'No Finding': 1, 'Pleural Effusion': 0, 'Pleural Other': 0, 'Pneumonia': 0, 'Pneumothorax': 0, 'Support Devices': 0}"
"/home/michel/data/Text2Image/mimicxr_train_100/_val_e46_generate_text_top0.85r,edit/No acute cardiopulmonary process. Unremarkable chest radiographic examination/rank_0_000000_fr0.0_cr1.0687orig.jpg","{'Atelectasis': 0, 'Cardiomegaly': 0, 'Consolidation': 0, 'Edema': 0, 'Enlarged Cardiomediastinum': 0, 'Fracture': 0, 'Lung Lesion': 0, 'Lung Opacity': 0, 'No Finding': 1, 'Pleural Effusion': 0, 'Pleural Other': 0, 'Pneumonia': 0, 'Pneumothorax': 0, 'Support Devices': 0}"
"/home/michel/data/Text2Image/mimicxr_train_100/_val_e46_generate_text_top0.85r,edit/No acute cardiopulmonary process. Unremarkable chest radiographic examination/rank_0_000000_fr0.0_cr1.0688orig.jpg","{'Atelectasis': 0, 'Cardiomegaly': 0, 'Consolidation': 0, 'Edema': 0, 'Enlarged Cardiomediastinum': 0, 'Fracture': 0, 'Lung Lesion': 0, 'Lung Opacity': 0, 'No Finding': 1, 'Pleural Effusion': 0, 'Pleural Other': 0, 'Pneumonia': 0, 'Pneumothorax': 0, 'Support Devices': 0}"
"/home/michel/data/Text2Image/mimicxr_train_100/_val_e46_generate_text_top0.85r,edit/No acute cardiopulmonary process. Unremarkable chest radiographic examination/rank_0_000000_fr0.0_cr1.0689orig.jpg","{'Atelectasis': 0, 'Cardiomegaly': 0, 'Consolidation': 0, 'Edema': 0, 'Enlarged Cardiomediastinum': 0, 'Fracture': 0, 'Lung Lesion': 0, 'Lung Opacity': 0, 'No Finding': 1, 'Pleural Effusion': 0, 'Pleural Other': 0, 'Pneumonia': 0, 'Pneumothorax': 0, 'Support Devices': 0}"
"/home/michel/data/Text2Image/mimicxr_train_100/_val_e46_generate_text_top0.85r,edit/No acute cardiopulmonary process. Unremarkable chest radiographic examination/rank_0_000000_fr0.0_cr1.0690orig.jpg","{'Atelectasis': 0, 'Cardiomegaly': 0, 'Consolidation': 0, 'Edema': 0, 'Enlarged Cardiomediastinum': 0, 'Fracture': 0, 'Lung Lesion': 0, 'Lung Opacity': 0, 'No Finding': 1, 'Pleural Effusion': 0, 'Pleural Other': 0, 'Pneumonia': 0, 'Pneumothorax': 0, 'Support Devices': 0}"
"/home/michel/data/Text2Image/mimicxr_train_100/_val_e46_generate_text_top0.85r,edit/No acute cardiopulmonary process. Unremarkable chest radiographic examination/rank_0_000000_fr0.0_cr1.0691orig.jpg","{'Atelectasis': 0, 'Cardiomegaly': 0, 'Consolidation': 0, 'Edema': 0, 'Enlarged Cardiomediastinum': 0, 'Fracture': 0, 'Lung Lesion': 0, 'Lung Opacity': 0, 'No Finding': 1, 'Pleural Effusion': 0, 'Pleural Other': 0, 'Pneumonia': 0, 'Pneumothorax': 0, 'Support Devices': 0}"
"/home/michel/data/Text2Image/mimicxr_train_100/_val_e46_generate_text_top0.85r,edit/No acute cardiopulmonary process. Unremarkable chest radiographic examination/rank_0_000000_fr0.0_cr1.0692orig.jpg","{'Atelectasis': 0, 'Cardiomegaly': 0, 'Consolidation': 0, 'Edema': 0, 'Enlarged Cardiomediastinum': 0, 'Fracture': 0, 'Lung Lesion': 0, 'Lung Opacity': 0, 'No Finding': 1, 'Pleural Effusion': 0, 'Pleural Other': 0, 'Pneumonia': 0, 'Pneumothorax': 0, 'Support Devices': 1}"
"/home/michel/data/Text2Image/mimicxr_train_100/_val_e46_generate_text_top0.85r,edit/No acute cardiopulmonary process. Unremarkable chest radiographic examination/rank_0_000000_fr0.0_cr1.0693orig.jpg","{'Atelectasis': 0, 'Cardiomegaly': 0, 'Consolidation': 0, 'Edema': 0, 'Enlarged Cardiomediastinum': 0, 'Fracture': 0, 'Lung Lesion': 0, 'Lung Opacity': 0, 'No Finding': 1, 'Pleural Effusion': 0, 'Pleural Other': 0, 'Pneumonia': 0, 'Pneumothorax': 0, 'Support Devices': 0}"
"/home/michel/data/Text2Image/mimicxr_train_100/_val_e46_generate_text_top0.85r,edit/No acute cardiopulmonary process. Unremarkable chest radiographic examination/rank_0_000000_fr0.0_cr1.0694orig.jpg","{'Atelectasis': 0, 'Cardiomegaly': 0, 'Consolidation': 0, 'Edema': 0, 'Enlarged Cardiomediastinum': 0, 'Fracture': 0, 'Lung Lesion': 0, 'Lung Opacity': 0, 'No Finding': 1, 'Pleural Effusion': 0, 'Pleural Other': 0, 'Pneumonia': 0, 'Pneumothorax': 0, 'Support Devices': 0}"
"/home/michel/data/Text2Image/mimicxr_train_100/_val_e46_generate_text_top0.85r,edit/No acute cardiopulmonary process. Unremarkable chest radiographic examination/rank_0_000000_fr0.0_cr1.0695orig.jpg","{'Atelectasis': 0, 'Cardiomegaly': 0, 'Consolidation': 0, 'Edema': 0, 'Enlarged Cardiomediastinum': 0, 'Fracture': 0, 'Lung Lesion': 0, 'Lung Opacity': 0, 'No Finding': 1, 'Pleural Effusion': 0, 'Pleural Other': 0, 'Pneumonia': 0, 'Pneumothorax': 0, 'Support Devices': 0}"
"/home/michel/data/Text2Image/mimicxr_train_100/_val_e46_generate_text_top0.85r,edit/No acute cardiopulmonary process. Unremarkable chest radiographic examination/rank_0_000000_fr0.0_cr1.0696orig.jpg","{'Atelectasis': 0, 'Cardiomegaly': 0, 'Consolidation': 0, 'Edema': 0, 'Enlarged Cardiomediastinum': 0, 'Fracture': 0, 'Lung Lesion': 0, 'Lung Opacity': 0, 'No Finding': 1, 'Pleural Effusion': 0, 'Pleural Other': 0, 'Pneumonia': 0, 'Pneumothorax': 0, 'Support Devices': 0}"
"/home/michel/data/Text2Image/mimicxr_train_100/_val_e46_generate_text_top0.85r,edit/No acute cardiopulmonary process. Unremarkable chest radiographic examination/rank_0_000000_fr0.0_cr1.0697orig.jpg","{'Atelectasis': 0, 'Cardiomegaly': 0, 'Consolidation': 0, 'Edema': 0, 'Enlarged Cardiomediastinum': 0, 'Fracture': 0, 'Lung Lesion': 0, 'Lung Opacity': 0, 'No Finding': 1, 'Pleural Effusion': 0, 'Pleural Other': 0, 'Pneumonia': 0, 'Pneumothorax': 0, 'Support Devices': 0}"
"/home/michel/data/Text2Image/mimicxr_train_100/_val_e46_generate_text_top0.85r,edit/No acute cardiopulmonary process. Unremarkable chest radiographic examination/rank_0_000000_fr0.0_cr1.0698orig.jpg","{'Atelectasis': 0, 'Cardiomegaly': 0, 'Consolidation': 0, 'Edema': 0, 'Enlarged Cardiomediastinum': 0, 'Fracture': 0, 'Lung Lesion': 0, 'Lung Opacity': 0, 'No Finding': 1, 'Pleural Effusion': 0, 'Pleural Other': 0, 'Pneumonia': 0, 'Pneumothorax': 0, 'Support Devices': 0}"
"/home/michel/data/Text2Image/mimicxr_train_100/_val_e46_generate_text_top0.85r,edit/No acute cardiopulmonary process. Unremarkable chest radiographic examination/rank_0_000000_fr0.0_cr1.0699orig.jpg","{'Atelectasis': 0, 'Cardiomegaly': 0, 'Consolidation': 0, 'Edema': 0, 'Enlarged Cardiomediastinum': 0, 'Fracture': 0, 'Lung Lesion': 0, 'Lung Opacity': 0, 'No Finding': 1, 'Pleural Effusion': 0, 'Pleural Other': 0, 'Pneumonia': 0, 'Pneumothorax': 0, 'Support Devices': 0}"
